ID/EAN,NOMBRE,MARCA,PRESENTACION,ID_CATEGORIA
"7791813888413","Gaseosa Pepsi Vintage Botella 1.5 l","Pepsi","1.5 l",""
"7791337007956","Bebida a Base de Almendras Silk Sabor Chocolate 1 lt.","Silk","1 lt",""
"7791337007932","Leche de Almendras Silk de Coco Sin Azúcar Tetra 1 lt.","Silk","1 lt",""
"7791337007925","Leche de Almendras Silk de Coco Tetra 1 lt.","Silk","1 lt",""
"7791337007949","Leche de Almendras Silk de Vainilla Tetra 1 lt.","Silk","1 lt",""
"7791337007901","Leche de Almendras Silk Endulzada Tetra 1 lt.","Silk","1 lt",""
"7791337007918","Leche de Almendras Silk Sin Azúcar Tetra 1 lt.","Silk","1 lt",""
"7791337008052","Yogur Bebible Deslactosado La Serenísima Sabor Frutilla en Sachet 900 g.","La Serenisima","900 g",""
"7791337008069","Yogur Bebible Deslactosado La Serenísima Sabor Vainilla en Sachet 900 g.","La Serenisima","900 g",""
"7791337010475","Sachet Yogur Descremado Frutilla la Serenísima Nutrición Activa 900 Grs","La Serenisima","900 Grs",""
"7791337010468","Sachet Yogur Descremado Sabor Vainilla la Serenísima Nutrición Activa 900 Grs","La Serenisima","900 Grs",""
"7791337008380","Yogur Bebible Descremado La Serenísima Sabor Frutilla en Sachet 900 cc.","La Serenisima","900 cc",""
"7791337008366","Yogur Bebible Descremado La Serenísima Sabor Vainilla en Sachet 900 cc.","La Serenisima","900 cc",""
"7791337008342","Yogur Bebible Entero La Serenísima Sabor Durazno en Sachet 900 g.","La Serenisima","900 g",""
"7791337008335","Yogur Bebible Entero La Serenísima Sabor Frutilla en Sachet 900 g.","La Serenisima","900 g",""
"7791337008311","Yogur Bebible Entero La Serenísima Sabor Vainilla en Sachet 900 g.","La Serenisima","900 g",""
"7791337010376","Yogur Bebible la Serenísima Sabor Durazno en Sachet 900 Grs","La Serenisima","900 Grs",""
"7791337010215","Yogur Bebible la Serenísima Sabor Frutilla en Sachet 900 Grs","La Serenisima","900 Grs",""
"7791337010369","Yogur Bebible la Serenísima Sabor Vainilla en Sachet 900 Grs","La Serenisima","900 Grs",""
"7791337061422","Queso Crema La Serenísima Clásica en Pote 290 g.","La Serenisima","290 g",""
"7791337061439","Queso Crema La Serenísima Light en Pote 290 g.","La Serenisima","290 g",""
"7792798013975","Cerveza Blanca Stella Artois en Lata 710 cc.","Stella Artois","710 cc",""
"7792798013982","Cerveza Blanca Stella Artois en Lata X4 710 cc.","Stella Artois","710 cc",""
"7791337061361","Queso Crema Casancrem Clásico 290 g.","Casancrem","290 g",""
"7791337061385","Queso Crema Casancrem Light 290 g.","Casancrem","290 g",""
"7791337060944","Queso Crema Light Casancrem Sin Sal en Pote 290 g.","Casancrem","290 g",""
"7791337007376","Ls Yogur Batido La Serenisima Entero Durazno 120 xg","LS","",""
"7791337007369","Ls Yogur Batido La Serenisima Entero Frutilla 120 xg","LS","",""
"7791337007437","Ls Yogur Firme La Serenisima Entero Frutilla 120 xg","LS","",""
"7791337007420","Ls Yogur Firme La Serenisima Entero Vainilla 120 xg","LS","",""
"7791337007406","Lsclasico Yogur Descremado Batido La Serenisima Clasico Frutilla 120 g","LSCLASICO","120 g",""
"7791337007413","Lsclasico Yogur Descremado Batido La Serenisima Clasico Vainilla 120 g","LSCLASICO","120 g",""
"7791337007772","Lsclasico Yogur Descremado Firme La Serenisima Clasico Frutilla 190 g","LSCLASICO","190 g",""
"7791337007765","Lsclasico Yogur Descremado Firme La Serenisima Clasico Vainilla 190 g","LSCLASICO","190 g",""
"7791337007451","Lsclasico Yogur Firme La Serenisima Clasico Frutilla 190 g","LSCLASICO","190 g",""
"7791337007444","Lsclasico Yogur Firme La Serenisima Clasico Vainilla 190 g","LSCLASICO","190 g",""
"7791337007352","Lsclasico Yogur La Serenisima Entero Batido Vainilla 120 g","LSCLASICO","120 g",""
"7791337008267","Yogur Bebible Entero Yogurisimo de Banana en Sachet 900 cc.","Yogurisimo","900 cc",""
"7791337008229","Yogur Bebible Entero Yogurisimo de Frutilla en Sachet 900 cc.","Yogurisimo","900 cc",""
"7791337008243","Yogur Bebible Entero Yogurisimo de Vainilla en Sachet 900 cc.","Yogurisimo","900 cc",""
"7791337007383","Ls Yogur Batido La Serenisima Confites Chocolate 164 g","LS","164 g",""
"7791337008236","Yogur Batido Descremado Gran Compra de Frutilla 120 g.","Gran Compra","120 g",""
"7791337008212","Yogur Batido Descremado Gran Compra de Vainilla 120 g.","Gran Compra","120 g",""
"7791337007161","Yogur Descremado Gran Compra Sabor Frutilla 120 g.","Gran Compra","120 g",""
"7791337007178","Yogur Descremado Gran Compra Sabor Vainilla 120 g.","Gran Compra","120 g",""
"7622201736033","Galletitas Cracker Cereal Cerealitas Clásicas 212 g","Cerealitas","212 g",""
"7790742665027","Bebida Lactea La Serenísima Frutilla Sachet 900 cc.","LS","900 cc",""
"7790742665010","Bebida Lactea La Serenísima Vainilla Sachet 900 cc.","LS","900 cc",""
"7790742661333","B.Lactea Cookies La Serenisima Sachet 900 ml","La Serenisima","900 ml",""
"7790742661067","B.Lactea Ddl La Serenisima Sachet 900 ml","La Serenisima","900 ml",""
"7792798007387","Cerveza Rubia Quilmes Clásica 1 L Botella Retornable (hasta 12 unidades)","Quilmes","1 L",""
"7791905003861","Jabón Líquido Para Ropa Netic 800 g.","Netic","800 g",""
"7790742363107","Leche Uat 1 la Serenisima 1 l","La Serenisima","1 l",""
"7790742363008","Leche Uat 3 la Serenisima 1 l","La Serenisima","1 l",""
"7790580146115","Puré de Tomate Arcor Brik 520 g.","Arcor","520 g",""
"7793704000911","Yerba Mate Playadito Suave X500gr","Playadito","500gr",""
"7790742872661","Bebida Lactea Sense Capuccino 200 ml","Sense","200 ml",""
"7790742172105","Leche Descremada Protein Chocolate 1 l La Serenisima","La Serenisima","1 l",""
"7790742333605","Leche Uat La Serenisima Zerolact 1 botl","La Serenisima","",""
"7791337007390","Ls Yogur Batido La Serenisima Entero Cereales 159 g","LS","159 g",""
"7790742172204","Sense Proteina Cacao La Serenisima Uat 200 ml","Sense","200 ml",""
"7791337007697","Yogur Descremado La Serenísima Con Cereales 157 g.","La Serenisima","157 g",""
"7793940054006","Manteca La Serenísima 200 gr.","La Serenisima","200 gr",""
"7790742625304","Dulce De Leche Clasico La Serenisima 400 Gr","La Serenisima","400 Gr",""
"7792798014255","Cerveza Blanca Brahma Musica en Lata 473 cc.","Brahma","473 cc",""
"7792798007493","Cerveza Brahma Chopp Rubia 1lt Retornable (hasta 12 unidades)","Brahma","1lt",""
"7792798014262","Cerveza Brahma Musica 1 lt Ret.","Brahma","1 lt",""
"7792798014279","Cerveza Brahma Musica 2023 Sixpack 473 cc","Brahma","473 cc",""
"7792798005970","Cerveza Rubia Brahma 6 x 473 cc.","Brahma","473 cc",""
"7792798005888","Cerveza Rubia Brahma Chopp 473 Ml Lata","Brahma","473 Ml",""
"7622201806552","Galletitas Oreo Golden S/Colorantes X118g","Oreo","118g",""
"7791905001393","Jabón Líquido Para Ropa Querubín Premium 800 ml.","Querubin","800 ml",""
"7795742084359","Mir Cerveza Brahma Chopp 473 xml","Mir","",""
"7790742223203","Queso Rallado La Serenisima 175 Gr","La Serenisima","175 Gr",""
"7791337009967","Yogur Griego Cereal Azucarado x 166 grs Yogurisimo","Yogurisimo","166 grs",""
"7791337010093","Yogur Griego Cereal Granola x 168 grs Yogurisimo","Yogurisimo","168 grs",""
"7791813777052","7 Up 7up Lima Limón 2.25l","7 Up","2.25l",""
"7792798014835","Cerveza Quilmes Clasica 710 cc","Quilmes","710 cc",""
"7790040872202","Galletitas De Agua Traviata 303 Gr","Traviata","303 Gr",""
"7791813434450","Gaseosa 7 Up Sin Azucar 225 .lt","7 Up","",""
"7792798014842","Mir Cerveza Quilmes Clasica 710 x 4","Mir","",""
"7791813444459","Seven Up Gaseosa 7 Up Botella 2,25 Lt.","Seven Up","2,25 Lt",""
"7792798014972","Cerveza Origen Golden x 1 Lts Retornable Andes","Andes","",""
"7792798003709","Cerveza Rubia Corona 330 cc.","Corona","330 cc",""
"7790742625205","Dulce De Leche Colonial La Serenisima 400 Gr","La Serenisima","400 Gr",""
"7790742321701","Finlandia Clasico La Serensima 180 Gr","Finlandia","180 Gr",""
"7790742324009","Queso La Serenisima Finlandia Reducido en Calorías 180 g","Finlandia","180 g",""
"7790742321800","Queso Ls Finlandia Light Pote 180gr","Finlandia","180gr",""
"7790742373205","Finlandia Clasico La Serensima 290 Gr","Finlandia","290 Gr",""
"7790742373809","Queso La Serenisima Cremon Light Pote 280gr","La Serenisima","280gr",""
"7790742373908","Queso La Serenisima Cremon Original Pote 280gr","La Serenisima","280gr",""
"7790742324108","Queso La Serenisima Finlandia Reducido en Calorías 290 g","Finlandia","290 g",""
"7790742373304","Queso Untable Finlandia 290 gr","Finlandia","290 gr",""
"7791813828464","Gaseosa Cola Black Pepsi 2 lt","Pepsi","2 lt",""
"7791813888468","Gaseosa Cola Pepsi Regular 70 K Pet 2 lts.","Pepsi","",""
"7791813422006","Gaseosa Pepsi Black Sin Azúcar 2 l","Pepsi","2 l",""
"7792798003716","Cerveza Corona 710 cc","Corona","710 cc",""
"7501064106859","Cerveza Rubia Corona 710 Ml Botella Descartable","Corona","710 Ml",""
"7790742141101","Crema de Leche La Serenísima 330 cc.","La Serenisima","330 cc",""
"7790742142009","Crema de Leche La Serenísima Zero Lactoza Tetra 200 g.","La Serenisima","200 g",""
"7622201735906","Galletitas Dulces Con Chips de Chocolate Pepitos 119 g","Pepitos","119 g",""
"7790742011701","La Serenisima Crema Uat Ls Batir 200 tetratopml","La Serenisima","",""
"7790742141705","La Serenisima Crema Uat Ls Culinaria 330 tetratopml","La Serenisima","",""
"7793940052002","Manteca La Serenísima Extra 100 g.","La Serenisima","100 g",""
"7798164602606","Salchicha Granja Iris x 6 un","Granja Iris","",""
"7798054013697","Cerveza Rubia 361 710 Ml.","361","710 Ml",""
"7790742326300","Queso Untable La Serenísima Sabor Salame en Pote 180 grs","La Serenisima","180 grs",""
"7790742326409","Sabores La Serenisima Queso Untable Sabores Fontina 180 gr La Serenísima","Sabores La Serenisima","180 gr",""
"7790742326607","Sabores La Serenisima Queso Untable Sabores Jamon 180 gr La Serenísima","Sabores La Serenisima","180 gr",""
"7790742340900","Bebida Vegetal La Serenisima Coco - 1 l","La Serenisima","1 l",""
"7790742340108","La Serenisima 100vegetal Almendra 1l","La Serenisima","1l",""
"7790742340306","La Serenisima 100vegetal Almendra Sin Azúcar 1l","La Serenisima","1l",""
"7790742223005","Queso Rallado La Serenisima 70 Gr","La Serenisima","70 Gr",""
"7790787960514","Yogur Bebible Parcialmente Descremado de Frutilla Ilolay en Sachet 900 g.","Ilolay","900 g",""
"7790742223104","Queso Rallado La Serenisima 130 Gr","La Serenisima","130 Gr",""
"7791019170305","3 Arroyos Redonditos de Chocolate Tres Arroyos 210 gr.","3 Arroyos","210 gr",""
"7791813050582","7 Up 7up Lima Limón Sin Azúcar Lata 354 Ml","7 Up","354 Ml",""
"7791813421917","7 Up Agua Saborizada Con Gas H2oh Limoneto 1.5 L","7 Up","1.5 L",""
"7791813434412","7 Up Gaseosa Lima Limón Sin Azúcar 7Up  1.5 Lts.","7 Up","",""
"7791813421580","7 Up Gaseosas 7up Sin Azúcar Lima Limón 1.5 L","7 Up","1.5 L",""
"7791813777045","7Up Gaseosa 7 Up Lima Limón 1.5 lt","7Up","1.5 lt",""
"7791813777069","7Up Gaseosa 7 Up Lima Limón 3 lt","7Up","3 lt",""
"7790060023684","Aceite De Girasol Cocinero 1.5 L","Cocinero","1.5 L",""
"7790070012050","Aceite De Girasol Cocinero 900 Ml","Cocinero","900 Ml",""
"7790070231819","Aceite de Girasol Cocinero Ecobotella 900 cc.","Cocinero","900 cc",""
"7790272001029","Aceite De Girasol Natura 1.5 L","Natura","1.5 L",""
"7790272001005","Aceite De Girasol Natura 900 Ml","Natura","900 Ml",""
"7790010002943","Aceite Para Bebé Johnsons Baby Puro 100 cc.","Johnsons Baby","100 cc",""
"7500435212601","Acond Pantene Prov Bambu 200 ml","Pantene","200 ml",""
"7500435212212","Acond Pantene Prov Brillo Extremo 200 ml","Pantene","200 ml",""
"7500435211963","Acond Pantene Prov Hidrata 200 ml","Pantene","200 ml",""
"7500435211840","Acond Pantene Prov Restauracion 200 ml","Pantene","200 ml",""
"7791293042756","Acondic Sedal Carbon Activado &Peonias 190ml","Sedal","190ml",""
"7791293050423","Acondicionador Bomba Ceramidas Suave 930 ml.","Suave","930 ml",""
"7500435147583","Acondicionador Head & Shoulders Hidratación Aceite De Coco 300 Ml","Head & Shoulders","300 Ml",""
"7500435241090","Acondicionador Pantene Con Keratina 200 cc.","Pantene","200 cc",""
"7500435229852","Acondicionador Pantene Detox 200 cc.","Pantene","200 cc",""
"7500435230001","Acondicionador Pantene Equilibrio 200 cc.","Pantene","200 cc",""
"7500435211970","Acondicionador Pantene Hidratación 400 ml","Pantene","400 ml",""
"7500435230117","Acondicionador Pantene Pro-V 400 ml","Pantene","400 ml",""
"7500435235433","Acondicionador Pantene Prov Miracles Revit 200 cc.","Pantene","200 cc",""
"7790740000356","Acondicionador Plusbelle Balance 1000 ml","Plusbelle","1000 ml",""
"7790740000479","Acondicionador Plusbelle Control Frizz Esencia 970 cc.","Plusbelle","970 cc",""
"7790740000325","Acondicionador Plusbelle Frescura 1000 ml","Plusbelle","1000 ml",""
"7790740000349","Acondicionador Plusbelle Nutricion 1000 ml","Plusbelle","1000 ml",""
"7790740000363","Acondicionador Plusbelle Protección 1000 ml","Plusbelle","1000 ml",""
"7790740000332","Acondicionador Plusbelle Suavidad 1000 ml","Plusbelle","1000 ml",""
"7791905024699","Acondicionador Polyana Manzana 900 cc.","Polyana","900 cc",""
"7791293047669","Acondicionador Sedal Bomba Argan 190 ml","Sedal","190 ml",""
"7791293042848","Acondicionador Sedal Bomba Nutrición Antifrizz 340 ml.","Sedal","340 ml",""
"7791293040202","Acondicionador Sedal Carbon 190ml","Sedal","190ml",""
"7791293040219","Acondicionador Sedal Carbon 340ml","Sedal","340ml",""
"7791293047690","Acondicionador Sedal Carbón Y Peonias 190 cc.","Sedal","190 cc",""
"7791293047706","Acondicionador Sedal Carbon Y Peonias 340 ml","Sedal","340 ml",""
"7791293045863","Acondicionador Sedal Crema Balance 190 ml","Sedal","190 ml",""
"7791293046426","Acondicionador Sedal Hialuronico Y Vitamina a 190 ml","Sedal","190 ml",""
"7791293047720","Acondicionador Sedal Jengibre Y Ricino 190 cc.","Sedal","190 cc",""
"7791293047737","Acondicionador Sedal Jengibre Y Ricino 340 ml","Sedal","340 ml",""
"7791293045870","Acondicionador Sedal Liso Perfecto 190 ml","Sedal","190 ml",""
"7791293051451","Acondicionador Sedal Luminous Uv 190 ml","Sedal","190 ml",""
"7791293049755","Acondicionador Sedal Prebioticos + Biotina 190 cc.","Sedal","190 cc",""
"7791293045924","Acondicionador Sedal Restauración Repuesto 300 cc.","Sedal","300 cc",""
"7790520993120","Acondicionadores Echo Botella 800 Ml","Echo","800 Ml",""
"7790520995667","Acondicionadores Echo Doypack 450 Cc","Echo","450 Cc",""
"7791337007819","Actimel  multifruta 100 g","Actimel","100 g",""
"7791337009394","Activia Sachet Manzana Frutilla Deslactosado","Activia","",""
"7794000005426","Aderezo Hellmanns Vegana Doypack 250 xg","Hellmann´S","",""
"7793360103025","Aderezo Ketchup Hot La Campagnola 250 gr","La Campagnola","250 gr",""
"7793360103018","Aderezo Ketchup La Campagnola 250 gr","La Campagnola","250 gr",""
"7791866000381","Aderezo Ketchup Natura 250 Gr","Natura","250 Gr",""
"7791866001203","Aderezo Mayonesa Natura 237 Gr","Natura","237 Gr",""
"7791866001364","Aderezo Mayonesa Natura 475 Gr","Natura","475 Gr",""
"7790895643712","Ades Soja + Jugo de Ananá 200 ml","Ades","200 ml",""
"7790895643750","Ades Soja + Jugo de Naranja 200 ml","Ades","200 ml",""
"7791290795792","Aerosol Desinfectante de Ambientes Y Superficies Cif Frescura Cítrica x 360 ml","Cif","360 ml",""
"7790520029522","Aerosol Glade Limited Edition Frescura Salvaje 360 ml","Glade","360 ml",""
"7792931000039","Agua Baja En Sodio Glaciar 2 L","Glaciar","2 L",""
"7792931000015","Agua Baja En Sodio Glaciar 500 Cc","Glaciar","500 Cc",""
"7790895003943","Agua Mineral Bonaqua Con Gas 500 ml","Bonaqua","500 ml",""
"7790895008146","Agua Mineral Bonaqua Sin Gas 2,5 lt","Bonaqua","2,5 lt",""
"7790895003875","Agua Mineral Bonaqua Sin Gas x 1,5 Lts","Bonaqua","",""
"7792799000059","Agua Mineral De Manantial Eco De Los Andes 1.5 L","Eco De Los Andes","1.5 L",""
"7792799000097","Agua Mineral Eco De Los Andes Sin Gas 2 L","Eco De Los Andes","2 L",""
"7792931000022","Agua Mineral Glaciar Sin Gas Bajo Sodio 1.5 L","Glaciar","1.5 L",""
"7790895651151","Agua Saborizada Aquarius de Ananá Y Jengibre 1.5 Lts","Aquarius","",""
"7790895008498","Agua Saborizada Aquarius Limonada 1,5 lt","Aquarius","1,5 lt",""
"7790895008504","Agua Saborizada Aquarius Limonada 2,25 lt","Aquarius","2,25 lt",""
"7790895640483","Agua Saborizada Aquarius Manzana 1.5 L.","Aquarius","1.5 L",""
"7790895003301","Agua Saborizada Aquarius Manzana 2,25 Lt","Aquarius","2,25 Lt",""
"7790895641237","Agua Saborizada Aquarius Naranja 1,5 lt","Aquarius","1,5 lt",""
"7790895003325","Agua Saborizada Aquarius Naranja 2,25 lt","Aquarius","2,25 lt",""
"7790895640476","Agua Saborizada Aquarius Pera 1,5 Lt","Aquarius","1,5 Lt",""
"7790895003295","Agua Saborizada Aquarius Pera 2,25 Lt","Aquarius","2,25 Lt",""
"7790895640490","Agua Saborizada Aquarius Pomelo 1,5 Lt","Aquarius","1,5 Lt",""
"7790895003288","Agua Saborizada Aquarius Pomelo 2,25 Lt","Aquarius","2,25 Lt",""
"7790895003318","Agua Saborizada de Uva Aquarius Sin Gas 2,25 Lts","Aquarius","",""
"7791813423591","Agua Saborizada H2oh! Citrus 2.25 L","H2O","2.25 L",""
"7791813421603","Agua Saborizada H2oh! Citrus x 15 .l","H2oh!","",""
"7791813423911","Agua Saborizada H2oh! Limoneto 2.25 L","H2O","2.25 L",""
"7799155000463","Agua Saborizada Levité Pera 2,25 Lts.","Levite","",""
"7791813403029","Agua Saborizada Sin Gas H2oh! de Limón 1.5 Lts.","H2oh!","",""
"7791813403036","Agua Saborizada Sin Gas H2oh! de Manzana 1.5 Lts.","H2oh!","",""
"7791813000723","Agua Saborizada Sin Gas H2oh de Naranja Pet 1.5 Lts","H2oh!","",""
"7791813403012","Agua Saborizada Sin Gas H2oh de Pomelo 1.5 Lts.","H2oh!","",""
"7799155000180","Agua Villavicencio Sin Gas 15 ,lt","Villavicencio","",""
"7799155000197","Agua Villavicencio Sin Gas 2 lt","Villavicencio","2 lt",""
"7790580131470","Aguila Aguila Baño De Reposteria 150g","Aguila","150g",""
"7790580131494","Aguila Baño De Reposteria Blanco 150g","Aguila","150g",""
"7790580133641","Aguila Baño De Reposteria Celeste 150g","Aguila","150g",""
"7790580133764","Aguila Baño De Reposteria Rosa 150g","Aguila","150g",""
"7790580131487","Aguila Baño De Reposteria S/Amargo150g","Aguila","150g",""
"7790580121891","Aguila Postre Chocotorta 637 g 11 Porciones","Aguila","637 g",""
"7790598000010","Albahaca Don Ubaldo 25 g.","Don Ubaldo","25 g",""
"7790139101015","Alcohol Etílico 70 Desinfec Bialcohol Pet 500 cc.","Bialcohol","500 cc",""
"7790040133587","Alfajor Aguila Minitorta Clasico 69 g","Aguila","69 g",""
"7790040133594","Alfajor Brownie Aguila Mini Torta 71.5 G.","Aguila","71.5 G",""
"7790040659605","Alfajor Cofler Block 60 Gr","Cofler","60 Gr",""
"77903785","Alfajor Milka Triple Mousse 55 Gr","Milka","55 Gr",""
"7790040613706","Alfajor Negro Bon O Bon 40 Gr","Bon O Bon","40 Gr",""
"7790040331303","Alfajor Tatín Blanco 33 g.","Tatín","33 g",""
"7790040405608","Alfajor Tatín Negro 60 g.","Tatín","60 g",""
"7790040405301","Alfajor Tatín Triple Blanco 60 g.","Tatín","60 g",""
"77903860","Alfajor Terrabusi Torta 70 Gr","Terrabusi","70 Gr",""
"7790940000026","Algodón Clasico Hidrofilo Doncella 140 g.","Doncella","140 g",""
"7790940003034","Algodón Doncella Hidrofilo 70 gr","Doncella","70 gr",""
"7790064000124","Algodón Estrella Clásico 140 Gr","Estrella","140 Gr",""
"7790064000131","Algodón Estrella Clásico 300 Gr","Estrella","300 Gr",""
"7790064000261","Algodón Estrella Clásico 75 Gr","Estrella","75 Gr",""
"7794000007451","Almidon de Maiz Maizena S/Tacc 200 xg","Maizena","",""
"7794000007468","Almidon de Maiz Maizena S/Tacc 500 xg","Maizena","",""
"7791120101687","Almohaditas Rellenas Molinos Ala Cacao Y Vainilla 90 g","Molinos Ala","90 g",""
"7790950133349","Amargo Terma Cero Cuyano 1.35 L","Terma","1.35 L",""
"7790950133325","Amargo Terma Cero Serrano 1.35 L","Terma","1.35 L",""
"7790950133332","Amargo Terma Cuyano 1.35 L","Terma","1.35 L",""
"7790950133271","Amargo Terma Limón 1.35 L","Terma","1.35 L",""
"7790950133257","Amargo Terma Pomelo 1.35 L","Terma","1.35 L",""
"7790950133363","Amargo Terma Pomelo Rosado 1.35 L","Terma","1.35 L",""
"7790950133318","Amargo Terma Serrano 1.35 L","Terma","1.35 L",""
"7792798014163","Andes(Cerveza) Cerveza Rubia Andes Origen 710 ml.","Andes(Cerveza)","710 ml",""
"7791293048499","Antitranspirante en Aerosol Dove Granada 150 cc.","Dove","150 cc",""
"7791293048475","Antitranspirante en Aerosol Dove Pepino Y Té Verde 150 cc.","Dove","150 cc",""
"7791293048505","Antitranspirante en Aerosol Dove Pera Y Aloe Vera 150 cc.","Dove","150 cc",""
"7791293033273","Antitranspirante en Aerosol Dove Sensitive 150 ml","Dove","150 ml",""
"7791293049533","Antitranspirante en Aerosol Rexona Cotton Dry 150 cc.","Rexona","150 cc",""
"7791293049472","Antitranspirante en Aerosol Rexona Men Fanaticos 150 cc.","Rexona","150 cc",""
"7791293049465","Antitranspirante en Aerosol Rexona Men Invisible 150 cc.","Rexona","150 cc",""
"7791293049601","Antitranspirante en Aerosol Rexona Men Xtracool 150 cc.","Rexona","150 cc",""
"7791293049557","Antitranspirante en Aerosol Rexona Nutritive 150 cc.","Rexona","150 cc",""
"78935068","Antitranspirante en Roll On Dove Go Fresh 50 cc.","Dove","50 cc",""
"78924345","Antitranspirante Rexona Bamboo Roll On 50 ml","Rexona","50 ml",""
"78944855","Antitranspirante Rol Lon Rexona Nutritive 50 cc.","Rexona","50 cc",""
"78948310","Antitranspirante Roll On Dove Durazno 50 ml","Dove","50 ml",""
"7791293049519","Antitrasnspirante en Aerosol Rexona Antibact 150 cc.","Rexona","150 cc",""
"7791293049458","Antitrasnspirante en Aerosol Rexona Men Antib 150 cc.","Rexona","150 cc",""
"7891136057029","Aperitivo Aperol 750 cc","APEROL","750 cc",""
"7891136052000","Aperitivo Campari 750 Ml","Campari","750 Ml",""
"7791200200781","Aperitivo Con Alcohol Campari Bitter 750 cc.","Campari","750 cc",""
"7791200000619","Aperitivo Cynar 750 cc","CYNAR","750 cc",""
"7791200000626","Aperitivo Cynar 750 ml","CYNAR","750 ml",""
"7790950137804","Aperitivo Dr Lemon Red Berry Bot -1l-","Dr Lemon","1l",""
"7790950000191","Aperitivo Gancia 450 Ml","Gancia","450 Ml",""
"7790950134834","Aperitivo Martini Bianco x 1 l","Martini","1 l",""
"7790950134810","Aperitivo Rosso Martini 1 lt","Martini","1 lt",""
"7790950143690","Aperitivo Sin Alcohol Terma Pomelo Sin Azúcar 1.35 L.","Terma","1.35 L",""
"7790940000019","Apósitos Post Parto Doncella 10 U.","Doncella","",""
"7790742330109","Armonia Crema De Leche Para Cocinar Armonía 200 Cc","Armonia","200 Cc",""
"7790520998262","Aromatizante De Ambientes Glade Campos De Lavanda En Aerosol 360ml","Glade","360ml",""
"7790520998293","Aromatizante De Ambientes Glade Caricias De Algodón En Aerosol 360ml","Glade","360ml",""
"7790520996633","Aromatizante De Ambientes Glade Edición Limitada Dulzura De Mandarina En Aerosol 360ml","Glade","360ml",""
"7790520998279","Aromatizante De Ambientes Glade Limón Refrescante En Aerosol 360ml","Glade","360ml",""
"7790520990884","Aromatizante De Ambientes Glade Mini Gel Hogar Placer Floral Y Frutos Rojos 70gr","Glade","70gr",""
"7790520998286","Aromatizante De Ambientes Glade Paraíso Azul En Aerosol 360ml","Glade","360ml",""
"7791120032554","Arroz 53 Grano Largo Fino 1 Kg","53","1 Kg",""
"7791120098888","Arroz Integral Molinos Ala Bolsa 1 kg.","Molinos Ala","1 kg",""
"7790387070019","Arroz Maria Largo Fino X1kg","Maria","1kg",""
"7790387070026","Arroz Maria Largo Fino X500g","Maria","500g",""
"7791120099847","Arroz Molinos Ala Grano Largo Fino 1kg","Molinos Ala","1kg",""
"7791120100093","Arroz Molinos Ala Grano Largo Fino 500 gr","Molinos Ala","500 gr",""
"7791120099854","Arroz Molinos Ala Parboil 1kg","Molinos Ala","1kg",""
"7791120100109","Arroz Molinos Ala Parboil 500 gr","Molinos Ala","500 gr",""
"7790070433091","Arroz Parboil Gallo Oro en Caja 1 kg","Gallo","1 kg",""
"7792350067019","Arvejas Inalpa Secas Remojadas 300 xgr","Inalpa","",""
"7792350004526","Arvejas Secas Remojadas Inalpa 350 Gr","Inalpa","350 Gr",""
"7792350067163","Arvejas Secas Remojadas Inalpa Sin Sal Vida 300 g.","Inalpa","300 g",""
"7792350067996","Arvejas Secas Sin Sal Inalpa Cormillot 300 g.","Inalpa","300 g",""
"7790580131364","Atun La Campagnola Al Natural 170 xg","La Campagnola","",""
"7790580131357","Atun La Campagnola en Aceite 170 xg","La Campagnola","",""
"7790520995650","Autobrillo Ceramicol Doypack 450 Cc","Ceramicol","450 Cc",""
"7792170555420","Avena Instantánea Quaker Fortificada 500 g.","Quaker","500 g",""
"7791293043838","Axe Desodorante Aerosol Bs Collision 150 ml","Axe","150 ml",""
"7791293044040","Axe Desodorante Aerosol Bs Epic Fresh 150 ml","Axe","150 ml",""
"7790132098459","Ayudin Lavandina Ayudín Clásica 1 L","Ayudin","1 L",""
"7790380016687","Baño de Reposteria Georgalos  150 gr","Georgalos","150 gr",""
"77916501","Barra Cereal Mix Original 23 Gr","Cereal Mix","23 Gr",""
"77916525","Barra Cereal Mix Placeres Chocolate 23 Gr","Cereal Mix","23 Gr",""
"7790580131531","Barra Cofler Chocolinas 40g","Cofler","40g",""
"7790580137571","Barra Cook Raptor 45 g.","Raptor","45 g",""
"77915818","Barra de Cereal Cereal Mix Manzana Light 23 g.","Cereal Mix","23 g",""
"77984395","Barra de Cereal Cereal Mix Pasión de Chocolate 26 g.","Cereal Mix","26 g",""
"7790380020004","Barra de Cereal Flow Granola Chips Y Almendras 23 g","Flow","23 g",""
"7790380020356","Barra de Cereal Toddy  21 xg","Toddy","",""
"7790380020349","Barra Flow Cereal Puro Cacao 24 xg","Flow","",""
"7790950135992","Bebida A Base De Hierbas Terma Citrus 1.35 L","Terma","1.35 L",""
"7790950141610","Bebida a Base de Hierbas Terma Pomelo Rosado","Terma","",""
"7791337010161","Bebida Base Almendra Sabor Mocha x 1 lt Silk","Silk","1 lt",""
"7798422620076","Bebida Energizante Monster Ananá 473 ml","Monster","473 ml",""
"1007084701235","Bebida Energizante Monster Energy 473 Ml","Monster","473 Ml",""
"1007084789417","Bebida Energizante Monster Pineapple en Lata 473 cc.","Monster","473 cc",""
"9002490288341","Bebida Energizante Red Bull Summer Pomerlo en Lata 250 ml","Red Bull","250 ml",""
"7791813111443","Bebida Energizante Rockstar de Maracuyá Pet 500 ml","Rockstar","500 ml",""
"7798422620021","Bebida Energizante Sin Azúcar Monster Ultra Energy en Lata 473 cc.","Monster","473 cc",""
"7798422620069","Bebida Energizante Sin Azúcar Monster Watermelon en Lata 473 ml","Monster","473 ml",""
"7792170042258","Bebida Isotónica Gatorade Cool Blue 500 cc.","Gatorade","500 cc",""
"7792170042241","Bebida Isotónica Gatorade Uva 500 cc.","Gatorade","500 cc",""
"7790895649103","Bebida Isótonica Powerade Citrus Maracuyá 500 ml","Powerade","500 ml",""
"7790895641183","Bebida Isotónica Powerade Frutas Tropicales 500 Ml","Powerade","500 Ml",""
"7790895640018","Bebida Isotónica Powerade Manzana 500 Ml","Powerade","500 Ml",""
"7790895640025","Bebida Isotónica Powerade Mountain Blast 500 Ml","Powerade","500 Ml",""
"7790895640032","Bebida Isotónica Powerade Naranja 500 ml","Powerade","500 ml",""
"7790895651052","Bebida Isotónica Powerade Sour de Manzana Verde 500 ml","Powerade","500 ml",""
"7790742872180","Bebida Lactea Sense Avellana x 200 ml la Serenisima","La Serenisima","200 ml",""
"7790742872654","Bebida Lactea Sense Caramel 200 ml","Sense","200 ml",""
"7790895649615","Bebida Powerade Gold Rush 500 cc","Powerade","500 cc",""
"7790950143706","Bebida Terma Pomelo Sin Azucar x 1,35 Lts","Terma","",""
"7790598000386","Bicarbonato de Sodio Don Ubaldo 50 g.","Don Ubaldo","50 g",""
"7793890259018","Bimbo Pan Hamburguesa Artesano Brioche 240 g","Bimbo","240 g",""
"7790580132286","Bizcochuelo Aguila Chocolate 530 xgr","Aguila","",""
"7790580123420","Bizcochuelo Aguila Marmolado 550 xgr","Aguila","",""
"7790580122300","Bizcochuelo Aguila Torta 450 Gr","Aguila","450 Gr",""
"7790580131760","Bizcochuelo Chocolate Godet 480g","Godet","480g",""
"7791113004605","Bizcochuelo de Chocolate Fortificado Emeth 450 gr","Emeth","450 gr",""
"7791113001444","Bizcochuelo de Coco Emeth Fortificado 450 g.","Emeth","450 g",""
"7791113005466","Bizcochuelo de Dulce de Leche Emeth Fortificado 450 g.","Emeth","450 g",""
"7791113004582","Bizcochuelo de Naranja Emeth Fortificado 450 g.","Emeth","450 g",""
"7791113001420","Bizcochuelo de Vainilla Con Chips Emeth 450 g.","Emeth","450 g",""
"7791113004599","Bizcochuelo Emeth Vainilla Fortificado 450 g.","Emeth","450 g",""
"7790580131753","Bizcochuelo Marmolado Godet500g","Godet","500g",""
"7790520028648","Blem Limpiador Revitalizante Pisos Plastificados Y Flotantes Almendra 400 ml","Blem","400 ml",""
"7790040991910","B&N Alfajor B N Blanco 3.0 73 g.","B&N","73 g",""
"7790040141179","B&N Alfajor Byn Negro 36 x 50 g.","B&N","50 g",""
"7790360982445","Bocaditos de Pollo x 400 gr Swift","Swift","400 gr",""
"77961815","Bombón Chocolate Blanco Bon O Bon 15 g.","Bon O Bon","15 g",""
"7790580146368","Bombones Bon O Bon Coco 15 g","Bon O Bon","15 g",""
"7792360002147","Bonafide Café Molido Torrado Suave Sensaciones 125 g","Bonafide","125 g",""
"7792410522717","Brighton Gin 700 Ml.","Brighton","700 Ml",""
"7795933101735","Caballa Bahía Aceite x 380 gr","Bahía","380 gr",""
"7790150830444","Cacao Chocolino 180g","Chocolino","180g",""
"7790150830468","Cacao Chocolino 360g","Chocolino","360g",""
"7791113000249","Cacao en Polvo Emeth 180 g.","Emeth","180 g",""
"7792280006140","Cachamate Yerba Con Palo Tradicional 500 gr Cachamai","Cachamate","500 gr",""
"7792360002079","Café Bonafide Molido Sabor Intenso 250 Gr","Bonafide","250 Gr",""
"7792360002062","Café Bonafide Molido Sabor Intenso 500 gr","Bonafide","500 gr",""
"7792360002383","Café Bonafide Molido Sensaciones 1 kg","Bonafide","1 kg",""
"7792360002123","Café Bonafide Molido Sensaciones 250 gr","Bonafide","250 gr",""
"7790550011290","Café Cabrales En Saquitos X90g","Cabrales","90g",""
"7792360094968","Café en Saquitos Bonafide Intenso 18 uni","Bonafide","",""
"7790550029417","Café La Planta de Café Clasico Dp 160 xg","La Planta De Café","",""
"7790550000157","Café La Planta De Café Molido 250 Gr","La Planta De Café","250 Gr",""
"7790150100783","Café La Virginia Clasico Espuma X100g","La Virginia","100g",""
"7790150101773","Café La Virginia Suave Espuma X100g","La Virginia","100g",""
"7790150006375","Cafe Molido La Virginia Torrado Equilibrado 1 kg","La Virginia","1 kg",""
"7792360002154","Café Molido Torrado Intenso Bonafide Sensaciones 125 g.","Bonafide","125 g",""
"8445291036291","Café Nescafe Dolca Cortado Cremoso 125 xg","Nescafe","",""
"8445291082175","Café Nescafe Dolca Original 50 xg","Nescafe","",""
"7790070933645","Cafe Suave Mas Aroma Arlistan 100 gr.","Arlistan","100 gr",""
"7790070933638","Cafe Suave Mas Aroma Arlistan 170 gr.","Arlistan","170 gr",""
"7790070933652","Cafe Suave Mas Aroma Arlistan 50 gr.","Arlistan","50 gr",""
"7794000008540","Caldo de Gallina Con Vegetales Knorr 12 Ud.","Knorr","",""
"7794000008557","Caldo de Verdura en Cubos Knorr 12 uni","Knorr","",""
"7794000008274","Caldo de Verdura Knorr Cero Sal 12 uni","Knorr","",""
"7790520028952","Canasta Sólida Pato Marina Full 27,5 gr","Pato","27,5 gr",""
"7792390620700","Capelettini Giacomo Carne 500g","Giacomo","500g",""
"7792390620786","Capelettini Giacomo Que/Jam 500g","Giacomo","500g",""
"7792390620823","Capelettini Giacomo Tridicci 500g","Giacomo","500g",""
"7792390620748","Capelettini Giacomo Verdura 500g","Giacomo","500g",""
"7791218122921","Capellettis Orali  de Carne Y Espinaca 500 g","Oralí","500 g",""
"77987662","Caramelo Halls Cherry 28 g.","Hall´S","28 g",""
"77958631","Caramelos Cherry Menthoplus x 9U","Menthoplus","",""
"7622202271298","Caramelos Halls de Miel Con Menta 26 grs","Hall´S","26 grs",""
"7622202247316","Caramelos Halls Menta Lyptus 25.2 Grs","Hall´S","25.2 Grs",""
"77905291","Caramelos Halls Stani Miel Y Menta 28 g.","Hall´S","28 g",""
"77946812","Caramelos Menthoplus Durazno x 27 gr","Menthoplus","27 gr",""
"77958655","Caramelos Menthoplus Sabor Miel X 30 G","Menthoplus","30 G",""
"77958648","Caramelos Strong Menthoplus x 9U","Menthoplus","",""
"7790139003173","Casalta Vinagre De Alcohol Clasico Botella 1 Lt.","Casalta","1 Lt",""
"7794450090492","Catena Zapata Vino Tinto Catena D.V. Cabernet - Malbec 750 Cc","Catena Zapata","750 Cc",""
"7791118013206","Cebada El Pocillo 115 g","El Pocillo","115 g",""
"7791118013343","Cebada Intensa El Pocillo Doy Pack 115 grs","El Pocillo","115 grs",""
"7790520995599","Cera Líquida Pisos Cerámicos Blem Floral Repuesto Económico 450ml","Blem","450ml",""
"7790520992949","Cera Líquida Pisos Cerámicos Blem Incoloro Botella 800ml","Blem","800ml",""
"7790520995582","Cera Líquida Pisos Cerámicos Blem Incoloro Repuesto Económico 450ml","Blem","450ml",""
"7790520995605","Cera Líquida Pisos Cerámicos Blem Rojo Repuesto Económico 450ml","Blem","450ml",""
"7790040140936","Cereal Mix Galletitas Dulces Careal Mix Sabor Frutilla 150 grs","Cereal Mix","150 grs",""
"8445290615893","Cereal Nestum Multicereal  225 xg","Nestum","",""
"7790040142510","Cereales Formis Frutal 245 xg","Formis","",""
"7793147572402","Cerveza Amstel Lager 473 Sixpack","Amstel","",""
"7793147572051","Cerveza Amstel Lager 473 Sixpack","Amstel","",""
"7793147572044","Cerveza Amstel Lager 473cc","Amstel","473cc",""
"7793147572853","Cerveza Amstel Lager 710 cc","Amstel","710 cc",""
"7792798012572","Cerveza Andes Fresquita Origen 473 cc.","Andes","473 cc",""
"7792798002757","Cerveza Andes Ipa Retornable 1lt","Andes","1lt",""
"7792798002139","Cerveza Andes Negra Retornable 1lt","Andes","1lt",""
"7792798012879","Cerveza Andes Origen Fresquita 1 lt","Andes","1 lt",""
"7792798012589","Cerveza Andes Origen Fresquita Fourpack","Andes","",""
"7792798011254","Cerveza Andes Origen Ipa Roja Lata x 473 ml","Andes Origen","473 ml",""
"7792798001712","Cerveza Andes Origen Rubia 473cc Six Pack","Andes","473cc",""
"7792798014156","Cerveza Andes Origen Rubia 710 cc","Andes","710 cc",""
"7792798014958","Cerveza Andes Origen Rubia Oro 473 cc 6Un","Andes","473 cc",""
"7792798002337","Cerveza Andes Roja 473 Cc Six Pack","Andes","473 Cc",""
"7792798002122","Cerveza Andes Roja Reornable T 1lt","Andes","1lt",""
"7792798002115","Cerveza Andes Rubia Ret 1lt","Andes","1lt",""
"7792798015061","Cerveza Blanca Brahma en Lata 710 ml","Brahma","710 ml",""
"7792798014705","Cerveza Blanca Corona en Lata 473 cc","Corona","473 cc",""
"7792798013777","Cerveza Blanca Ipa Patagonia Estelar en Lata 473 cc.","Patagonia","473 cc",""
"7792798014934","Cerveza Blanca Oro Andes Origen en Lata 473 ml","Andes","473 ml",""
"7792798013821","Cerveza Blanca Patagonia Ipa Estelar en Lata X6 473 cc.","Patagonia","473 cc",""
"7792798003938","Cerveza Blanca Patagonia Vera Ipa en Lata 473 cc.","Patagonia","473 cc",""
"7792798003945","Cerveza Blanca Patagonia Vera Ipa en Lata X6 473 cc.","Patagonia","473 cc",""
"7792798009107","Cerveza Blanca Quilmes Sin Alcohol 473 cc. 1 U.","Quilmes","473 cc",""
"7793147573393","Cerveza Blanca Schneider Afa en Lata 473 cc.","Schneider","473 cc",""
"7792798014873","Cerveza Blanca Sin Alcohol 0.0 Corona Porrón 330 cc.","Corona","330 cc",""
"7792798013487","Cerveza Blanca Stella Artois 0.0 en Lata 473 cc.","Stella Artois","473 cc",""
"7792798013494","Cerveza Blanca Stella Artois 0.0 X6 473 cc.","Stella Artois","473 cc",""
"7792798010578","Cerveza Blanca Stella Artois Porrón 330 cc.","Stella Artois","330 cc",""
"7793147573355","Cerveza Blanca Warsteiner Pilsener en Lata 473 cc.","Warsteiner","473 cc",""
"7793147001056","Cerveza Budweiser 1lt Retornable","Budweiser","1lt",""
"7792798014491","Cerveza Budweiser Música en Lata 473 cc.","Budweiser","473 cc",""
"7792798014507","Cerveza Budweiser Música en Lata 473 cc.","Budweiser","473 cc",""
"7792798002375","Cerveza Con Trigo Patagonia Weisse 730 Ml Botella Descartable","Patagonia","730 Ml",""
"7793147574109","Cerveza Golden 330 cc Imperial","Imperial","330 cc",""
"7793147572242","Cerveza Grolsch 473 cc Six Pack","Grolsch","473 cc",""
"7793147570866","Cerveza Grolsch 473 Ml","Grolsch","473 Ml",""
"7793147570842","Cerveza Grolsch 925cc Retornable","Grolsch","925cc",""
"7793147572877","Cerveza Grolsch Ipa 473 cc Sixpack","Grolsch","473 cc",""
"7793147572846","Cerveza Grolsch Ipa  473 cc","Grolsch","473 cc",""
"7793147573119","Cerveza Heineken 150 Años 710 cc","Heineken","710 cc",""
"7793147009243","Cerveza Heineken 354 ml - Pack 6","Heineken","354 ml",""
"7802100003270","Cerveza Heineken Cero 330 cc","Heineken","330 cc",""
"7793147571863","Cerveza Heineken Premium 473 ml Six Pack","Heineken","473 ml",""
"7793147571283","Cerveza Heineken Premiun 710 Cc","Heineken","710 Cc",""
"7793147000899","Cerveza Heineken Ret 1lt","Heineken","1lt",""
"7793147572280","Cerveza Imperial Apa 473 cc Six Pack","Imperial","473 cc",""
"7793147573720","Cerveza Imperial Golden 1 l","Imperial","1 l",""
"7793147572297","Cerveza Imperial Golden 473 cc Sixpack","Imperial","473 cc",""
"7793147571689","Cerveza Imperial Golden 473cc Lata","Imperial","473cc",""
"7793147571726","Cerveza Imperial Golden 473cc Six Pack","Imperial","473cc",""
"7793147572624","Cerveza Imperial Golden 710 cc","Imperial","710 cc",""
"7793147572273","Cerveza Imperial Ipa 473 cc Sixpack","Imperial","473 cc",""
"7793147570743","Cerveza Imperial Ipa 473cc Lata","Imperial","473cc",""
"7793147570330","Cerveza Imperial Ipa Ret 1lt (hasta 12 unidades)","Imperial","1lt",""
"7793147571870","Cerveza Imperial Lager 473 cc Sixpack","Imperial","473 cc",""
"7793147572754","Cerveza Imperial Roja 473 cc Sixpack","Imperial","473 cc",""
"7793147573737","Cerveza Imperial Rubia 1 l","Imperial","1 l",""
"7793147571412","Cerveza Imperial Rubia 710cc Lata","Imperial","710cc",""
"7793147572266","Cerveza Imperial Stout 473 cc Sixpack","Imperial","473 cc",""
"7793147001742","Cerveza Imperial Stout 473cc Lata","Imperial","473cc",""
"7792798002788","Cerveza Ipa Andes Origen Sixpack 473 Ml Lata","Andes","473 Ml",""
"7793147573515","Cerveza Isenbeck 473 ml","Isenbeck","473 ml",""
"7793147573591","Cerveza Lager Suave Amstel 1 lt.","Amstel","1 lt",""
"7793147118822","Cerveza Lata Budweiser 473 cc","Budweiser","473 cc",""
"7792798014019","Cerveza Light Michelob Ultra en Lata 473 cc.","Michelob","473 cc",""
"7793147571382","Cerveza Miller 710 Cc","Miller","710 Cc",""
"7792798002399","Cerveza Patagonia 24.7 730 ml","Patagonia","730 ml",""
"7792798004331","Cerveza Patagonia Abrazo de Oso Lata 4731 mlx","Patagonia","",""
"7792798012961","Cerveza Patagonia Amber Lager 1 lt Retornable","Patagonia","1 lt",""
"7792798003846","Cerveza Patagonia Hoppy Lager 730 Cc No Retornable","Patagonia","730 Cc",""
"7792798015023","Cerveza Patagonia Lager Del Sur 730 cc","Patagonia","730 cc",""
"7792798010882","Cerveza Patagonia Vera Ipa 730 cc","Patagonia","730 cc",""
"7793147572723","Cerveza Roja Imperial Lata 473 cc.","Imperial","473 cc",""
"7792798007158","Cerveza Roja Patagonia Amber Lager 730 ml Botella Descartable","Patagonia","730 ml",""
"7792798002351","Cerveza Roja Patagonia Amber Lager 730 Ml Botella Descartable","Patagonia","730 Ml",""
"7793147573546","Cerveza Rubia Amstel Lager 473 ml","Amstel","473 ml",""
"7792798999866","Cerveza Rubia Andes Origen 473 cc.","Andes","473 cc",""
"7793147118846","Cerveza Rubia Budweiser 6-Pack 473 ml Lata","Budweiser","473 ml",""
"7792798015344","Cerveza Rubia Corona 0% Alcohol 473 ml","Corona","473 ml",""
"7793147009137","Cerveza Rubia Heineken 330 cc.","Heineken","330 cc",""
"7793147573324","Cerveza Rubia Imperial Extra Lager en Lata 473 cc.","Imperial","473 cc",""
"7793147573560","Cerveza Rubia Imperial Golden Ligera en Lara 473 cc.","Imperial","473 cc",""
"7792798002368","Cerveza Rubia Patagonia Bohemian Pilsener 730 Ml Botella Descartable","Patagonia","730 Ml",""
"7792798007165","Cerveza Rubia Patagonia Bohemian Pilsener 730 ml Botella Descartable","Patagonia","730 ml",""
"7792798002382","Cerveza Rubia Patagonia Kune 730 cc","Patagonia","730 cc",""
"7792798006045","Cerveza Rubia Stella Artois Porrón 330 cc","Stella Artois","330 cc",""
"7793147571856","Cerveza Schneider 473 ml - Pack 6","Schneider","473 ml",""
"7793147118860","Cerveza Schneider 473 Ml","Schneider","473 Ml",""
"7793147570606","Cerveza Schneider Rubia 710cc Lata","Schneider","710cc",""
"7793147574093","Cerveza Sin Alcohol Heineken en Lata 473 ml","Heineken","473 ml",""
"7793147574130","Cerveza Sin Alcohol Imperial Golden 0% en Lata 473 ml","Imperial","473 ml",""
"7792798015351","Cerveza Sin Alcohol Sixpack x 473 cc C / U Corona","Corona","473 cc",""
"7792798010592","Cerveza Stella Artois 473cc Six Pack","Stella Artois","473cc",""
"7792798012701","Cerveza Stella Artois Blanche Lata x 473 ml","Stella Artois","473 ml",""
"7792798010639","Cerveza Stella Artois Noire Lata x 473 ml","Stella Artois","473 ml",""
"7792798010561","Cerveza Stella Artois Pura Malta 975 cc Retornable","Stella Artois","975 cc",""
"7792798014385","Cerveza Stella Artois Vinage Rubia 473 cc Sixpa","Stella Artois","473 cc",""
"7792798014361","Cerveza Stella Artois Vintage 473 ml","Stella Artois","473 ml",""
"7793147572303","Cerveza Warsteiner 473 ml - Pack 6","Warsteiner","473 ml",""
"7795933703236","Champaña Fresita Original 750 Ml","Fresita","750 Ml",""
"77919489","Chicle Sandia Menta Topline 67 ,gr","TOPLINE","",""
"7790580121013","Chicle Topline Redberry Frutilla Ultra 7 12 U.","TOPLINE","",""
"77948588","Chicle Topline Sandía 14 g.","TOPLINE","14 g",""
"77948496","Chicle Topline Seven Violet Cherry 14 gr","TOPLINE","14 gr",""
"77916426","Chicles Topline Tableta Menta 6.7 G.","TOPLINE","6.7 G",""
"77916419","Chicles Topline Ultra Defense Sin Azúcar X 4 un","TOPLINE","",""
"7794520869010","Chizitos Krach-Itos Sabor Queso 170 xg","Krach-Itos","",""
"7792350067040","Choclo Amarillos Inalpa Tipo Cremoso 300 xgr","Inalpa","",""
"7790580132422","Choclo Arcor Entero 300 xg","Arcor","",""
"7793360984907","Choclo Cremoso La Campagnola 300 gr","La Campagnola","300 gr",""
"7793360132414","Choclo Entero Arcor La Campagnola 300 g","La Campagnola","300 g",""
"7790380004882","Choco Repost Semiamargo Georgalos 150 gr","Georgalos","150 gr",""
"7790407031013","Chocolate Aguila Para Taza 100 Gr","Aguila","100 Gr",""
"7790407031273","Chocolate Aguila Para Taza 150 Gr","Aguila","150 Gr",""
"7790580109882","Chocolate Aguila Para Taza 150 Gr","Aguila","150 Gr",""
"7790580105822","Chocolate Aguila Para Taza 225 Gr","Aguila","225 Gr",""
"7790407031075","Chocolate Blanco Aguila Para Taza 100 Gr","Aguila","100 Gr",""
"7622201818654","Chocolate Cadbury Frutilla Yoghurt 29 g.","Cadbury","29 g",""
"77922120","Chocolate Cofler Block Con Maní 110 Gr","Cofler","110 Gr",""
"7790580111755","Chocolate Cofler Con Leche 45 Gr","Cofler","45 Gr",""
"7790580123642","Chocolate Cofler Yougurt Frutilla 64 xgr","Cofler","",""
"77974631","Chocolate Con Leche Relleno Tofi 28 gr","Tofi","28 gr",""
"77974648","Chocolate Tofi Blanco Relleno 27 gr","Tofi","27 gr",""
"7790040143234","Chocolinas Galletitas Chocolina de Chocolate 250 g.","Chocolinas","250 g",""
"7790895646355","Coca Cola Gaseosa Coca-Cola Cafe 220 Ml","Coca Cola","220 Ml",""
"7790895000904","Coca Cola Gaseosa Coca-Cola Sabor Original 354 Ml Multipack X6","Coca Cola","354 Ml",""
"7790895000232","Coca Cola Gaseosa Coca-Cola Sabor Original 354 Ml","Coca Cola","354 Ml",""
"7790895642104","Coca Cola Gaseosa Coca-Cola Sin Azúcar 220 Ml","Coca Cola","220 Ml",""
"7790895067587","Coca Cola Gaseosa Coca-Cola Sin Azúcar 354 Ml","Coca Cola","354 Ml",""
"7790580134730","Codito La Campagnola Pastas Secas  500 Gr","La Campagnola","500 Gr",""
"7790040143654","Cofler Alfajor Simple Block 40.7 G.","Cofler","40.7 G",""
"7790580141776","Cofler Arcor 60 tabl.a.naran 100 gr","Cofler","100 gr",""
"7790580123741","Cofler Graffiti Blanco Leche 45 Gr","Cofler","45 Gr",""
"7794297020485","Colador de Plastico Deses Plast 30 cm","Deses Plast","",""
"7791600060145","Colonia Chester Ice 60 ml","Chester Ice","60 ml",""
"7791600047115","Colonia Flowers Coqueterias 80 ml","Coqueterias","80 ml",""
"7791600173029","Colonia Para Niños Paco 90 ml","Paco","90 ml",""
"7791600050092","Colonia Para Niños Pibes 80 ml","Pibes","80 ml",""
"7790598012136","Comino Molido Don Ubaldo 25 g.","Don Ubaldo","25 g",""
"7794000004917","Condimento Sabor Al Horno Knorr Cebolla Y Ajo 21 g","Knorr","21 g",""
"7794520869607","Conitos Krachitos x Treme Hot 45 grs","Krachitos","45 grs",""
"7790790120837","Conserva Vegetales Choclo Cremoso Amarillo Inca 350 gr","Inca","350 gr",""
"7791019000213","Copos De Maíz 3 Arroyos 400 Gr","3 Arroyos","400 Gr",""
"7790040139770","Coquitas Galletitas Melitas 159 g","Coquitas","159 g",""
"7798001560175","Crema de Leche Cremigal 190 ml","Cremigal","190 ml",""
"7891150055780","Crema Dental Close Up Protección Bioactiva 70 grs","Close Up","70 grs",""
"7891150049895","Crema Dental Close Up Triple Protección 70 grs","Close Up","70 grs",""
"7790787030118","Crema Doble Ilolay 200 ml","Ilolay","200 ml",""
"7891010255213","Crema Humectante Para Bebe Rosa Johnsons Baby 200 g.","Johnsons Baby","200 g",""
"7790040124516","Criollitas Tostadas Salvado 195gr","Criollitas","195gr",""
"7791337008083","Danet / Danette Postre Crema America Danette 190 gr","Danet / Danette","190 gr",""
"7798062540109","Danone Agua Villa Del Sur Sin Gas 600cc","Danone","600cc",""
"7790520995322","Desinfectante Amb Lysoform Citrica 360cc","Lysoform","360cc",""
"7791290796362","Desinfectante en Aerosol Cif Floral 360 ml","Cif","360 ml",""
"7791290795785","Desinfectante en Aerosol Cif Lavanda 360 cc.","Cif","360 cc",""
"7790520031426","Desinfectante en Aerosol Lysoform Frutos Del Bosque 360 ml","Lysoform","360 ml",""
"7791600028589","Desodorante Acqua Di Colbert en Aerosol Masculino 123 cc.","Colbert","123 cc",""
"7791293049540","Desodorante Active Emotion Women Rexona 150 ml.","Rexona","150 ml",""
"7791905023777","Desodorante Aerosol Dufour Women Freedom 125 cc.","Dufour","125 cc",""
"7791905024385","Desodorante Aerosol Men Dufour Sport 155 cc.","Dufour","155 cc",""
"7791600127237","Desodorante Aerosol Paco Surf 150 ml","Paco","150 ml",""
"7791293042718","Desodorante Axe Dark Temtation 150 ml","Axe","150 ml",""
"7791600060473","Desodorante Chester Ice en Aerosol Masculino 123 cc.","Chester Ice","123 cc",""
"7791600030346","Desodorante Ciel en Aerosol Femenino 123 cc.","Ciel","123 cc",""
"7790520028730","Desodorante de Ambiente Glade Campos Lavanda en Aerosol 360 cc.","Glade","360 cc",""
"7790520028822","Desodorante de Ambiente Glade Caricias de Algodón en Aerosol 360 cc.","Glade","360 cc",""
"7790520028785","Desodorante de Ambiente Glade Cherry en Aerosol 360 cc.","Glade","360 cc",""
"7790520028754","Desodorante de Ambiente Glade Limón en Aerosol 360 cc.","Glade","360 cc",""
"7790520028853","Desodorante de Ambiente Glade Mañana de Campo en Aerosol 360 cc.","Glade","360 cc",""
"7790520031570","Desodorante de Ambiente Glade Naranjo Y Orquideas 360 ml","Glade","360 ml",""
"7790520028860","Desodorante de Ambiente Glade Paraiso Azul en Aersol 360 cc.","Glade","360 cc",""
"7790520028815","Desodorante de Ambiente Glade Potpourri en Aerosol 360 cc.","Glade","360 cc",""
"7790520028792","Desodorante de Ambiente Glade Tropical Floral en Aerosol 360 cc.","Glade","360 cc",""
"7790520028761","Desodorante de Ambiente Glade Vainilla en Aerosol 360 cc.","Glade","360 cc",""
"7790520998200","Desodorante de Ambientes Glade Aerosol Flores Tropicales Y Coco 360 ml","Glade","360 ml",""
"7791293048482","Desodorante Dove Antitranspirante Go Fresh Pomelo x 150 ml","Dove","150 ml",""
"7791293048468","Desodorante Dove Original Antitranspirante 150 ml","Dove","150 ml",""
"7791293048529","Desodorante en Aerosol Dove Invisible Dry x 150 ml","Dove","150 ml",""
"7791600022136","Desodorante en Aerosol Femenino Ciel Crystal 0% Alcohol 144 cc.","Ciel","144 cc",""
"7791600620240","Desodorante en Aerosol Paco Futbol 150 ml","Paco","150 ml",""
"7791293049700","Desodorante en Aerosol Patrichs Grand 230 cc.","Patrichs","230 cc",""
"7791600066444","Desodorante Flower Rose en Aerosol Femenino 123 cc.","Flower Rose","123 cc",""
"7791293049571","Desodorante Fútbol Fanáticas Women Rexona 150 ml.","Rexona","150 ml",""
"7791600521356","Desodorante Gino Bogani 123 ml","Gino Bogani","123 ml",""
"7791600102388","Desodorante Gino Bogani Chic To Cheek 123 ml","Gino Bogani","123 ml",""
"7791293049526","Desodorante Invisible Women Rexona 150 ml.","Rexona","150 ml",""
"7791600037239","Desodorante Kevin en Aerosol Masculino 123 cc.","Kevin","123 cc",""
"7791600952853","Desodorante La Dolfina Stud 150 ml","La Dolfina","150 ml",""
"7791905004202","Desodorante Masculino Polyana Sport 172 ml","Polyana","172 ml",""
"7791905004219","Desodorante Masculino Polyana Wood Tone 172 ml","Polyana","172 ml",""
"7791293049502","Desodorante Men Rexona 150 ml.","Rexona","150 ml",""
"7791600595340","Desodorante Mujercitas Aerosol Femenino 150 cc.","Mujercitas","150 cc",""
"7791600091156","Desodorante Mujercitas Julie En Aerosol X 123 ml","Mujercitas","123 ml",""
"7791600173357","Desodorante Paco en Aerosol Masculino 150 cc.","Paco","150 cc",""
"7791600311247","Desodorante Paula Alegria 123 ml","Paula Alegria","123 ml",""
"78944848","Desodorante Rexona Active Emotion Roll On 50 ml","Rexona","50 ml",""
"7791293049564","Desodorante  Rexona  bamboo Y Aloe Women  150 ml","Rexona","150 ml",""
"78944794","Desodorante Rexona Invisible Roll On 50 ml","Rexona","50 ml",""
"78924338","Desodorante Roll-On Power Dry Rexona 50 ml","Rexona","50 ml",""
"7791293049489","Desodorante V8 Men Rexona 150 ml.","Rexona","150 ml",""
"7791600079277","Desodorante Valeria Mazza Velvet 123 ml","Valeria Mazza","123 ml",""
"7791600045593","Desororante Paula Cahen 123 ml","Paula Cahen","123 ml",""
"7791290794108","Detergente Cif Bioactive Lima 300 cc.","Cif","300 cc",""
"7791290795280","Detergente Ropa Fina Ala Camellito Matic Dp 450 cc.","Ala","450 cc",""
"7791905003335","Detergente Ropa Liquido Querubin Botella 3lt","Querubin","3lt",""
"7791905003366","Detergente Ropa Liquido Querubin Doy 3lt","Querubin","3lt",""
"7790520010506","Discos Adhesivos Pato Marina Repuesto 36 ml","Pato","36 ml",""
"7790940515032","Discos Desmaquillantes Doncella 80 U","Doncella","",""
"7795293101338","DISCOS DON YEYO TARTA CRIOLLA 380 GRS","Don Yeyo","380 GRS",""
"7795293601296","DON YEYO PAN HAMBURGUESAS X4 X210G","Don Yeyo","210G",""
"7790940234025","Doncella Protector Diario Pocket Sin Perfume (40 u)","Doncella","",""
"7790940216144","Doncella Toallitas Fem C/Ala Pocket C/D x 8","Doncella","",""
"7791293051635","Dove Men Desodorante Aer All Body Shea Butter & Cedar 150 ml","Dove","150 ml",""
"7790950134100","Dr Lemon Aperitivo Dr. Lemon Con Limon 1 L","Dr Lemon","1 L",""
"7790950131918","Dr Lemon Aperitivo Dr. Lemon Con Vodka 1 L","Dr Lemon","1 L",""
"7790950136432","Dr Lemon Aperitivo Dr. Lemon Con Vodka Naranja 1 L","Dr Lemon","1 L",""
"7790950134896","Dr Lemon Aperitivo Dr. Lemon Con Vodka Y Pomelo 1 L","Dr Lemon","1 L",""
"7790950133691","Dr Lemon Aperitivo Dr. Lemon Mojito 1 L","Dr Lemon","1 L",""
"7790580504809","Dulce de Batata Arcor Con Chocolate Estuche 500 g.","Arcor","500 g",""
"7791113005749","Dulce de Batata Bandeja Emeth 500 g.","Emeth","500 g",""
"7791113001543","Dulce de Batata Emeth 500 gr.","Emeth","500 gr",""
"7791113001550","Dulce de Batata Emeth Con Chocolate 500 gr.","Emeth","500 gr",""
"7790787153664","Dulce de Leche Clásico Ilolay 415 gr.","Ilolay","415 gr",""
"7790742625403","Dulce De Leche Colonial La Serenisima 1kg","La Serenisima","1kg",""
"7790742625106","Dulce De Leche Colonial La Serenisima 250 Gr","La Serenisima","250 Gr",""
"7790742104809","Dulce de Leche La Serenisima Clasico 250 g","La Serenisima","250 g",""
"7790787000654","Dulce de Leche Repostero Ilolay 1 kg","Ilolay","1 kg",""
"7790787153671","Dulce de Leche Repostero Ilolay 415 gr.","Ilolay","415 gr",""
"7790742067005","Dulce de Leche Repostero La Serenisima 400 gr","La Serenisima","400 gr",""
"7791113001567","Dulce de Membrillo Emeth Pouch 500 g.","Emeth","500 g",""
"7791600595128","Eau de Perfum Mujercitas 80 cc.","Mujercitas","80 cc",""
"7791600619145","Eau de Toilete  ciel Love  60 ml","Ciel","60 ml",""
"7791600173135","Eau de Toilette Paco 60 cc.","Paco","60 cc",""
"7791293044507","Efficient Talco Pies Rexona Fresh 48Hs 200 g","Efficient","200 g",""
"7791293044477","Efficient Talco Pies Rexona Original 48Hs 100 g","Efficient","100 g",""
"9002490100070","Energizante Red Bull 250 Ml Lata","Red Bull","250 Ml",""
"7798119220299","Energy Drink Bebida Speed Unlimited  269 cc","Energy Drink","269 cc",""
"7790150610305","Esencia Artificial Alicante Vainilla 100 ml.","Alicante","100 ml",""
"7790598012358","Esencia de Vainilla Don Ubaldo 100 g.","Don Ubaldo","100 g",""
"7790499000577","Espinaca Estrella Del Norte Cortada Con Abrefacil 233 Gr","Estrella Del Norte","233 Gr",""
"7500435219662","Espuma Afeitar Gillette Foamy Mentol 322 ml","Gillette","322 ml",""
"7500435219648","Espuma Afeitar Gillette Foamy Sensitive 179 ml","Gillette","179 ml",""
"7500435224604","Espuma de Afeitar Gillette Regular 312 gr","Gillette","312 gr",""
"7500435219655","Espuma de Afeitar Gillette Sensitive 312 gr","Gillette","312 gr",""
"7795933803127","Espumante Fresita Berries en Botella 750 ml","Fresita","750 ml",""
"7795933703250","Espumante Fresita Leggero en Botella 750 ml","Fresita","750 ml",""
"7795933703243","Espumante Fresita Orange Sunset en Botella 750 ml","Fresita","750 ml",""
"7790577046428","Estuche Vino Tinto Rutini Cabernet Malbec + Merlot + Syra 750 cc. x 3 uni","Rutini","750 cc",""
"7790577006903","Estuche Vino Tinto Trumpeter Malbec 750 cc.","Trumpeter","750 cc",""
"7790895000928","Fanta Naranja Lata 354 Ml Multipack X 6","Fanta","354 Ml",""
"7790290101602","Fernet Branca Botella 750 Cc","Branca","750 Cc",""
"7790290101473","Fernet Brancamenta 750 cc","Branca","750 cc",""
"7792410523165","Fernet Buhero 700 cc","BUHERO","700 cc",""
"7790199603511","Fideos Morixe Penne Rigatti 500g","Morixe","500g",""
"7798031152067","Fideos Mostachol Aldente 500 g","Aldente","500 g",""
"7790199603504","Fideos Mostachol Morixe 500 Gr","Morixe","500 Gr",""
"7790070336446","Fideos Mostacholes Terrabusi Rayados 500 g.","Terrabusi","500 g",""
"7790070335999","Fideos Sin Tacc Penne Rigante Matarazzo 500 g.","Matarazzo","500 g",""
"7798031152333","Fideos Spaghetti Aldente 500 g","Aldente","500 g",""
"7790199603467","Fideos Spaghetti Morixe 500 Gr","Morixe","500 Gr",""
"7790199603474","Fideos Tallarin Morixe 500 Gr","Morixe","500 Gr",""
"7790070336576","Fideos Tallarines Don Vicente en Bolsa 500 g.","Don Vicente","500 g",""
"7790070336453","Fideos Terrabusi Fusilli 500 xg","Terrabusi","",""
"7798031152128","Fideos Tirabuzón Aldente 500 g","Aldente","500 g",""
"7790070335937","Fideos Tirabuzon Matarazzo 3 vegetales 500 g.","Matarazzo","500 g",""
"7790199603481","Fideos Tirabuzon Morixe 500 Gr","Morixe","500 Gr",""
"7790778071212","Fijador Capilar Max Duracion Vo5 200 gr","Vo5","200 gr",""
"7790742325808","Finlandia Balance La Serenisima 180 Gr","Finlandia","180 Gr",""
"7790742327703","Finlandia Cheddar La Serenisima 180 Gr","Finlandia","180 Gr",""
"7790742667649","Finlandia Cuatro Quesos En Hebras La Serenisima 130gr","Finlandia","130gr",""
"7790742667328","Finlandia Cuatro Quesos Light En Hebras La Serenisima 130gr","Finlandia","130gr",""
"7790742326706","Finlandia Light Jamon Parmesano La Serenisima 180 Gr","Finlandia","180 Gr",""
"7791113001765","Flan Diet Emeth Dulce de Leche 30 g.","Emeth","30 g",""
"7791113001840","Flan Diet Emeth Vainilla 30 g.","Emeth","30 g",""
"7790787087334","Flan Ilolay Kids Vainilla Con Caramelo 110 g.","Ilolay","110 g",""
"7791337008168","Flan Super Cremoso Danette Caramelo en Pote 95 g.","Danette","95 g",""
"7791337009882","Flan Vain 380 g Danette","Danette","380 g",""
"7790380020028","Flow Cereal Barra de Cereal Frow Frutos Del Bosque 21 g.","Flow Cereal","21 g",""
"7798013102844","Fuet Serrano Cagnoli 150 gr","Cagnoli","150 gr",""
"7798013100697","Fuet Tandil Cagnoli 150 Gr","Cagnoli","150 Gr",""
"7790040132689","Galle Porteñitas X139g","Porteñitas","139g",""
"7790040133488","Galle Sonrisas Frambuesa X108g","Sonrisas","108g",""
"77903501","Galletas Bagley Opera Original x 55 gr","Bagley","55 gr",""
"7790040135741","Galletas Cereal Mix Avena/Pasas de Uva 207 xg","Cereal Mix","",""
"7790040136250","Galletas Cereales Bagley Salvado 169 xg","Bagley","",""
"7790040136243","Galletas Cereales Bagley Salvado 507 xg","Bagley","",""
"7790538000582","Galletas De Arroz Arrocitas Caramel 53 Gr","Arrocitas","53 Gr",""
"7790538009554","Galletas De Arroz Arrocitas Mini 42 Gr","Arrocitas","42 Gr",""
"7790538009547","Galletas De Arroz Arrocitas Mini 42 Gr","Arrocitas","42 Gr",""
"7790538009585","Galletas De Arroz Macrobiotica De Sésamo Y Lino 102 Gr","Macrobiotica","102 Gr",""
"7790538009615","Galletas De Arroz Macrobiotica Dulces 102 Gr","Macrobiotica","102 Gr",""
"7790538009592","Galletas De Arroz Macrobioticas Sésamo Y Lino 102 Gr","Macrobiotica","102 Gr",""
"7790538009608","Galletas Macrobiotica De Arroz Multi-Cereal X 102 Gr","Macrobiotica","102 Gr",""
"7790040127944","Galletita Cofler Cookies 120 Gr","Cofler","120 Gr",""
"7790040133235","Galletita Mana Chocolate Y Vainilla  X152 Gr","Mana","152 Gr",""
"7790040133259","Galletita Mana Rellenas Con Limon X152 Gr","Mana","152 Gr",""
"7790040133242","Galletita Mana Vainilla Y Chocolate  X152 Gr","Mana","152 Gr",""
"7790040133266","Galletita Mana Vainilla Y Frutilla X152 Gr","Mana","152 Gr",""
"7790040143500","Galletitas Amor 330 xg","Amor","",""
"7790040143531","Galletitas Amor de Vainillas Rellenas 110 g.","Amor","110 g",""
"7622201808884","Galletitas Anillos Clasicos Ahora Mas X170g","Anillos","170g",""
"7790040143692","Galletitas Bañadas en Chocolate Cofler 132.8 G.","Cofler","132.8 G",""
"7622201808860","Galletitas Boca De Dama Ahora Mas X170g","Boca De Dama","170g",""
"7790040148857","Galletitas Chocolate Blanco Chocolinas 170 grs","Chocolinas","170 grs",""
"7790040148864","Galletitas Chocolate Negro Chocolinas 181 grs","Chocolinas","181 grs",""
"7790040142985","Galletitas Chocolinas Chocolate Blanco 245 gr","Chocolinas","245 gr",""
"7790040142992","Galletitas Chocolinas Chocolate Negro 258 gr","Chocolinas","258 gr",""
"7790040116955","Galletitas Cofler Block Chips de Chocolate Y Maní 124 g.","Block","124 g",""
"7790040143258","Galletitas Coquitas de Coco 177 g.","Coquitas","177 g",""
"7790040143937","Galletitas Cracker Original Traviata  96 gr","Traviata","96 gr",""
"7790040142763","Galletitas Crackers Traviata Balance 321 g.","Traviata","321 g",""
"7790040377707","Galletitas De Agua Criollitas Originales 100 Gr","Criollitas","100 Gr",""
"7790040377806","Galletitas De Agua Criollitas Originales 300 Gr","Criollitas","300 Gr",""
"7790070417183","Galletitas de Arroz Gallo Snacks de Jamón 100 g.","Gallo Snacks","100 g",""
"7790070417152","Galletitas de Arroz Gallo Snacks de Pizza 100 g.","Gallo Snacks","100 g",""
"7790070417213","Galletitas de Arroz Gallo Snacks de Queso 100 g.","Gallo Snacks","100 g",""
"7790040143753","Galletitas de Chocolate Cookies Cofler 105.6 G.","Cofler","105.6 G",""
"7622202223068","Galletitas de Chocolate Rellenas de Chocolate Oreo 118 g","Oreo","118 g",""
"7790040137820","Galletitas de Limón Maná Livianas 136 g.","Mana","136 g",""
"7790040143555","Galletitas de Vainillas Mellizas Rellenas de Limón x 3 110 g","Mellizas","110 g",""
"7622202218729","Galletitas de Vainillas Rellenas de Limón Duquesa 345 g.","Duquesa","345 g",""
"7798048730722","Galletitas Delicias de La Nona de Frutilla Emoji 160 g.","Delicias De La Nona","160 g",""
"7798048730548","Galletitas Delicias de La Nona Mantenonnas 150 g.","Delicias De La Nona","150 g",""
"7798048730586","Galletitas Delicias de La Nona Pepas Bañadas 320 g.","Delicias De La Nona","320 g",""
"7622201385279","Galletitas Dulce Terrabusi Choco Chips 144 g.","Terrabusi","144 g",""
"7622201503987","Galletitas Dulce Variedad de Terrabusi Mix Chocolate 300 g.","Variedad","300 g",""
"7790040140943","Galletitas Dulces Cereal Mix Sabor Cacao 150 grs","Cereal Mix","150 grs",""
"7622202210075","Galletitas Dulces Milka Mousse Chocolate 116 g","Milka","116 g",""
"7622201521967","Galletitas Dulces Rellenas Con Crema Oreo 118 g","Oreo","118 g",""
"7790040143548","Galletitas Dulces Rellenas Mellizas 110 g.","Mellizas","110 g",""
"7622201503963","Galletitas Dulces Variedad de Terrabusi Mix Vainilla 300 g","Variedad","300 g",""
"7622201745561","Galletitas Dulces Variedad de Terrabusi Nuevo Mix 390 g","Variedad","390 g",""
"7790040139961","Galletitas Formis Chocolate-Dulce de Leche 102 g","Formis","102 g",""
"7790040139930","Galletitas Formis Vainilla Rellenas Chocolate 102 g.","Formis","102 g",""
"7790040139923","Galletitas Formis Vainilla Rellenas Frutilla 102 g.","Formis","102 g",""
"7790040136076","Galletitas Hogareñas 7 semillas 189 g. x 3 uni","Hogareñas","189 g",""
"7790040136069","Galletitas Hogareñas 7 semillas 189 xg","Hogareñas","",""
"7790040136083","Galletitas Hogareñas de Sésamo 167 xg","Hogareñas","",""
"7790040136106","Galletitas Hogareñas Mix de Cereales 185 g. x 3 uni","Hogareñas","185 g",""
"7790040132962","Galletitas Hogareñas Salvado 200g","Hogareñas","200g",""
"7793450000364","Galletitas Hojalmar Palmeritas de Hojaldre 150 gr","HOJALMAR","150 gr",""
"7790040141254","Galletitas Horneado Picante Saladix 100 g.","Saladix","100 g",""
"7790040173200","Galletitas Kesitas 125 Gr","Kesitas","125 Gr",""
"7790040144033","Galletitas Kesitas 250 gr","Kesitas","250 gr",""
"7790040003606","Galletitas Kesitas 75 Gr","Kesitas","75 Gr",""
"7790412002046","Galletitas Leiva Marineras Sin Sal 420 g 4 U","LEIVA","420 g",""
"7790040137813","Galletitas Maná Con Leche Livianas 136 g.","Mana","136 g",""
"7790040137837","Galletitas Maná de Vainilla Livianas 136 g.","Mana","136 g",""
"7790040137912","Galletitas Maná Sabor Chocolatada 136 g.","Mana","136 g",""
"7790040137844","Galletitas Mana Vainilla 408 g","Mana","408 g",""
"7790040139091","Galletitas Merengadas Frutilla 88 xg","Merengadas","",""
"7891962032283","Galletitas Obleas Bauducco Fresas 140 Gr","Bauducco","140 Gr",""
"7622201806286","Galletitas Oreo Original X 118g","Oreo","118g",""
"7790040143944","Galletitas Queso Cracker Kesitas Traviata  96 gr","Traviata","96 gr",""
"7790040143739","Galletitas Rellenas Bon O Bon Cofler 105.6 G.","Cofler","105.6 G",""
"7790040143807","Galletitas Rellenas Bon O Bon Cofler 85 g.","Cofler","85 g",""
"7790040143784","Galletitas Rellenas Choco Creamy Cofler 85 g.","Cofler","85 g",""
"7790040144125","Galletitas Rex 225 gr","Rex","225 gr",""
"7790040719804","Galletitas Rex Original 125 Gr","Rex","125 Gr",""
"7790040003569","Galletitas Rex Original 75 Gr","Rex","75 Gr",""
"7790040110748","Galletitas Rocklets Chips de Chocolate Confites 118 g.","Rocklet´S","118 g",""
"7790040143517","Galletitas Rumba Original 108 gr.","Rumba","108 gr",""
"7790040143524","Galletitas Rumba Original 3 Ud.","Rumba","",""
"7790580716806","Galletitas Saladix Calabresa 100 Gr","Saladix","100 Gr",""
"7790040133846","Galletitas Saladix Chips Picante 60 g.","Saladix","60 g",""
"7790040374607","Galletitas Saladix Dúo Jamón Y Queso 80 gr","Saladix","80 gr",""
"7790580716707","Galletitas Saladix Jamón 100 Gr","Saladix","100 Gr",""
"7790580697303","Galletitas Saladix Pizza 100 Gr","Saladix","100 Gr",""
"7790040141278","Galletitas Saladix Sticks 80 g.","Saladix","80 g",""
"7790040144071","Galletitas Sandwich Traviata 108 g.","Traviata","108 g",""
"7790040147720","Galletitas Surtidas Bagley 400 gr","Bagley","400 gr",""
"7790040143364","Galletitas Surtido Diversion 400 xg","Diversion","",""
"7794600004539","Galletitas Terrabusi Melba 360 Grs","Melba","360 Grs",""
"7790040144095","Galletitas Traviata 540 xg","Traviata","",""
"7790040152793","Galletitas Traviata Porteñitas 3 U 96 g","Traviata","96 g",""
"7790580132477","Garbanzos Arcor 300 xg","Arcor","",""
"7793360132469","Garbanzos La Campagnola Secos Remojados 300 g.","La Campagnola","300 g",""
"7790415128729","Gascon Vino Tinto Familia Gascón Reserva Malbec 750 Cc","Gascon","750 Cc",""
"7790895001451","Gaseosa Coca-Cola Light 1,5 lt","Coca Cola","1,5 lt",""
"7790895001413","Gaseosa Coca Cola Original 1 l.","Coca Cola","1 l",""
"7790895000430","Gaseosa Coca-Cola Sabor Original 1,5 lt","Coca Cola","1,5 lt",""
"7790895068164","Gaseosa Coca Cola Sabor Original 2.5 L.","Coca Cola","2.5 L",""
"7790895006418","Gaseosa Coca Cola Sabor Original 3 l.","Coca Cola","3 l",""
"7790895067631","Gaseosa Coca Cola Sin Azúcares 1 l.","Coca Cola","1 l",""
"7790895640841","Gaseosa Coca Cola Sin Azúcares Lata 310 cc.","Coca Cola","310 cc",""
"7791813555049","Gaseosa Cola Pepsi 15 .l","Pepsi","",""
"7791813828372","Gaseosa Cola Pepsi Black en Lata 354 cc","Pepsi","354 cc",""
"7791813424055","Gaseosa Cola Pepsi Black Pet 3 Lts","Pepsi","",""
"7791813888376","Gaseosa Cola Pepsi en Lata 354 ml.","Pepsi","354 ml",""
"7791813555063","Gaseosa Cola Pepsi Regular 3 l.","Pepsi","3 l",""
"7791813888475","Gaseosa Cola Pepsi Regular 70 K Pet 3 lts.","Pepsi","",""
"7791813888406","Gaseosa Cola Pepsi Regular 70 K Pet 500 cc.","Pepsi","500 cc",""
"7791813969587","Gaseosa Cola Pepsi Regular Pet 1.5 Lts.","Pepsi","",""
"7790895067556","Gaseosa Cola Sin Azúcar Coca Cola Pet 1.5 L.","Coca Cola","1.5 L",""
"7790895641602","Gaseosa Fanta Naraja Zero Vitamina C Lata 310 cc.","Fanta","310 cc",""
"7790895000256","Gaseosa Fanta Naranja 354 Ml","Fanta","354 Ml",""
"7790895002762","Gaseosa Fanta Naranja Lata 310 cc.","Fanta","310 cc",""
"7791813969488","Gaseosa Lima Limón 7 Up Regular Pet 1.5 Lts.","7 Up","",""
"7791813444473","Gaseosa Lima Limón Regular 7 Up Pet 3 lts","7 Up","",""
"7798113300027","Gaseosa Manaos Lima Limón 2.25 L.","Manaos","2.25 L",""
"7798113301024","Gaseosa Manaos Pomelo 2.25 L.","Manaos","2.25 L",""
"7798113300058","Gaseosa Manaos Tónica 2.25 L.","Manaos","2.25 L",""
"7790895011467","Gaseosa Naranja Sin Azúcar Fanta Pet 3 l.","Fanta","3 l",""
"7791813421382","Gaseosa Paso De Los Toros Pomelo 1.5l","Paso De Los Toros","1.5l",""
"7791813080039","Gaseosa Paso De Los Toros Pomelo Sin Azucar  1,5lts","Paso De Los Toros","",""
"7791813421368","Gaseosa Paso De Los Toros Tónica 1.5l","Paso De Los Toros","1.5l",""
"7791813828419","Gaseosa Pepsi Black Botella 1,5 Lt.","Pepsi","1,5 Lt",""
"7791813828365","Gaseosa Pepsi Black Botella 500 ml","Pepsi","500 ml",""
"7791813222507","Gaseosa Pepsi Twist 15 .lt","Pepsi","",""
"7790895006722","Gaseosa Schweppes Citrus 1,5 lt","Schweppes","1,5 lt",""
"7790895002809","Gaseosa Schweppes Ginger Ale en Lata 310 cc.","Schweppes","310 cc",""
"7790895010088","Gaseosa Schweppes Sin Azúcares Pomelo 1,5 Lt","Schweppes","1,5 Lt",""
"7790895643903","Gaseosa Schweppes Sin Azúcares Pomelo 310 ml","Schweppes","310 ml",""
"7790895006715","Gaseosa Schweppes Tónica 1.5 L","Schweppes","1.5 L",""
"7790895003202","Gaseosa Schweppes Tónica 310 ml","Schweppes","310 ml",""
"7790895006821","Gaseosa Schweppes Tónica 354 Ml","Schweppes","354 Ml",""
"7791813777038","Gaseosa Seven Up x 500 ml","Seven Up","500 ml",""
"7790895005015","Gaseosa Sprite Lima Limón 1 l.","Sprite","1 l",""
"7790895000447","Gaseosa Sprite Lima-Limón 1,5 lt","Sprite","1,5 lt",""
"7790895064128","Gaseosa Sprite Lima Limón 3 l.","Sprite","3 l",""
"7790895002755","Gaseosa Sprite Lima-Limón 310 ml","Sprite","310 ml",""
"7790895000270","Gaseosa Sprite Lima-Limón 354 Ml","Sprite","354 Ml",""
"7790895064173","Gaseosa Sprite Sin Azúcar Lima-Limón 1,5 Lt","Sprite","1,5 Lt",""
"7790895640896","Gaseosa Sprite Sin Azúcar Lima-Limón 310 ml","Sprite","310 ml",""
"7790895064364","Gaseosa Sprite Sin Azúcar Lima-Limón 354 ml","Sprite","354 ml",""
"7891150063594","Gel Dental Close Up Aloe Fresh 90 g.","Close Up","90 g",""
"7790778071229","GEL VO5 FLEXIBLE X 200 GRS","Vo5","200 GRS",""
"7791113001895","Gelatina Cereza Light Emeth 25 gr","Emeth","25 gr",""
"7791113002151","Gelatina Deit Emeth de Frutilla 25 g.","Emeth","25 g",""
"7791113001178","Gelatina Emeth Frutilla 70 g.","Emeth","70 g",""
"7791113001161","Gelatina Frambuesa Con Vitamina Z Emeth 70 gr","Emeth","70 gr",""
"7790580144067","Gelatina Mogul de Manzana 25 grs","Mogul","25 grs",""
"78944800","Genérico Antitranspirante Rexona Roll On V8 50 cc.","Genérico","50 cc",""
"7790360974020","Genérico Carne Picada Congelada","Genérico","",""
"7790040151901","Genérico Galletitas Acarameladas Maná 145 grs","Genérico","145 grs",""
"7790040151192","Genérico Galletitas Acarameladas Porteñitas x 3 139 grs","Genérico","139 grs",""
"0763571806012","Generico Gin Heredero Pink 700 ml","Genérico","700 ml",""
"7798081191146","Generico Palmeta  heralplast Varios","Genérico","",""
"7790411000043","Genérico Yerba Mate Rosamonte Con Palo 1 kg.","Genérico","1 kg",""
"7790411000050","Genérico Yerba Mate Rosamonte Con Palo 500 g.","Genérico","500 g",""
"5000299618424","Gin Beefeater London Dry  1 L","Beefeater","1 L",""
"0724751009876","Gin Heredero 700 ml","HEREDERO","700 ml",""
"0763571869000","Gin Pomelo Rosado Heredero en Botella 700 ml","HEREDERO","700 ml",""
"7790520998194","Glade Aerosol Cherry 360cc","Glade","360cc",""
"7790520998170","Glade Aerosol I Love You 360ml","Glade","360ml",""
"7790520998231","Glade Aerosol Jazmin 360 ml","Glade","360 ml",""
"7790520998224","Glade Aerosol Lavanda Y Aloe 360 Ml","Glade","360 Ml",""
"7790520998248","Glade Aerosol Morning Freshness 360 Ml","Glade","360 Ml",""
"7790520998255","Glade Aerosol Potpourri 360ml","Glade","360ml",""
"7790520998187","Glade Aerosol Vanilla 360ml","Glade","360ml",""
"7798186032542","Gomita Billiken Frutal 30 g","Billiken","30 g",""
"7790580116965","Gomitas Mogul Acido Extreme 35 Gr","Mogul","35 Gr",""
"7790580141660","Gomitas Mogul Tubitos Tutti Futti 70 xg","Mogul","",""
"7790580129354","Gomitas Mogul Tutti Frutti 50g","Mogul","50g",""
"7790580230111","Gomitas Mogul Viboritas 30 Gr","Mogul","30 Gr",""
"7792350067033","Granos de Choclo Amarillos Inalpa Enteros X300","Inalpa","",""
"7790079000867","Grasa Bovina Paladini Comestible 5Oo g","Paladini","",""
"7790079020711","Hamburguesa Paladini Cong 4 un","Paladini","",""
"7790079020704","Hamburguesa Paladini Flow Pack Cong 2 un","Paladini","",""
"7790079021251","Hamburguesas Paladini Fun Burgers Cerdo Bacon Y Cheddar 2 U x 167 gr","Paladini","167 gr",""
"7790199000013","Harina 000 Morixe 1 Kg","Morixe","1 Kg",""
"7790199000020","Harina 0000 Morixe 1 Kg","Morixe","1 Kg",""
"7790070562180","Harina Blancaflor Leudante Fort 1 xkg","Blancaflor","",""
"7792180136657","Harina Leudante Pureza Sin Sodio 1kg","Pureza","1kg",""
"7790199604075","Harina Morixe Fortivac 000  1kg","Morixe","1kg",""
"7792180134516","Harina Pureza Integral 100% 1 Kg","Pureza","1 Kg",""
"7500435206709","Head & Shoulders Shampoo Head&Shoulders Fuerza 180 ml","Head & Shoulders","180 ml",""
"7500435206556","Head & Shoulders Shampoo Head&Shoulders Limpieza 180 ml","Head & Shoulders","180 ml",""
"7500435206570","Head & Shoulders Shampoo Head&Shoulders Manzana 180 ml","Head & Shoulders","180 ml",""
"7500435206587","Head & Shoulders Shampoo Head&Shoulders Manzana 375 ml","Head & Shoulders","375 ml",""
"7500435206440","Head & Shoulders Shampoo Head&Shoulders Men 3En1 375 ml","Head & Shoulders","375 ml",""
"7794000007741","Hellmanns Salsa Golf Helmanns Dp 250 g.","Hellmann´S","250 g",""
"7790150310267","Hierba La Virginia Boldo Ni20 25s","La Virginia","",""
"7790150350171","Hierba La Virginia Cedron 25 Saquitos","La Virginia","",""
"7790150331088","Hierba La Virginia Manzan Anis Ni20 25s","La Virginia","",""
"7793147573331","IMPERIAL UAR 6 X 473 CC","Imperial","473 CC",""
"7790790120318","Inca Conserva Vegetales Choclo Amarillo Grano 350 gr","Inca","350 gr",""
"7798083731920","Infusion Cuarto Creciente de Naranja Canela 20 uni","Cuarto Creciente.","",""
"7790520997692","Insecticida Raid Antipolillas Aerosol 360 ml","Raid","360 ml",""
"7790520028679","Insecticida Raid Casa Y Jardin 380 cc.","Raid","380 cc",""
"7790520997654","Insecticida Raid Exterminador Cucarachas en Aerosol 360 ml","Raid","360 ml",""
"7790520009906","Insecticida Raid Mata Pulgas Y Garrapatas En Aerosol 390cc","Raid","390cc",""
"7792170110704","Isotónica Gatorade Cool Blue 1.25 L","Gatorade","1.25 L",""
"7790895648687","Isotónica Powerade Sabor Uva Pet 500 cc.","Powerade","500 cc",""
"7792170042029","Istotónica Gatorade Frutas Tropicales 500 Ml","Gatorade","500 Ml",""
"7792170110575","Istotónica Gatorade Manzana 1.25 L","Gatorade","1.25 L",""
"7792170042005","Istotónica Gatorade Manzana 500 Ml","Gatorade","500 Ml",""
"7792170052271","Istotónica Gatorade Manzana 750 Ml","Gatorade","750 Ml",""
"7792170042012","Istotónica Gatorade Naranja 500 Ml","Gatorade","500 Ml",""
"7794218106236","Jabon de Tocador Argentino 380 xgr","ARGENTINO","",""
"7791293050812","Jabón de Tocador Lux Lirio Azul X3 120 g.","Lux","120 g",""
"7791293050973","Jabon de Tocador Rexona Bamboo 120 gr","Rexona","120 gr",""
"7791293050980","Jabon de Tocador Rexona Cotton Fresh 120 gr","Rexona","120 gr",""
"7791293050942","Jabon de Tocador Rexona Futbol Fanatics 3X120 gr","Rexona","120 gr",""
"7791293051000","Jabon de Tocador Rexona Nutrit Orchid 120 gr","Rexona","120 gr",""
"7891150075382","Jabón En Barra Dove Antibacterial Cuida & Protege 90 G","Dove","90 G",""
"7791293050805","Jabón en Barra Lux Jazmín 3X125 Gr.","Lux","125 Gr",""
"7791293049076","Jabon en Barra Rexona  bamboo  125 g","Rexona","125 g",""
"7791293050928","Jabón en Barra Rexona Bamboo 3125 xgr","Rexona","",""
"7791293049137","Jabon en Barra Rexona  Cotton Fresh 3X125 g Multipack","Rexona","125 g",""
"7791293050966","Jabón en Barra Rexona Sensible 125 gr","Rexona","125 gr",""
"7791293050911","Jabón en Barra Rexona Sensible 3125 xgr","Rexona","",""
"7791290793460","Jabon en Pan Ala Ecolavado Coco 2U 200 g","Ala","200 g",""
"7796311000022","Jabón en Pan Para Ropa Seiseme Blanco 300 g.","Seiseme","300 g",""
"7791290792050","Jabón en Polvo Ala Lavado a Mano Con Perlas Suavizantes 800 g","Ala","800 g",""
"7791290792166","Jabón en Polvo Ala Mañana de Sol Matic 400 g.","Ala","400 g",""
"7791290791787","Jabon en Polvo Ala Matic Con Bicarbonato 3 kg","Ala","3 kg",""
"7791290792104","Jabón en Polvo Ala Matic Con Perlas Suavizantes 3 kg","Ala","3 kg",""
"7791290792098","Jabón en Polvo Ala Matic Con Perlas Suavizantes 400 g.","Ala","400 g",""
"7791290792081","Jabón en Polvo Ala Matic Con Perlas Suavizantes 800 g","Ala","800 g",""
"7791290792142","Jabón en Polvo Ala Matic Mañana de Sol Con Perlas Suavizantes 800 g","Ala","800 g",""
"7791290791756","Jabón en Polvo Lavado a Mano Ala Con Bic Maxima Blancura 3 kg.","Ala","3 kg",""
"7791290792074","Jabón en Polvo Lavado a Mano Ala  Core Ecolavado 3 kg","Ala","3 kg",""
"7790828105058","Jabon Kenia Antibacterial 80","Kenia","",""
"7791290792173","Jabón Líquido Para Ropa Ala Toque de Vívere Matic 3 l.","Ala","3 l",""
"7791290795129","Jabón Líquido Para Ropa Granby Matic Limón 3 lts.","Granby","",""
"7791290795112","Jabón Líquido Para Ropa Granby Matic Limón 800 cc.","Granby","800 cc",""
"7791290795136","Jabón Líquido Para Ropa Granby Matic Rosas 3 lts.","Granby","",""
"7791290795143","Jabón Líquido Para Ropa Granby Matic Rosas 800 cc.","Granby","800 cc",""
"7791905003878","Jabón Líquido Para Ropa Netic 3 l","Netic","3 l",""
"7898422746827","Jabón Pastilla Individual Dove Exfoliante 90 gr","Dove","90 gr",""
"7791290792012","Jabon Ropa Ala Ropa Ecolavado Doypack 800 ml","Ala","800 ml",""
"7791290792036","Jabon Ropa Ala Ecolavado Doypack 3 lt","Ala","3 lt",""
"7790828104785","Jabón Tocador Kenia Color Mix Glicerina 3X80 Gramos","Kenia","",""
"7794218000176","Jabón Tocador St Tropez Brisa de Primavera 3X1","ST TROPEZ","",""
"7791113004520","Jalea Emeth de Membrillo Frasco 454 g.","Emeth","454 g",""
"7798013107320","Jamón Cocido Feteado Chacra 43 150 g.","CHACRA 43","150 g",""
"7790360964557","Jamón Del Diablo Swift 85 Gr","Swift","85 Gr",""
"7792350004564","Jardinera Inalpa 220 Gr","Inalpa","220 Gr",""
"7792350067026","Jardinera Inalpa de Hortalizas Y Legumbres X30","Inalpa","",""
"7792350067170","Jardinera Inalpa Vida Sin Sal 300 xgr","Inalpa","",""
"7790895000720","Jugo Cepita Del Valle Manzana 200 Ml","Cepita","200 Ml",""
"7790895002991","Jugo Cepita Del Valle Nutridefensas Durazno 200 ml","Cepita","200 ml",""
"7798083731647","Jugo Cuarto Creciente - Pera","Cuarto Creciente.","",""
"7798083731234","Jugo Cuarto Creciente Té Verde Matcha Limon Con Chia 1.5 l","Cuarto Creciente.","1.5 l",""
"7790130000713","Jugo de Limon Menoyo 250 ml.","Menoyo","250 ml",""
"7790580129699","Jugo En Polvo Arcor Anana 18gr","Arcor","18gr",""
"7790580141516","Jugo en Polvo Arcor Anana x 15 gr","Arcor","15 gr",""
"7790580143244","Jugo en Polvo Arcor de Frutilla 15 grs","Arcor","15 grs",""
"7790580143527","Jugo en Polvo Arcor de Limonada 15 grs","Arcor","15 grs",""
"7790580144142","Jugo en Polvo Arcor de Manzana 15 grs","Arcor","15 grs",""
"7790580141509","Jugo en Polvo Arcor de Naranja Banana 15 grs","Arcor","15 grs",""
"7790580142285","Jugo en Polvo Arcor de Pomelo Rosado 15 grs","Arcor","15 grs",""
"7790580142766","Jugo en Polvo Arcor Durazno 15 gr","Arcor","15 gr",""
"7790580129927","Jugo En Polvo Arcor Durazno 18gr","Arcor","18gr",""
"7790580129910","Jugo En Polvo Arcor Frutilla 18gr","Arcor","18gr",""
"7790580129682","Jugo En Polvo Arcor Limonada 18gr","Arcor","18gr",""
"7790580129286","Jugo En Polvo Arcor Manzana 18gr","Arcor","18gr",""
"7790580142490","Jugo en Polvo Arcor Multifruta 15 gr","Arcor","15 gr",""
"7790580129774","Jugo En Polvo Arcor Multifruta 18gr","Arcor","18gr",""
"7790580132415","Jugo En Polvo Arcor Naranja 18gr","Arcor","18gr",""
"7790580129705","Jugo En Polvo Arcor Naranja Banana 18gr","Arcor","18gr",""
"7790580129712","Jugo En Polvo Arcor Naranja Dulce 18gr","Arcor","18gr",""
"7790580143008","Jugo en Polvo Arcor Naranja Dulce x 15 gr","Arcor","15 gr",""
"7790580129675","Jugo En Polvo Arcor Naranja Durazno 18gr","Arcor","18gr",""
"7790580141943","Jugo en Polvo Arcor Naranja Durazno x 15 gr","Arcor","15 gr",""
"7790580143763","Jugo en Polvo Arcor Naranja Manzana x 15 gr","Arcor","15 gr",""
"7790580143237","Jugo en Polvo Arcor Naranja x 15 gr","Arcor","15 gr",""
"7790580129392","Jugo en Polvo Arcor Tres Frutas 18 gr","Arcor","18 gr",""
"7790580129620","Jugo En Polvo Bc Anana 7gr","Bc","7gr",""
"7790580129880","Jugo En Polvo Bc Naranja-Durazno 7gr","Bc","7gr",""
"7790580129576","Jugo En Polvo Bc Pomelo Amarillo 7gr","Bc","7gr",""
"7790130000225","Jugo Menoyo de Limón   Pet 500 cc.","Menoyo","500 cc",""
"7794000006188","Ketchup Hellmanns 250 xg","Hellmann´S","",""
"7509546686486","Kolynos Súper Blanco Frescura Intensa Crema Dental X 70 G","Kolynos","70 G",""
"7794520441063","Krach-Itos Papas Fritas Tradicionales 30 gr Krachitos","Krach-Itos","30 gr",""
"7794520869003","Krachitos Palitos de Maíz Krechitos Con Queso 60 g.","Krachitos","60 g",""
"7790499001871","La Banda Acelga Cortada 233 Gr","La Banda","233 Gr",""
"7790580129637","La Campagnola Jugo En Polvo Bc Frutilla-Limon 7gr","La Campagnola","7gr",""
"7798141877638","La Celia Vino Eugenio Bustos Blanco Dulce 750 cc","La Celia","750 cc",""
"7798141877379","La Celia Vino Eugenio Bustos Cabernet Sauvignon","La Celia","",""
"7798141877393","La Celia Vino Eugenio Bustos Leyenda Cabernet Sauvignon 750 Cc","La Celia","750 Cc",""
"7798141877386","La Celia Vino Tinto Egenio Bustos Leyenda Malbec 750 Cc","La Celia","750 Cc",""
"77917188","La Gotita® La Gotita Adhesivo Instantaneo 2 ml","La Gotita®","2 ml",""
"7790550029431","La Planta de Café Café Instantaneo Clásico La Planta en Frasco 170 g.","La Planta De Café","170 g",""
"7790742014122","La Serenisima Crema Uat Ls Batir 520 tetratopml","La Serenisima","",""
"7790742436108","La Serenísima Leche Polvo Serenisima Entera Vit. x 200 gr","La Serenisima","200 gr",""
"7790742358608","La Serenisima Leche Uat Protein Ls Bot 1l","La Serenisima","1l",""
"7790480090013","La Tranquera Mate Cocido Latranquera en Saquitos 50 uni","La Tranquera","",""
"7798347080023","Lampara Led 7W Fria B/50 Candela","CANDELA","",""
"7798347086209","Lampara Led Bulbo E27 10W Calida Candela","CANDELA","",""
"7798347086193","Lampara Led Bulbo E27 10W Fria Candela","CANDELA","",""
"7798347080054","Lámpara Led Candela 12W Fría 1 Un.","CANDELA","",""
"7798347080047","Lámpara Led Candela 9W Fría 1 Un.","CANDELA","",""
"7798347080061","Lámpara Led Candela Fría 12W 1 Un.","CANDELA","",""
"7798338291520","Las Tres Niñas Yogur Bebible Larga Vida Las 3 Niñas de Frutilla 190 grs","Las Tres Niñas","190 grs",""
"7798338291537","Las Tres Niñas Yogur Bebible Larga Vida Las 3 Niñas de Vainilla 190 grs","Las Tres Niñas","190 grs",""
"7790598013782","Laurel en Hojas Don Ubaldo 10 g.","Don Ubaldo","10 g",""
"7791290794962","Lavandina en Gel Vim Lavanda Pod Des 700 ml","Vim","700 ml",""
"7791290794955","Lavandina en Gel Vim Original Pod Des 700 ml","Vim","700 ml",""
"7790828104747","Lavandina Gigante 1 l","Gigante","1 l",""
"7790828104914","Lavandina Gigante Original x 2 l","Gigante","2 l",""
"7791905024125","Lavandina Odex Aditivada Multisuperficies 2 l.","Odex","2 l",""
"7791290794276","Lavavajilla Concentrado Ala Limón en Botella 300 cc.","Ala","300 cc",""
"7791290794313","Lavavajillas Concentrado Ala Oceano en Botella 300 cc.","Ala","300 cc",""
"7798013103155","Leberwurst Cagnoli 150 Gr","Cagnoli","150 Gr",""
"7790079000638","Leberwurst Paladini 250 Gr","Paladini","250 Gr",""
"7791337007260","Leche Choc Cindor 200 ml","Cindor","200 ml",""
"7791337007253","Leche Chocolatada Cindor x 1 l","Cindor","1 l",""
"7790787949670","Leche Chocolatada Ilolay 1 l.","Ilolay","1 l",""
"7790787172566","Leche Chocolatada Ilolay 1 lt","Ilolay","1 lt",""
"7790787949687","Leche Chocolatada Ilolay x 200 ml","Ilolay","200 ml",""
"7791337008403","Leche Chocolatada La Serenísima Clásico 1 lt.","La Serenisima","1 lt",""
"7791337008410","Leche Chocolatada La Serenísima Clásico 200 cc.","La Serenisima","200 cc",""
"8445290883858","Leche Condensada Nestlé Descremada Tetra 395 g.","Nestle","395 g",""
"8445290900654","Leche Condensada Organica Nestle 395 gr","Nestle","395 gr",""
"7790742436207","Leche En Polvo Descremada La Serenisima 200 Gr","La Serenisima","200 Gr",""
"7790742436405","Leche En Polvo Descremada La Serenisima 400 Gr","La Serenisima","400 Gr",""
"7790742436306","Leche En Polvo Entera La Serenisima 400 Gr","La Serenisima","400 Gr",""
"7790742437303","Leche en Polvo Entera La Serenísima 800 grs","La Serenisima","800 grs",""
"7790787206155","Leche en Polvo Ilolay Entera 400 gr","Ilolay","400 gr",""
"7790742437402","Leche en Polvo Liviana La Sereni´Sima 800 grs","La Serenisima","800 grs",""
"7791337009424","Leche Fermantada Frutal Actimel Kids Marvel  100 g.","Actimel","100 g",""
"7791337009707","Leche Fermentada Actimel de Frutilla x 6 100 ml","Actimel","100 ml",""
"7791337009790","Leche Fermentada Actimel de Naranja 100 ml","Actimel","100 ml",""
"7791337007802","Leche Fermentada Actimel Sabor Frutilla 100 cc.","Actimel","100 cc",""
"7790787949656","Leche Ilolay Larga Vida Descremada x 1 l","Ilolay","1 l",""
"7790742358400","Leche La Serenisima Barista 1 l","La Serenisima","1 l",""
"7790742331601","Leche Modificada en Polvo Armonía 400 g.","Armonia","400 g",""
"7790742331304","LECHE POLVO ARMONIA X 800 GRS","Armonia","800 GRS",""
"7790787201228","Leche Polvo Ilolay 800 xgr.","Ilolay","",""
"7790787201303","Leche Polvo Ilolay Desc. x 800 gr","Ilolay","800 gr",""
"7790742335609","Leche Uat Desc La Serenisima 1% Bot 1 l","La Serenisima","1 l",""
"7790742335807","Leche Uat Desc La Serenisima Hierro 1 l","La Serenisima","1 l",""
"7790742358509","Leche Uat Descremada La Serenisima Prebiotica Botella 1 l","La Serenisima","1 l",""
"7790742335500","Leche Uat Entera La Serenisima 3% Bot 1 l","La Serenisima","1 l",""
"7798347080016","Led Bulbo E27 Cálida 7W Candela","CANDELA","",""
"7792350068030","Lenteja Secas Sin Sal Inalpa Cormillot 300 g.","Inalpa","300 g",""
"7793594951317","LENTEJAS INDELMA 400G","INDELMA","400G",""
"7793360132445","Lentejas La Campagnola Secas Remojadas 300 g.","La Campagnola","300 g",""
"7790580132453","Lentejas Secas Remojadas Arcor en Lata 300 g.","Arcor","300 g",""
"7792350004571","Lentejas Secas Remojadas Inalpa 350 Gr","Inalpa","350 Gr",""
"7792350067064","Lentejas Secas Remojadas Inalpa Lata 300 g.","Inalpa","300 g",""
"7792350067217","Lentejas Secas Remojadas Inalpa Sin Sal Lata 300 g.","Inalpa","300 g",""
"7798018851211","Levadura Levex Masa Madre 13 gr","Levex","13 gr",""
"7798018850184","Levadura Seca Levex Instantánea 20 Gr","Levex","20 Gr",""
"7790315000149","Levite Agua Villa Del Sur Sin Gas 1,65lt","Levite","1,65lt",""
"7791130002752","Limpiador Antigrasa Procenex Repuesto 420 Ml","Procenex","420 Ml",""
"7791290787827","Limpiador Cif Gel 2 en 1 original 500 ml","Cif","500 ml",""
"7791290794221","Limpiador Crema Cif Bio Active Original Multiuso x 500 ml","Cif","500 ml",""
"7790520012531","Limpiador de Baño Mr Músculo en Crema Floral 450 ml","Mr Musculo","450 ml",""
"7790520998880","Limpiador de Cocina Mr Musculo Antigrasa Repuesto 450 ml","Mr Musculo","450 ml",""
"7791290795624","Limpiador de Vidrio Cif Expert Multiuso 450 cc.","Cif","450 cc",""
"7790520992574","Limpiador Desinfectante Para Inodoro Pato Purific 100destructor De Sarro Citrus 500ml","Pato","500ml",""
"7791290795846","Limpiador en Gel Desinfectante Cif Original en Botella 500 cc.","Cif","500 cc",""
"7791905023890","Limpiador Líquido Bosque Odex 900 cc.","Odex","900 cc",""
"7791905023982","Limpiador Líquido Odex Limón 900 cc.","Odex","900 cc",""
"7791130963343","Limpiador Líquido Procenex Brisa Floral en Botella 900 cc.","Procenex","900 cc",""
"7791130683531","Limpiador Líquido Procenex Fragancia Jardín 900 ml","Procenex","900 ml",""
"7791130683685","Limpiador Líquido Procenex Pino 900 ml","Procenex","900 ml",""
"7791130683678","Limpiador Líquido Procenex Pisos Limón 900 ml.","Procenex","900 ml",""
"7791130963367","Limpiador Líquido Procenex Tropical 900 cc.","Procenex","900 cc",""
"7790520998842","Limpiador Mr. Musculo Extra Power 450 ml","Mr Musculo","450 ml",""
"7790520998866","Limpiador Mr Musculo Extra Power Cocina Dp 900","Mr Musculo","",""
"7790520018618","Limpiador Mr Músculo Vidrios Y Multiuso Lavanda 450 ml","Mr Musculo","450 ml",""
"7790520995551","Limpiador Multisuperficies Y Electrónicos Blem Citrus Aerosol 360ml","Blem","360ml",""
"7791290793330","Limpiador Para Pisos Cif Oxygel x 750 ml","Cif","750 ml",""
"7791290793354","Limpiador Pisos Cif Plastificado Flotant 750 ml","Cif","750 ml",""
"7790520028631","Líquido Para Lampazos Ceramicol en Botella 860 ml","Ceramicol","860 ml",""
"7790520028747","Lustramuebles Blem Brillo Y Protección Madera Original Aerosol 360 ml.","Blem","360 ml",""
"7790520997029","Lustramuebles Blem Granito Y Marmol Naranja En Aerosol 360cc","Blem","360cc",""
"7790520030368","Lustramuebles en Crema Blem 200 ml","Blem","200 ml",""
"7790077001033","Madalenas Pozo Coco Rellena Con Dulce de Leche 220 g.","Pozo","220 g",""
"7790077000722","Madalenas Pozo Con Chips Choco 220 g.","Pozo","220 g",""
"7790077000364","Magdalena Clásica Pozo 250 g.","Pozo","250 g",""
"7790077000739","Magdalena Pozo Marmolada 250 g.","Pozo","250 g",""
"7790077000746","Magdalenas Rellenas Con Dulce de Leche Pozo 250 g.","Pozo","250 g",""
"7790742345707","Manteca Light La Serenisima 200gr","La Serenisima","200gr",""
"7702018874729","Máquinas Para Afeitar Gillette Prestobarba3 2 Un","Prestobarba","",""
"7702018983902","Máquinas Para Afeitar Gillette Prestobarba3 Cool 4 Un","Prestobarba","",""
"7790950134827","Martini Rosso Vermouth Extra Dry Botella 995 ml","Martini","995 ml",""
"7790520025777","Mata Cucarachas Y Arañas Raid Max Sin Olor en Aerosol 360 cc.","Raid","360 cc",""
"7790520025746","Mata Hormiga Raid en Aerosol 360 cc.","Raid","360 cc",""
"7790520028655","Mata Mosca Y Mosquito en Aerosol Raid 380 cc.","Raid","380 cc",""
"7790520028662","Mata Mosca Y Mosquito en Aerosol Raid Sin Olor 380 cc.","Raid","380 cc",""
"7790520025715","Mata Polillas Y Larvas Raid en Aerosol 360 cc.","Raid","360 cc",""
"7790520025722","Mata Pulgas Y Garrapatas Raid en Aerosol 390 cc.","Raid","390 cc",""
"7790550000317","Mate Cocido Yer-Vita en Saquitos x 50 uni","YER-VITA","",""
"7794000006065","Mayonesa Hellmanns Clasica  237 xg","Hellmann´S","",""
"7794000006072","Mayonesa Hellmanns Clasica 475 xg.","Hellmann´S","",""
"7794000007093","Mayonesa Hellmanns Liviana 237 g","Hellmann´S","237 g",""
"7790130002793","Mayonesa Menoyo Light Sin Tacc X500cc","Menoyo","500cc",""
"7790130002755","Mayonesa Menoyo  Original Sin Tacc X250 Cc","Menoyo","250 Cc",""
"7790130002762","Mayonesa Menoyo  Original Sin Tacc X500 Cc","Menoyo","500 Cc",""
"7790079016011","Medallon de Carne Fela Cong 2 un","Fela","",""
"7790079015649","Medallon de Carne Fela Cong 4 un","Fela","",""
"7790079019692","Medallon de Pollo Paladini Cong 2 un","Paladini","",""
"7790079020773","Medallón de Pollo Paladini Espinaca Y Queso 2 U.","Paladini","",""
"7790079019708","Medallón de Pollo Paladini Jamón Y Queso 2 U.","Paladini","",""
"7790360966841","Medallon Swift de Carne Vacuna Con Soja Cong. x 4U","Swift","",""
"7790670053040","Medallones de Carne Vacuna Barfy 276 g 4U","Barfy","276 g",""
"7790670051312","Medalon De Carne Con Queso Paty Flow 2 U -200 Gr","Paty","200 Gr",""
"77952455","Menthoplus Acidos Manzan X 12","Menthoplus","",""
"77958532","Menthoplus Vitamina Limon X 12 Unid.","Menthoplus","",""
"7790580123437","Mermelada Arcor Ciruela Fruta X454g","Arcor","454g",""
"7790580132170","Mermelada Arcor Damasco Fruta X454g","Arcor","454g",""
"7790580132163","Mermelada Arcor Durazno 454 xg","Arcor","",""
"7790580121303","Mermelada Arcor Durazno Sin Azucar 390 gr","Arcor","390 gr",""
"7790580132187","Mermelada Arcor Frutilla Fruta 454 xg","Arcor","",""
"7790580121310","Mermelada Arcor Frutilla Sin Azúcar 390 g.","Arcor","390 g",""
"7790580132248","Mermelada Arcor Light F Ciruela X390g","Arcor","390g",""
"7790580132231","Mermelada Arcor Light F Damasco X390g","Arcor","390g",""
"7790580132224","Mermelada Arcor Light F Durazno X390g","Arcor","390g",""
"7790580132255","Mermelada Arcor Light F Frutilla X390g","Arcor","390g",""
"7790580132194","Mermelada Arcor Naranja Fruta X454g","Arcor","454g",""
"7790580126933","Mermelada Arcor Naranja S/Azucar 390 Gr","Arcor","390 Gr",""
"7790580142025","Mermelada Artesanal La Campagnola de Arándanos 390 g.","La Campagnola","390 g",""
"7798083730206","Mermelada Cuarto Creciente de Durazno 400 g.","Cuarto Creciente.","400 g",""
"7798083731715","Mermelada Cuarto Creciente de Durazno 400 g.","Cuarto Creciente.","400 g",""
"7798083730213","Mermelada Cuarto Creciente Diet Ciruela 400 g","Cuarto Creciente.","400 g",""
"7793360131592","Mermelada de Frambuesa Bc La Campagnola 390 grs","Bc","390 grs",""
"7790580148959","Mermelada de Frutos Rojos La Campagnola 454 grs","La Campagnola","454 grs",""
"7791113001192","Mermelada Emeth Ciruela Light 420 gr","Emeth","420 gr",""
"7791113001291","Mermelada Emeth de Arándanos Frasco 454 g.","Emeth","454 g",""
"7791113004629","Mermelada Emeth de Ciruela Diet Frasco 390 g.","Emeth","390 g",""
"7791113000928","Mermelada Emeth de Ciruela Frasco 454 g.","Emeth","454 g",""
"7791113003417","Mermelada Emeth de Damasco 420 g.","Emeth","420 g",""
"7791113002847","Mermelada Emeth de Damasco Diet Frasco 390 g.","Emeth","390 g",""
"7791113000942","Mermelada Emeth de Damasco Frasco 454 g.","Emeth","454 g",""
"7791113000959","Mermelada Emeth de Durazno Diet Frasco 390 g.","Emeth","390 g",""
"7791113000904","Mermelada Emeth de Durazno Frasco 454 g.","Emeth","454 g",""
"7791113001215","Mermelada Emeth de Durazno Light Pote 420 g.","Emeth","420 g",""
"7791113003356","Mermelada Emeth de Durazno Pote 420 g.","Emeth","420 g",""
"7791113002328","Mermelada Emeth de Frutilla Diet Frasco 390 g.","Emeth","390 g",""
"7791113000911","Mermelada Emeth de Frutilla Frasco 454 g.","Emeth","454 g",""
"7791113003783","Mermelada Emeth de Frutilla Pote 420 g.","Emeth","420 g",""
"7791113006913","Mermelada Emeth de Frutos Del Bosque Con Pote 420 g.","Emeth","420 g",""
"7791113002458","Mermelada Emeth de Frutos Del Bosque Frasco 454 g.","Emeth","454 g",""
"7791113006920","Mermelada Emeth de Frutos Del Bosque Pote 420 g.","Emeth","420 g",""
"7791113000935","Mermelada Emeth de Naranja Frasco 454 g.","Emeth","454 g",""
"7791113003790","Mermelada Emeth Frambuesa 420 g","Emeth","420 g",""
"7791113004445","Mermelada Emeth Frambuesa 454 gr.","Emeth","454 gr",""
"7791113001222","Mermelada Emeth Frambuesa Light 420 gr","Emeth","420 gr",""
"7791113001284","Mermelada Emeth Naranja Light 420 gr","Emeth","420 gr",""
"7790580148973","Mermelada Frutos Del Bosque Bc La Campagnola 390 grs","Bc","390 grs",""
"7793360131561","Mermelada La Campagnola Arandano 390 xg Bc","La Campagnola","",""
"7793360131523","Mermelada La Campagnola B.C F Damasco X390g","La Campagnola","390g",""
"7793360131516","Mermelada La Campagnola B.C F Durazno X390g","La Campagnola","390g",""
"7793360131424","Mermelada La Campagnola Ciruela X454g","La Campagnola","454g",""
"7793360131448","Mermelada La Campagnola Damasco X454g","La Campagnola","454g",""
"7793360129919","Mermelada La Campagnola Frutos Rojos","La Campagnola","",""
"7793360131431","Mermelada La Campagnola Naranja X454g","La Campagnola","454g",""
"99999999999999","MILANESAS DE POLLO EL KG LLEVANDO 2 KG O MAS","Club de Promociones","2 KG",""
"7790360967794","Milanesas De Soja Swift Jamon Y Queso X 350 Gr","Swift","350 Gr",""
"7790369000089","Mini Tapitas Fachitas 400 Gr","Fachitas","400 Gr",""
"77958624","Mir Almohadon P/ Silla Cloe 40X40- Negro","Mir","",""
"7791120032561","Mir Arroz 53 B.B.4 0 500 xgr","Mir","",""
"7792798002726","Mir C Andes Origen Ipa l 473 cc","Mir","473 cc",""
"7792798992317","Mir C Andes Origen Roja Lata 473 C","Mir","",""
"7792798010615","Mir Cer Stella Artois Lata 473 cc","Mir","473 cc",""
"7792798014750","Mir Cerveza Corona 473 Jjoo x 6","Mir","",""
"7793147573386","Mir Cerveza Miller x 473 ml.","Mir","473 ml",""
"77932693","Mir Chicle Top Line 7 mand 14 g","Mir","14 g",""
"7790790120806","Mir Choclo Cremoso Blanco Inca x 350 gr","Mir","350 gr",""
"7790742141903","Mir Crema Ls Liv Uat T Top 200C","Mir","",""
"7791293043739","Mir Deo Axe Aer Ap Apollo x 152 ml","Mir","152 ml",""
"7791813434368","Mir Gaseosa Seven Up Sin Az?Car x 500 ml","Mir","500 ml",""
"7790520028778","Mir Glade Aero I Love You 380 ml","Mir","380 ml",""
"7791290794634","Mir Jabon Liquido Eco Lavado a Mano Ala x 800 ml","Mir","800 ml",""
"7790790120271","Mir Jardinera Inca x 350 gr","Mir","350 gr",""
"7790742448309","Mir Leche Entera La Serenísima Mult Vit 3% Sachet x 1 lt","Mir","1 lt",""
"7790742448101","Mir Leche Parcial Descremada La Serenísima Mult Vit 1% Sachet x 1 lt","Mir","1 lt",""
"7790520028877","Mir Lustramuebles Blem Madera Lavanda x 360 ml","Mir","360 ml",""
"8445291121867","Mir Nesquik S/Tacc S/Premix 180 xg","Mir","",""
"7790580346614","Mir Oblea B O B Blanca 30 xgr","Mir","",""
"7790790120332","Mir Porotos Secos Inca 350 xg","Mir","",""
"7790787004416","Mir Queso Unt Ilolay Clasico x 190 g.","Mir","190 g",""
"7792350067149","Mir Remolacha en Cubos Inalpa x 300 gr","Mir","300 gr",""
"7790040125063","Mir Saladix Papas Cheddar 95 xg","Mir","",""
"7798099592812","Mir Vino Newen Pinot Noir Reservado x 750 ml","Mir","750 ml",""
"7790945005200","Mir Vino Punto Devil Cabernet Sauvignon x 75O ml","Mir","",""
"7790480000470","Mir Vino Vinas de Alvear Bco x 1250 ml","Mir","1250 ml",""
"7791813421153","Mirinda Naranja  15 x.l","Mirinda","",""
"7791813423157","Mirinda Naranja x 225 .l","Mirinda","",""
"7792350067125","Mix de Arvejas Y Zanahoria Inalpa 300 g.","Inalpa","300 g",""
"7790580617813","Mogul Piecitos X30g","Mogul","30g",""
"7790580129347","Mogul Sandia Extreme 50 Rg","Mogul","",""
"7791120101663","Molinos Ala Almohaditas Rellenas Molino Ala de Frutilla 90 g","Molinos Ala","90 g",""
"7790079001031","Mortadela Paladini Familiar 300 Gr","Paladini","300 Gr",""
"7798353194653","Mosquita Muerta Vino Cordero Con Piel de Lobo Malbec","Mosquita Muerta","",""
"7794000006478","Mostaza Savora Original 250 xgr","SAVORA","",""
"7790520999320","Mr Musculo Limpiador Mister Musculo Ba¤O Doypack 4503 cm","Mr Musculo","",""
"7790520998903","Mr Musculo Mr. Musculo Cocina Dp 900ml","Mr Musculo","900ml",""
"7790520998835","Mr Musculo Mr. Musculo Extra Power Tr 500ml","Mr Musculo","500ml",""
"8445290256393","Nescafé® Dolca Latte x 125 gr","Nescafe","125 gr",""
"8445290335128","Nestlé® Leche Condensada Descremada x 395 gr","Nestle","395 gr",""
"7795293104100","ÑOQUIS DON YEYO CON PAPA 500 GRS.","Don Yeyo","500 GRS",""
"7790580132712","Oblea Arcor 20gr","Arcor","20gr",""
"7790580131562","Oblea Cofler Block 45g","Block","45g",""
"7790580150327","Oblea Max Chocolinas Cofler 60 Grs","Chocolinas","60 Grs",""
"7790580150273","Oblea Max de Chocolate con Avellanas Cofler 60 Grs","Cofler","60 Grs",""
"7790580109646","Obleas Bañados En Chocolate Bon O Bon 45 Gr","Bon O Bon","45 Gr",""
"7790580346515","Obleas Bon O Bon Bañadas En Chocolate Con Leche 30 Gr","Bon O Bon","30 Gr",""
"77903518","Obleas Ópera Clásicas 92 gr","Opera","92 gr",""
"7509546687285","Odol Doble Protección Crema Dental X 70 G","ODOL","70 G",""
"7790040008175","Opera Galletitas Ópera Agrupadas 220 Gr","Opera","220 Gr",""
"7794520868969","Palitos Krach-Itos Salados 110 xg","Krach-Itos","",""
"7794520869577","Palitos Sabor Mostaza Krachitos 110 gr","Krachitos","110 gr",""
"7794520869171","Palitos Salados Krachitos Sabor Panceta 110 grs","Krachitos","110 grs",""
"7793890260885","Pan Blanco Artesano Masa Madre x 500 gr","Artesano","500 gr",""
"7793890261233","Pan Blanco Bimbo x 400 gr","Bimbo","400 gr",""
"7793890258769","Pan Blanco Lactal x 315 g","Lactal","315 g",""
"7793890258752","Pan Blanco Lactal x 460 g","Lactal","460 g",""
"7793890262155","Pan Blanco Lacteado Fargo en Bolsa 510 Grs","Fargo","510 Grs",""
"7793890261219","Pan Con Lino Bimbo x 420 gr","Bimbo","420 gr",""
"7793890262131","Pan de Mesa Liviano Bimbo Grande 580 Grs","Bimbo","580 Grs",""
"7795293000198","PAN DE MOLDE DON YEYO 350 GRS","Don Yeyo","350 GRS",""
"7795293000204","PAN DE MOLDE DON YEYO MESA FAMILIAR","Don Yeyo","",""
"7795293202110","PAN DE MOLDE DON YEYO SALVADO FAMILIAR","Don Yeyo","",""
"7793890259605","Pan de Papa Para Panchos Bimbo Artesano en Bolsa 6 uni","Bimbo","",""
"7793890259261","Pan de Salvado Lactal Con Semillas en Bolsa 330 g.","Lactal","330 g",""
"7793890258783","Pan de Salvado Lactal Rodajas Finas 560 g.","Lactal","560 g",""
"7793890258776","Pan de Salvado Lactal x 330 g","Lactal","330 g",""
"7793890261523","Pan de Semilla Oroweat de Masa Madre 600 Grs","Oroweat","600 Grs",""
"7793890260892","Pan Integral Artesano Masa Madre x 500 gr","Artesano","500 gr",""
"7793890261226","Pan Integral Bimbo Cero Cero x 430 gr","Bimbo","430 gr",""
"7793890262124","Pan Integral Bimbo en Bolsa 620 grs","Bimbo","620 grs",""
"7793890261196","Pan Integral Bimbo x 420 gr","Bimbo","420 gr",""
"7798233800162","Pan Integral Con Semillas Panacity en Bolsa 410 g.","Panacity","410 g",""
"7793890261486","Pan Integral Grano Entero Fargo 400 gr","Fargo","400 gr",""
"7793890262148","Pan Lacteado Rodajas Finas Fargo 510 Grs","Fargo","510 Grs",""
"7793890261509","Pan Lacteado Rodajas Finas x 370 gr Fargo","Fargo","370 gr",""
"7795293202103","PAN LACTEADO X 360 GRS DON YEYO","Don Yeyo","360 GRS",""
"7795293202158","PAN LACTEADO X 600 DON YEYO","Don Yeyo","",""
"7793890261493","Pan Mix de Cereales Fargo 400 gr","Fargo","400 gr",""
"7793890261516","Pan Multicereal Oroweat Masa Madre 600 Grs","Oroweat","600 Grs",""
"7793890259001","Pan Para Hamburguesa Artesano Bimbo de Papa x 240 g","Bimbo","240 g",""
"7795293203209","PAN PARA PANCHOS DON YEYO","Don Yeyo","",""
"7790070433282","Pan Rallado Lucchetti Nutrivit 1 xkg","Lucchetti","",""
"7790199602910","Pan Rallado Morixe 500 Gr","Morixe","500 Gr",""
"7790070433237","Pan Rallado Preferido de Ajo Y Perejil 500 g.","Preferido","500 g",""
"7790070433176","Pan Rallado Preferido Fortificado 1 kg","Preferido","1 kg",""
"7790070433169","Pan Rallado Preferido Fortificado 500 g","Preferido","500 g",""
"7793890262162","Pan Salvado Fargo en Bolsa 600 grs","Fargo","600 grs",""
"7795293000297","PAN SEMILLAS DON YEYO","Don Yeyo","",""
"7500435228633","Pañales Pampers Babysan P x 12 U","Pampers","",""
"7500435228619","Pañales Talle g Pampers Babysan 9 uni","Pampers","",""
"7500435228626","Pañales Talle m Pampers Babysan 10 uni","Pampers","",""
"7500435138222","Pantene Pro-V Miracles Colágeno Nutre & Revitaliza Acondicionador 200 ml","Pantene","200 ml",""
"7790079021459","Papas Congeladas Paladini Corte Baston x 700 grs","Paladini","700 grs",""
"7794520441650","Papas Fritas Krachitos Jamón 55 gr","Krachitos","55 gr",""
"7794520868297","Papas Fritas Krachitos Sabor Cheddar 55 g","Krachitos","55 g",""
"7794520869133","Papas Fritas Krachitos Sabor Crema Cebolla 55 g.","Krachitos","55 g",""
"7794520869591","Papas Fritas Krachitos x Treme Hot 55 grs","Krachitos","55 grs",""
"7790040124974","Papas Fritas Sabor Original Saladix 58 g.","Saladix","58 g",""
"7790040124981","Papas Fritas Sabor Original Saladix 95 g.","Saladix","95 g",""
"7790040125018","Papas Fritas Saladix Barbacoa 58 g.","Saladix","58 g",""
"7790040125025","Papas Fritas Saladix Barbacoa 95 g","Saladix","95 g",""
"7790040129603","Papas Fritas Saladix Cre/Cebo 58 g","Saladix","58 g",""
"7790040129610","Papas Fritas Saladix Crema Y Cebolla 95 g","Saladix","95 g",""
"7794520869317","Papas Fritas Tradicional Krachitos 275 grs","Krachitos","275 grs",""
"7794520869287","Papas Fritas Tradicional Krachitos 50 grs","Krachitos","50 grs",""
"7794520868815","Papas Krach-Itos Corte Americano 115 xg","Krach-Itos","",""
"7794520868914","Papas Krach-Itos Pay 55 xg","Krach-Itos","",""
"7794520868761","Papas Krach-Itos Tradicionales 115 xg","Krach-Itos","",""
"7791070005349","Papel Higiénico Campanita Doble Hoja 4 U","Campanita","",""
"7791070000856","Papel Higienico Campanita Doble Hoja 430 xm","Campanita","",""
"7791070005103","Papel Higiénico Campanita Hoja Simple 4 U","Campanita","",""
"7791070000078","Papel Higiénico Campanita Hoja Simple 4 U","Campanita","",""
"7791070000696","Papel Higiénico Campanita Hoja Simple 4 U","Campanita","",""
"7791070000474","Papel Higienico Campanita Hoja Simple Soft Pack 4 U","Campanita","",""
"7791070000016","Papel Higiénico Campanita Hoja Simple","Campanita","",""
"7791070005622","Papel Higiénico Campanita Soft 4 rollos 50 mts.","Campanita","",""
"7790250015536","Papel Higienico Doble Hoja Higienol Plus X4 30 mts.","Higienol","",""
"7790250015567","Papel Higienico Higienol Dh Plus 82 mts","Higienol","",""
"7790250015864","Papel Higienico Higienol Hs Aloe 202 mts","Higienol","",""
"7795293601593","PASCUALINA DON YEYO HOJALDRE LIGHT 400 GRS","Don Yeyo","400 GRS",""
"7509546686271","Pasta Dental Colgate Original 180 g","Colgate","180 g",""
"7791293034454","Pasta Dental en Gel Close Up Menthol Paradise 90 g","Close Up","90 g",""
"7506339363883","Pasta Dental Oral-B 123 Anticaries Menta Suave 70 G","Oral-B","70 G",""
"7891150049888","Pasta Dental Triple Protección Menta Fresca x 70 g Close Up","Close Up","70 g",""
"7790580137069","Pastillas Mentho Plus Cool Mint 30 gr","Mentho Plus","30 gr",""
"7790360984715","Pate de Foie Picante Swift 90 Gr.","Swift","90 Gr",""
"7790360964526","Pate de Foie Swift 85 gr","Swift","85 gr",""
"7790360965189","Paté De Foie Swift Con Hongos 85 Gr","Swift","85 Gr",""
"7790360965721","Paté De Foie Swift Pimienta Verde 85 Gr","Swift","85 Gr",""
"7790360965202","Paté De Salmón Swift 85 Gr","Swift","85 Gr",""
"7790520990013","Pato Purific Gel Limpiador Floral","Pato","",""
"7791600042042","Paula Cahen Danvers Desodorante Spray Amor 123ml","Paula Cahen DAnvers","123ml",""
"7795293202202","P/DOBLE SALV X350 DON YEYO","Don Yeyo","",""
"7790580134754","Penne Rigate La Campagnola Pastas Secas  500 Gr","La Campagnola","500 Gr",""
"7791813555032","Pepsi            500 xml","Pepsi","",""
"7791600078034","Perfume Valeria Mazza Edp 60 ml","Valeria Mazza","60 ml",""
"7790920008707","Picadillo de Carne Clásico Safra x 90 gr","Safra","90 gr",""
"7790360966582","Picadillo Picante Swift 90 Gr","Swift","90 Gr",""
"7790598015168","Pimentón Extra Don Ubaldo 50 g.","Don Ubaldo","50 g",""
"7790598012600","Pimienta Negra Don Ubaldo Negra 25 g.","Don Ubaldo","25 g",""
"7790580136079","Pimienta Negra La Campagnola Molida 23 xg","La Campagnola","",""
"7792360096573","Pionono Bonafide Salado x 180 gr","Bonafide","180 gr",""
"7790740000424","Plusbelle Acondicionador Reactivación Hidratación 1000 ml","Plusbelle","1000 ml",""
"7790580126322","Polenta Prestopronta Panceta Y Queso x 250 gr","Prestopronta","250 gr",""
"7790580126315","Polenta Saborizada Presto Pronta Espinaca a La Crema 250 gr","Presto Pronta","250 gr",""
"7791130001670","Pomada Cobra Para Calzado Marron Militar Lata 30 G","Cobra","30 G",""
"7791130001663","Pomada Cobra Para Calzado Negra Lata 30 G","Cobra","30 G",""
"7790580132491","Porotos Alubia Arcor 320 gr","Arcor","320 gr",""
"7793594951348","POROTOS ALUBIA INDELMA 400G","INDELMA","400G",""
"7792350000498","Porotos Colorados Inalpa 350 Gr","Inalpa","350 Gr",""
"7793360132483","Porotos La Campagnola Alubia 300 xg","La Campagnola","",""
"7792350067101","Porotos Negros Secos Remojados Inalpa 300 g","Inalpa","300 g",""
"7790580129323","Postre Bc Chocolate X50gr","Bc","50gr",""
"7791337008489","Postre Chocobomb Serenito 118 gr.","Serenito","118 gr",""
"7791337008113","Postre Danette Copa Sabor Chocolate 100 g","Danette","100 g",""
"7791337008106","Postre Danette Copa Sabor Dulce de Leche Y Crema 100 g","Danette","100 g",""
"7791337008076","Postre de Chocolate Danette en Pote 95 g.","Danette","95 g",""
"7791337009608","Postre de Chocolate Danette Pack x 4 95 g","Danette","95 g",""
"7791337008090","Postre de Crema Americana Danette en Pote 95 g.","Danette","95 g",""
"7791337009868","Postre Dulce de Leche Pack x 4 95 gr Danette","Danette","95 gr",""
"7791113001598","Postre Emeth Chocolate 120 gr.","Emeth","120 gr",""
"7791337008663","Postre Frutilla Danonino 80,5 Grs.","Danonino","80,5 Grs",""
"7791337008427","Postre Serenito Sabor Chocolate 95 g","Serenito","95 g",""
"7791337008441","Postre Serenito Sabor Dulce de Leche 100 g","Serenito","100 g",""
"7791337008458","Postre Serenito Sabor Vainilla 120 g","Serenito","120 g",""
"7791337008434","Postre Serenito Sabor Vainilla 95 g","Serenito","95 g",""
"7791337008472","Postre Serenito Sabor Vainilla Con Rocklets 120 g","Serenito","120 g",""
"7791337008656","Postre Vainilla Danonino 80,5 Grs.","Danonino","80,5 Grs",""
"7790580129583","Postre Vainilla Godet 60g","Godet","60g",""
"7794122001870","Poxilina 38ml x1","Poxilina","38ml",""
"7790580126087","Premezcla Arcor Chocolate Sin Tacc X500gr","Arcor","500gr",""
"7790580137960","Premezcla Arcor Sin Tacc Brownie 425 g.","Arcor","425 g",""
"7790580126070","Premezcla Arcor Vainilla Sin Tacc 500 xgr","Arcor","",""
"7790580126056","Premezcla Para Ñoquis Arcor Libre de Gluten x 400 gr","Arcor","400 gr",""
"7790580138738","Presto Pronta Polenta Instantanea Prestopronta en Bolsa 490 g.","Arcor","490 g",""
"7791130962803","Procenex  Diluible Antigrasa Lima","Procenex","",""
"7790520028716","Procenex Lustramueble en Aerosol Ceramicol de Lavanda 360 cc.","Procenex","360 cc",""
"7790520028723","Procenex Lustramueble en Aerosol Ceramicol de Naranja 360 cc.","Procenex","360 cc",""
"7790520028709","Procenex Lustramueble en Aerosol Ceramicol Original 360 cc.","Procenex","360 cc",""
"7790940233257","Protector Doncella Anatomico 40 U","Doncella","",""
"7790010002905","Protectores Carefree Protección Compact 20 uni","Carefree","",""
"7790010002851","Protectores Diarios Carefree Todos Los Dias Tanga 20 uni","Carefree","",""
"7790940233271","Protectores Diarios Doncella Con Perfume x 40 uni","Doncella","",""
"7790598000430","Provenzal Don Ubaldo 25 g.","Don Ubaldo","25 g",""
"7793360000478","Pulpa De Tomate La Campagnola 520 Gr","La Campagnola","520 Gr",""
"7790580650919","Pulpa De Tomate Suave Arcor 530 Gr","Arcor","530 Gr",""
"7790580138868","Pure de Tomate La Campagnola 530 g","La Campagnola","530 g",""
"7793360000157","Puré De Tomate Salsati 520 Gr","Salsati","520 Gr",""
"7794000006355","Pure Knorr Mixto Listo 125 xg","Knorr","",""
"8445290992765","Pure Papa 4 Quesos Cremoso Maggi 100 gr.","Maggi","100 gr",""
"8445290993069","Pure Papa Hierba Cremoso Maggi 100 gr.","Maggi","100 gr",""
"7790580131098","Pure Tomate Arcor 1050g","Arcor","1050g",""
"7790742327901","Q.Procesado Finlandia Gruyere 180 g","Finlandia","180 g",""
"7791905000037","Querubin Lavandina Querubín 2 L","Querubin","2 L",""
"7790787960576","Queso Blanco Ilolay Crem Clásico 290 g","Ilolay","290 g",""
"7790787960583","Queso Blanco Ilolay Crem Light 290 g","Ilolay","290 g",""
"7791337061507","Queso Casancrem Balance 500 g","Casancrem","500 g",""
"7791337061491","Queso Casancrem Clásico 500 g","Casancrem","500 g",""
"7798060852822","Queso Con Crema Cremette Tonadita Clasico","Tonadita","",""
"7791337009844","Queso Crema Clasico La Serenísima Pote 460 grs","La Serenisima","460 grs",""
"7794990879717","Queso Crema La Paulina Doble Crema 250 Gr","La Paulina","250 Gr",""
"7794990879663","Queso Crema Light La Paulina 290 Gr","La Paulina","290 Gr",""
"7791337009851","Queso Crema Light La Serenísima Pote 460 grs","La Serenisima","460 grs",""
"7790742249906","Queso Mozzarella La Serenisima x 500 gr","La Serenisima","500 gr",""
"7794990000012","Queso Port Salut La Paulina Untable Light 190 g.","La Paulina","190 g",""
"7790742222909","Queso Rallado La Serenisima 35gr","La Serenisima","35gr",""
"7790742223302","Queso Rallado Parmesano La Serenisima 80 gr","La Serenisima","80 gr",""
"7794990879526","Queso Untable Cheddar La Paulina x 190 gr","La Paulina","190 gr",""
"7794990000043","Queso Untable La Paulina 190 gr","La Paulina","190 gr",""
"7794990879823","Queso Untable La Paulina Fundido 4 Quesos 190 gr","La Paulina","190 gr",""
"7794990878888","Queso Untable La Paulina Fundido Azul 190 gr","La Paulina","190 gr",""
"7794990878871","Queso Untable La Paulina Fundido Fontina 190 Gr","La Paulina","190 Gr",""
"7794990878925","Queso Untable La Paulina Fundido Jamón 190 Gr","La Paulina","190 Gr",""
"7794990878932","Queso Untable La Paulina Saborizado Fundido Clasico Pote 190 g","La Paulina","190 g",""
"7795293000174","RAVIOLES DON YEYO 4 QUESOS 500 GRS.","Don Yeyo","500 GRS",""
"7795293106111","RAVIOLES DON YEYO CARNE Y ESPINACA 500 GRS.","Don Yeyo","500 GRS",""
"7795293106418","RAVIOLES DON YEYO CON ESPINACA 500 GRS.","Don Yeyo","500 GRS",""
"7795293106210","RAVIOLES DON YEYO ESPINACA Y POLLO 500 GRS.","Don Yeyo","500 GRS",""
"7790070433190","Rebozador Preferido en Bolsa 1 kg.","Preferido","1 kg",""
"7790580134334","Relleno Aguila   3en1 290g","Aguila","290g",""
"7790580134341","Relleno Aguila Nut Avellanas 290g","Aguila","290g",""
"7790580133344","Relleno Block Untable 290gr","Block","290gr",""
"7790499000584","Remolacha La Banda Rebanadas 350 g.","La Banda","350 g",""
"7790520999559","Repuesto Difusor en Aceite Glade Limón Refres 21 cc.","Glade","21 cc",""
"7790520999535","Repuesto Difusor en Aceite Glade Vainilla 21 cc.","Glade","21 cc",""
"7791293051550","Rexona All Body Desodorante Aero Fresh Citrus 150 ml","Rexona","150 ml",""
"7791293049496","Rexona Antitranspirante en Aerosol Rexon Men Sensitive 150 cc.","Rexona","150 cc",""
"7790742102805","Ricotta Entera Baja En Sodio García 500gr","Tregar","500gr",""
"77961471","Rocklet´S Chocolate Rockleton Con Leche X13,5gr","Rocklet´S","13,5gr",""
"7791070005615","Rollo Cocina Campanita Practirollo 200mt","Campanita","",""
"7791070000641","Rollo De Cocina Campanita 100 Paños","Campanita","",""
"7791070000047","Rollo de Cocina Campanita Ultra 3 U","Campanita","",""
"7791070000412","Rollo de Cocina Campanita","Campanita","",""
"7791070005714","Rollo de Cocina Sol Mayor 200 Paños","Sol Mayor","",""
"7791070003222","Rollo De Cocina Sol Mayor X 3 Unid","Sol Mayor","",""
"7790150433423","Saborizador en Polvo Alicante Verduras 30 gr","Alicante","30 gr",""
"7791337009431","Sachet Danonino Frutilla x 900 gr","Danonino","900 gr",""
"7790040129641","Saladix Cross Original 135 xg","Saladix","",""
"7790040124912","Saladix Cross x 135 g","Saladix","135 g",""
"7790040125056","Saladix Snack de Papas Fritas Cheddar 65 gr","Saladix","65 gr",""
"7798013100567","Salame Milan Cagnoli Feteado Sobre 100 g","Cagnoli","100 g",""
"7798013108075","Salamin Tandilero Especial x 145 gr Cagnoli","Cagnoli","145 gr",""
"7790360983947","Salchicas Cocidas Sin Piel Sin Gluten 225Grs Swift","Swift","225Grs",""
"7790079000317","Salchichas de Viena Fela x 6Un","Fela","",""
"7793893001966","Salchichas de Viena Panchin x 6Un","Panchin","",""
"7790580133184","Salsa Arcor Filetto X340g","Arcor","340g",""
"7790580133757","Salsa Arcor Italiana 340 xg","Arcor","",""
"7790580133153","Salsa Arcor Pizza X340g","Arcor","340g",""
"7790580133139","Salsa Arcor Pomarola X340g","Arcor","340g",""
"7790580134495","Salsa Arcor Portuguesa X340g","Arcor","340g",""
"7793360130007","Salsa Arcor Rosa 340 xg","Arcor","",""
"7790580134518","Salsa Arcor Tuco X340g","Arcor","340g",""
"7793360123474","Salsa Barbacoa La Campagnola 250 Gr","La Campagnola","250 Gr",""
"7790580955809","Salsa Lista Pomarola Arcor 340 g.","Arcor","340 g",""
"7790580133177","Salsa Salsati Filetto X340g","Salsati","340g",""
"7790580133160","Salsa Salsati Pizza X340g","Salsati","340g",""
"7790580133146","Salsa Salsati Pomarola X340g","Salsati","340g",""
"7790945006757","San Huberto Vino Tinto San Humberto Cabernet Sauvignon Clásico 750 cc.","San Huberto","750 cc",""
"7798184682916","Saphirus Aromatizador Textil Fragancia Bella 250 ml","Saphirus","250 ml",""
"7798184680714","Saphirus Aromatizante De Ambiente Palo Santo 125 ml","Saphirus","125 ml",""
"7798184680738","Saphirus Difusor Arómatico Fragancia Cony 125 ml","Saphirus","125 ml",""
"7798184680769","Saphirus Difusor Arómatico Fragancia Flores Blancas 125 ml","Saphirus","125 ml",""
"7798184681292","Saphirus Textil Bamboo 250 ml","Saphirus","250 ml",""
"7798184680912","Saphirus Textil Bebé 250 ml","Saphirus","250 ml",""
"7798184681490","Saphirus Textil Flowers 250 ml","Saphirus","250 ml",""
"7798184680875","Saphirus Textil Papaya 250 ml","Saphirus","250 ml",""
"7798184680189","Saphirus Textil Rocío 250 ml","Saphirus","250 ml",""
"7794000006515","SAVORA X 60 GRS NVA","SAVORA","60 GRS",""
"7622201491611","Scons Terrabusi 160gr","Terrabusi","160gr",""
"7791337007208","Ser Big Pote Natural 300 g","Ser","300 g",""
"7791813444381","Seven Up Gaseosa 7 Up Botella 500 ml.","Seven Up","500 ml",""
"7791813444411","Seven Up Gaseosa 7 Up Vintage Botella 1,5 Lt.","Seven Up","1,5 Lt",""
"7790010003292","Shampoo Johnsons Baby Fragancia Prolongada 200 ml","Johnsons Baby","200 ml",""
"7500435191418","Shampoo Pantene Colageno 200 ml","Pantene","200 ml",""
"7500435241069","Shampoo Pantene Con Keratina 200 cc.","Pantene","200 cc",""
"7500435229845","Shampoo Pantene Detox 200 cc.","Pantene","200 cc",""
"7500435209632","Shampoo Pantene Equilibrio 200 cc.","Pantene","200 cc",""
"7500435211871","Shampoo Pantene Fuerza Y Reconstrucción 200 cc.","Pantene","200 cc",""
"7500435230100","Shampoo Pantene Pro-V 200 ml","Pantene","200 ml",""
"7500435012461","Shampoo Pantene Pro-V Liso Extremo 400 ml","Pantene","400 ml",""
"7500435212168","Shampoo Pantene Prov Cuidado Clasico 200 ml","Pantene","200 ml",""
"7500435211932","Shampoo Pantene Prov Hidrata 200 ml","Pantene","200 ml",""
"7500435212052","Shampoo Pantene Prov Hidratacion Extr 200 ml","Pantene","200 ml",""
"7500435235310","Shampoo Pantene Prov Mirac Volumen 200 cc.","Pantene","200 cc",""
"7500435235464","Shampoo Pantene Prov Miracles Revit 200 cc.","Pantene","200 cc",""
"7500435211819","Shampoo Pantene Prov Restauracion 200 ml","Pantene","200 ml",""
"7790740000233","Shampoo Plusbelle Brillo 1000 ml","Plusbelle","1000 ml",""
"7790740000240","Shampoo Plusbelle Frescura 1000 ml","Plusbelle","1000 ml",""
"7790740001377","Shampoo Plusbelle Hidratación 1000 ml","Plusbelle","1000 ml",""
"7790740000264","Shampoo Plusbelle Nutricion 1000 ml","Plusbelle","1000 ml",""
"7790740000288","Shampoo Plusbelle Protección 1000 ml","Plusbelle","1000 ml",""
"7790740000257","Shampoo Plusbelle Suavidad 1000 ml","Plusbelle","1000 ml",""
"7790740000394","Shampoo Plusbelle Vitalidad Renovadora 1000 ml","Plusbelle","1000 ml",""
"7791905024613","Shampoo Polyana Balance 900 ml","Polyana","900 ml",""
"7791905024682","Shampoo Polyana Manzana 900 cc.","Polyana","900 cc",""
"7791905024590","Shampoo Polyana Nutrición 900 cc.","Polyana","900 cc",""
"7791293047751","Shampoo Sedal Bomba Argan 190 ml","Sedal","190 ml",""
"7791293047782","Shampoo Sedal Carbon Y Peonias 190 ml","Sedal","190 ml",""
"7791293045658","Shampoo Sedal Ceramidas 190 ml","Sedal","190 ml",""
"7791293046396","Shampoo Sedal Colageno Y Vit C 190 ml","Sedal","190 ml",""
"7791293043289","Shampoo Sedal Crema Balance 190 cc.","Sedal","190 cc",""
"7791293045665","Shampoo Sedal Crema Balance 190 ml","Sedal","190 ml",""
"7791293045719","Shampoo Sedal Crema Balance Repuesto 300 cc.","Sedal","300 cc",""
"7791293046365","Shampoo Sedal Hialuronico Y Vitamina a 190 ml","Sedal","190 ml",""
"7791293047829","Shampoo Sedal Jengibre Y Ricino 190 ml","Sedal","190 ml",""
"7791293051420","Shampoo Sedal Luminous Uv 190 ml","Sedal","190 ml",""
"7791293049724","Shampoo Sedal Prebioticos + Biotina 190 cc.","Sedal","190 cc",""
"7791293049731","Shampoo Sedal Prebioticos + Biotina 340 cc.","Sedal","340 cc",""
"7791293045689","Shampoo Sedal Restauracion Instantanea 190 ml","Sedal","190 ml",""
"7791293045696","Shampoo Sedal Rizos Definidos 190 cc.","Sedal","190 cc",""
"7791293043319","Shampoo Sedal Rizos Definidos 190 ml","Sedal","190 ml",""
"7791293044576","Shampoo Suave Suavidad Cuidado 930 cc.","Suave","930 cc",""
"7791293050416","Shampoo Suave Vit Bomba Deliciosa 930 ml","Suave","930 ml",""
"7791200200774","Skyy Vodka Infusions Sky Blood Orange en Botella 750 cc.","SKYY","750 cc",""
"7790040140912","Snack Cereal Mix Original 100 gr","Cereal Mix","100 gr",""
"7798113301529","Soda Manaos Sifón 2 l.","Manaos","2 l",""
"7794000005822","Sopa de Pollo Knorr Con Cabello De Angel 105.6 g","Knorr","105.6 g",""
"7794000005815","Sopa de Vegetales Knorr Con Caracolitos 107.5 g","Knorr","107.5 g",""
"7794000005839","Sopa de Vegetales Knorr Con Letras 107.5 g","Knorr","107.5 g",""
"7791600090135","Sophie By Mujercitas Desodorante Aerosol","Mujercitas","",""
"7795293006619","SORRENTINOS DON YEYO MOZZARELLA Y JAMON 400 GRS.","Don Yeyo","400 GRS",""
"7790580134785","Spaghetti Arcor Pastas Secas  500 Gr","Arcor","500 Gr",""
"7790580134693","Spaghetti La Campagnola Pastas Secas  500 Gr","La Campagnola","500 Gr",""
"7791290796591","Suavizante Clasico Mas Intenso Dp 3 l Vivere","Vivere","3 l",""
"7791290793712","Suavizante Clásico Vivere Para Ropa Violetas Dp 3 lt.","Vivere","3 lt",""
"7506195143834","Suavizante Concentrado Downy Brisa De Verano 500 Ml","Downy","500 Ml",""
"7500435201292","Suavizante Concentrado Downy Brisa Intenso en Botella 500 cc.","Downy","500 cc",""
"7500435243612","Suavizante Concentrado Downy Brisa Suave en Botella 500 cc","Downy","500 cc",""
"7791290796638","Suavizante Explosion Floral Mas Intenso Dp 900 ml Vivere","Vivere","900 ml",""
"7500435159999","Suavizante Para La Ropa Downy Adoravel 450 ml","Downy","450 ml",""
"7791905000426","Suavizante Para Ropa Woody Doy Pack 900 cc.","Woody","900 cc",""
"7791290793774","Suavizante Vivere Plancha Facil Dp 810 ml","Vivere","810 ml",""
"7791093000017","Suc. Abel Michel Torino Vino Fino Abel Michel Torino Tinto Botella 700  Cc","Suc. Abel Michel Torino","700  Cc",""
"7790580131388","Surtido Arcor Seleccion 247g","Arcor","247g",""
"7790360967404","Swift Medallon De Carne La Blanca 4 U- 276 Gr","Swift","276 Gr",""
"7790580146047","Tableta Bon O Bon 160 g.","Bon O Bon","160 g",""
"7790580128234","Tableta Chocolate De Leche Y Almendras Cofler 140 Gr","Cofler","140 Gr",""
"7790580143862","Tableta de Chocolate 60% Relleno Almendra Cofler 100 g","Cofler","100 g",""
"7790580144005","Tableta de Chocolate con Avellanas Cofler 140 Grs","Cofler","140 Grs",""
"7790580127947","Tableta De Chocolate Con Leche Cofler 140 Gr","Cofler","140 Gr",""
"7791293044484","Talco Rexona Efficient  Fresh x 100 gr","Rexona","100 gr",""
"7790580133894","Tallarin La Campagnola Pastas Secas  500 Gr","La Campagnola","500 Gr",""
"7795293000020","TAPAS PARA EMPANADAS DON YEYO CRIOLLAS 330 GRS - 12 UN","Don Yeyo","330 GRS",""
"7795293101123","TAPAS PARA EMPANADAS DON YEYO FREIR HOJALDRE C/S 330 GRS 12","Don Yeyo","330 GRS",""
"7795293101116","TAPAS PARA EMPANADAS DON YEYO HORNO 330 GRS - 12 UN","Don Yeyo","330 GRS",""
"7791218000663","Tapas Para Empanadas Orali Criollas Premium x 12 uni","Oralí","",""
"7795293101314","TAPAS PARA PASCUALINA DON YEYO HOJALDRE 200 GRS - 2 UN","Don Yeyo","200 GRS",""
"7791218000052","Tapas Para Pascualinas Orali Hojaldre 2U 400 g","Oralí","400 g",""
"7791218122815","Tapas Para Pastelitos Orali Hojaldre x 12 uni","Oralí","",""
"7798008294639","Té Cedrón Saint Gottard x 20 uni","Saint Gottard","",""
"7790411000159","Te en Saquitos Rosamonte 50 Ud.","Rosamonte","",""
"7790150330166","Te La Virginia Manzamilla 25saq","La Virginia","",""
"7790150355084","Te La Virginia Verde 20 Sobres","La Virginia","",""
"7790150355244","Té  la Virginia Verde Citrus en Saquitos 20 un","La Virginia","",""
"7798008294615","Té Menta Saint Gottard x 20 uni","Saint Gottard","",""
"7798083731951","Te Negro Cuarto Creciente 40 gr.","Cuarto Creciente.","40 gr",""
"7790411000142","Té Rosamonte Saquitos 25 U","Rosamonte","",""
"7798008294097","Té Saint Gottard Invernal 20 uni","Saint Gottard","",""
"7790387001419","Té Silvestre Taragui Boldo 20 uni","Taragui","",""
"7790950141030","Terma Patagónico Sin Azucar 1,35l","Terma","1,35l",""
"7790580134723","Tirabuzon La Campagnola Pastas Secas  500 Gr","La Campagnola","500 Gr",""
"7790940216274","Toalla Doncella Ultrafina Seca Alas X8","Doncella","",""
"7500435229654","Toalla Femenina Always Xtra Dia Suave Con Alas 8 uni","Always","",""
"7790940216243","Toalla Femenina Doncella Nocturna 8U","Doncella","",""
"7790010002691","Toalla Femenina Siempre Libre Adapt Plus Suave 8 uni","Siempre Libre","",""
"7790940216267","Toallas Femeninas Doncella Con Alas Nocturnas 16 uni","Doncella","",""
"7790940216250","Toallas Femeninas Doncella Con Alas Ultrafina 16 uni","Doncella","",""
"7790940216212","Toallas Femeninas Doncella-Duo Pack-Con Alas Y Gel-Bsa-Un.-16","Doncella","",""
"7790940216151","Toallitas Doncella Normal Con Alas 8 U.","Doncella","",""
"7793360105944","Tomate Cubeteado La Campagnola 400 Gr","La Campagnola","400 Gr",""
"7790580131333","Tomate Pelado Perita La Campagnola Lata 400 g.","La Campagnola","400 g",""
"7798132920794","Tomate Perita Alco Cubeteado 400 gr","Alco","400 gr",""
"7790580567903","Tomate Perita En Lata Arcor 400 Gr","Arcor","400 Gr",""
"7793360000089","Tomate Perita Entero La Campagnola 240 gr","La Campagnola","240 gr",""
"77916389","Topline Chicles Top Line Fruta 7 gr","TOPLINE","7 gr",""
"7790040124509","Tostadas Criollitas Clasicas 195 Gr","Criollitas","195 Gr",""
"7798142880019","Tostadas De Arroz Cariló Original 150 Gr","Cariló","150 Gr",""
"7790040124530","Tostadas Dulces Criollitas x 195 gr","Criollitas","195 gr",""
"7798186032924","Turrón Billiken 25 Gr","Billiken","25 Gr",""
"7791200200552","Vermouth Cinzano Rosso 950 Ml","Cinzano","950 Ml",""
"7790130000263","Vinagre Alcazar De Alcohol X  500  Cc.","Alcazar","500  Cc",""
"7790130000294","Vinagre de Alcohol Alcazar 1 l.","Alcazar","1 l",""
"7790139003166","Vinagre De Alcohol Casalta 500 Ml","Casalta","500 Ml",""
"7790130000058","Vinagre de Alcohol Menoyo 1 l","Menoyo","1 l",""
"7790130000034","Vinagre de Alcohol Menoyo 500 ml","Menoyo","500 ml",""
"7790139003265","Vinagre De Manzana Casalta 1 L","Casalta","1 L",""
"7790139003258","Vinagre De Manzana Casalta 500 Ml","Casalta","500 Ml",""
"7790139003302","Vinagre De Vino Casalta 1 L","Casalta","1 L",""
"7790139003296","Vinagre De Vino Casalta 500 Ml","Casalta","500 Ml",""
"7791728002690","Vino Alambrado Malbec x 750 cc","Alambrado","750 cc",""
"7790314079948","Vino Blanco Blend Del Enologo Estancia Mendoza 750 ml","Estancia Mendoza","750 ml",""
"7790577046879","Vino Blanco Cepa Tradicional Semillon Blanc en Botella 750 cc.","Cepa Tradicional","750 cc",""
"7790314006029","Vino Blanco Chenin Chard Dulce Estancia Mendoza 750 cc.","Estancia Mendoza","750 cc",""
"7791670027505","Vino Blanco Clásico Viñas de Alvear en Botella 1.125 Lts.","Viñas De Alvear","",""
"7790984004790","Vino Blanco Concilio Brick 1 lt.","Concilio","1 lt",""
"7790314080203","Vino Blanco Dulce Blend V Canciller en Botella 750 cc.","Canciller","750 cc",""
"7790984004776","Vino Blanco Dulce Concilio Brick 1 lt.","Concilio","1 lt",""
"7790984005025","Vino Blanco Dulce Pico de Oro Brik 1 lt.","Pico De Oro","1 lt",""
"7790945006238","Vino Blanco Dulce San Huberto Clasico 750 cc","San Huberto","750 cc",""
"7790984004738","Vino Blanco Dulce Viñas Y Parrales Tetra 1 lts.","Viñas Y Parrales","",""
"7791093000024","Vino Blanco Michel Torino 700 cc","Michel Torino","700 cc",""
"7790984000037","Vino Blanco Pico de Oro 1 l.","Pico De Oro","1 l",""
"7790577002189","Vino Blanco Trumpeter Chardonnay 750 Cc","Trumpeter","750 Cc",""
"7790984004752","Vino Blanco Viñas Y Parrales Tetra 1 lt.","Viñas Y Parrales","1 lt",""
"7798039599390","Vino Casillero Del Diablo Malbec 750 Cc","Casillero Del Diablo","750 Cc",""
"7804320510187","Vino Casillero Del Diablo Malbec x 750 cc","Casillero Del Diablo","750 cc",""
"7798039599710","Vino Casillero Del Diablo Rose 750 cc","Casillero Del Diablo","750 cc",""
"7790945006498","Vino Chardonnay San Huberto Clásico 750 cc","San Huberto","750 cc",""
"7790984000051","Vino De Mesa Pico De Oro Tinto 1 L","Pico De Oro","1 L",""
"7790314080173","Vino Estancia Mendoza Chardonnay 750 cc","Estancia Mendoza","750 cc",""
"7798081660437","Vino Fino La Celia Malbec 750 Cc","La Celia","750 Cc",""
"7798141874101","Vino La Celia Elite Malbec 750 cc","La Celia","750 cc",""
"7798141871469","Vino La Celia Heritage Malbec 750 cc","La Celia","750 cc",""
"7798141877089","Vino La Celia Reserva Malbec/Cabernet Franc 750 Cc","La Celia","750 Cc",""
"7790168075684","Vino Malbec Graffigna 750 cc","GRAFFIGNA","750 cc",""
"7792319972224","Vino Norton Cosecha Tardía 750 ml Vino Blanco Dulce","Norton","750 ml",""
"7792319972248","Vino Rosado Cosecha Tardía Norton 750 cc.","Cosecha Tardía","750 cc",""
"7790945006160","Vino San Huberto Clasico Cabernet Bot-750cc-","San Huberto","750cc",""
"7790945006153","Vino San Huberto Clasico Malbec Botella 750 Cc","San Huberto","750 Cc",""
"7791728002713","Vino Tinto Alambrado Cabernet Sauvignon 750 cc.","Alambrado","750 cc",""
"7790314006043","Vino Tinto Bonarda Malbec Estancia Mendoza 750 cc.","Estancia Mendoza","750 cc",""
"7798039599406","Vino Tinto Cabernet Sauvignon Casillero Del Diablo 750 Cc","Casillero Del Diablo","750 Cc",""
"7790314080166","Vino Tinto Cabernet Sauvignon Estancia Mendoza 750 ml.","Estancia Mendoza","750 ml",""
"7790577000055","Vino Tinto Cepa Tradicional Blend Cab Malb Me Pn 750 cc.","Cepa Tradicional","750 cc",""
"7791670027482","Vino Tinto Clásico Viñas de Alvear en Botella 1.125 Lts.","Viñas De Alvear","",""
"7790984004783","Vino Tinto Concilio Brinck 1 lt.","Concilio","1 lt",""
"7798353194660","Vino Tinto Cordero Con Piel de Lobo Cabernet Sauvignon 750 ml","Cordero Con Piel De Lobo","750 ml",""
"7792319972231","Vino Tinto Cosecha Tardía Norton 750 cc.","Cosecha Tardía","750 cc",""
"7798159948856","Vino Tinto Mosquita Muerta Cabernet Sauvignon Cordero Con Piel de Lobo 750 cc.","Mosquita Muerta","750 cc",""
"7790984005162","Vino Tinto Pico de Oro Brik 1 lt.","Pico De Oro","1 lt",""
"7790945005194","Vino Tinto Punto Devil Malbec.","Punto Devil","",""
"7790577001663","Vino Tinto Rutini Cabernet - Malbec 750 Cc","Rutini","750 Cc",""
"7790577008075","Vino Tinto Rutini Cabernet Franc 750 Cc","Rutini","750 Cc",""
"7790577039949","Vino Tinto Rutini Cabernet Merlot 750 Cc","Rutini","750 Cc",""
"7790577039987","Vino Tinto Rutini Cabernet Sauvignon Syrah 750 Cc","Rutini","750 Cc",""
"7790314005305","Vino Tinto Toro Viejo 1.125 L.","Toro","1.125 L",""
"7790577002141","Vino Tinto Trumpeter Cabernet Sauvignon 750 Cc","Trumpeter","750 Cc",""
"7790577002165","Vino Tinto Trumpeter Malbec 750 Cc","Trumpeter","750 Cc",""
"7790480000463","Vino Tinto Viñas de Alvear 1.125 L.","Viñas De Alvear","1.125 L",""
"7791843008294","Vino Tinto Viñas De Balbo Borgoña 1.125 Cc","Viñas De Balbo","1.125 Cc",""
"7790984004745","Vino Tinto Viñas Y Parrales Tetra 1 lt.","Viñas Y Parrales","1 lt",""
"7790314074219","Vino Toro Clasico Tinto 1125","Estancia Mendoza","",""
"7790577044837","Vino Trumpeter Cabernet Franc 750","Trumpeter","",""
"7790577002172","Vino Trumpeter Merlot x 750 ml","Trumpeter","750 ml",""
"7791843008317","Vino Viñas De Balbo Chablis X 1l","Viñas De Balbo","1l",""
"7791728021349","Vino Zuccardi Serie a Bonarda x 750 cc","Zuccardi","750 cc",""
"7791728003253","Vino Zuccardi Serie a Torrontes x 750 cc","Zuccardi","750 cc",""
"7312040017683","Vodka Absolut 700 ml","Absolut","700 ml",""
"7790290101787","Vodka Candy Glow x 700 cc Sernova","Sernova","700 cc",""
"7790290101718","Vodka Sernova Caribbean Blend","Sernova","",""
"7790290101527","Vodka Sernova Wild Berries X 700 Cc","Sernova","700 Cc",""
"7791200200668","Vodka Skyy Infusions Coconut x 750 ml","SKYY","750 ml",""
"7791200200620","Vodka Skyy Infusions Pineapple 750 cc","SKYY","750 cc",""
"7791200200583","Vodka Skyy Infusions Raspberry 750 cc","SKYY","750 cc",""
"7793147573362","WARSTEINER PACK X 6 X 473 CC","Warsteiner","473 CC",""
"5011007024000","Whisky Jameson Importado Black Barrel 700 cc.","Jameson","700 cc",""
"7790387800197","Yerba Buenas Y Santas 500 xg","Buenas Y Santas","",""
"7790070509123","Yerba Mate Chamigo Con Palo 500 g.","Chamigo","500 g",""
"7790387015324","Yerba Mate Mañanita 4flex 1/2kg","Mañanita","1/2kg",""
"7790411000494","Yerba Mate Rosamonte Suave 1 kg.","Rosamonte","1 kg",""
"7898937112711","Yerba Premium x 500 gr Rei Verde","Rei Verde","500 gr",""
"7791337008274","Yog Gran Compra Con Cereal Azucarado 154 g","Gran Compra","154 g",""
"7791337008571","Yogur Batido Descremado Calci+Ser de Frutos Rojos en Pote 120 g.","Ser","120 g",""
"7791337010727","Yogur Batido la Serenísima Sabor Natural en Pote 120 Grs","La Serenisima","120 Grs",""
"7798001560526","Yogur Bebible Cremigal Sabor Durazno 1 kg","Cremigal","1 kg",""
"7791337009684","Yogur Bebible Entero de Frutilla Gran Compra 900 g","Gran Compra","900 g",""
"7791337009691","Yogur Bebible Entero de Vainilla Gran Compra 900 g","Gran Compra","900 g",""
"7791337008625","Yogur Bebible Entero Yogurisimo Sabor Frutilla 1100 g.","Yogurisimo","1100 g",""
"7791337008618","Yogur Bebible Entero Yogurisimo Sabor Vainilla 1100 g.","Yogurisimo","1100 g",""
"7791337010505","Yogur Bebible la Serenísima Sabor Vainilla en Sachet 1300 Grs","La Serenisima","1300 Grs",""
"7791337009776","Yogur Bebible Natural Yogurísimo en Sachet 900 grs","Yogurisimo","900 grs",""
"7791337009400","Yogur Bebible Sabor Ciruela Probioticos Activia 900 gr.","Activia","900 gr",""
"7798001560816","Yogur Cremigal Sabor Frutilla Con Cereales 153 g","Cremigal","153 g",""
"7798001560632","Yogur Cremigal Sabor Vainilla Con Cereales 153 g","Cremigal","153 g",""
"7791337010314","Yogur Cremoso Descremado la Serenísima Sabor Frutilla 120 Grs","La Serenisima","120 Grs",""
"7791337010307","Yogur Cremoso Descremado la Serenísima Sabor Vainilla 120 Grs","La Serenisima","120 Grs",""
"7791337010260","Yogur Cremoso Entero la Serenísima Sabor Frutilla 120 Grs","La Serenisima","120 Grs",""
"7791337010208","Yogur Cremoso Entero la Serenísima Sabor Vainilla 120 Grs","La Serenisima","120 Grs",""
"7791337010536","Yogur Cremoso Sabor Natural la Serenísima Nutrición Activa 480 Grs","La Serenisima","480 Grs",""
"7791337010291","Yogur Descremado Batido con Cereal la Serenísima 157 Grs","La Serenisima","157 Grs",""
"7791337009639","Yogur Descremado Bebible Ser de Frutilla en Sachet 900 g","Ser","900 g",""
"7791337009622","Yogur Descremado Bebible Ser de Vainilla en Sachet 900 g","Ser","900 g",""
"7791337008588","Yogur Descremado Ser Colchol de Frutilla Dulce 170 g.","Ser","170 g",""
"7791337008595","Yogur Descremado Ser Colchon de Manzana Caramel 170 g.","Ser","170 g",""
"7791337009356","Yogur Entero Bebible Yogurísimo de Frutilla 190 g.","Yogurisimo","190 g",""
"7791337009387","Yogur Entero Bebible Yogurísimo Vainilla Cookie 190 g.","Yogurisimo","190 g",""
"7791337010444","Yogur Entero Cremoso con Cereales la Serenísima Nutrición Activa 159 Grs (Yogur 145 g + Cereal 14G)","La Serenisima","159 Grs",""
"7791337010451","Yogur Entero Cremoso con Rocklets la Serenísima Nutrición Activa 164 Grs (Yogur 140 Grs + Cereal 24 Grs)","La Serenisima","164 Grs",""
"7791337010413","Yogur Entero Firme la Serenísima Sabor Frutilla 120 Grs","La Serenisima","120 Grs",""
"7791337010185","Yogur Entero Firme la Serenísima Sabor Frutilla en Pote 190 Grs","La Serenisima","190 Grs",""
"7791337010192","Yogur Entero Firme la Serenísima Sabor Vainilla en Pote 190 Grs","La Serenisima","190 Grs",""
"7791337010420","Yogur Entero la Serenísima Sabor Vainilla 120 Grs","La Serenisima","120 Grs",""
"7791337010338","Yogur Firme Descremado Sabor Frutilla la Serenísima Nutrición Activa 190 Grs","La Serenisima","190 Grs",""
"7791337010321","Yogur Firme Descremado Sabor Vainilla la Serenisima Nutricion Activa 190 Gr.","La Serenisima","190 Gr",""
"7791337010437","Yogur Firme Entero Durazno la Serenisima 120 Gr.","La Serenisima","120 Gr",""
"7790787960460","Yogur Firme Ilolay Con Dulce de Leche 190 g","Ilolay","190 g",""
"7790787960446","Yogur Firme Ilolay Sabor Frutilla 190 g","Ilolay","190 g",""
"7791337010147","Yogur Griego Arandano x 125 grs Yogurisimo","Yogurisimo","125 grs",""
"7791337009943","Yogur Griego Batido Frutilla x 140 grs Yogurisimo","Yogurisimo","140 grs",""
"7791337009981","Yogur Griego Batido Natural Endulzado x 190 grs Yogurisimo","Yogurisimo","190 grs",""
"7791337009950","Yogur Griego Batido Vainilla x 140 grs Yogurisimo","Yogurisimo","140 grs",""
"7791337009974","Yogur Griego Con Trozos de Frutilla x 125 grs Yogurisimo","Yogurisimo","125 grs",""
"7791337009998","Yogur Griego Firme Natural x 190 grs Yogurisimo","Yogurisimo","190 grs",""
"7791337010000","Yogur Griego Natural Endulzado x 300 grs Yogurisimo","Yogurisimo","300 grs",""
"7791337010017","Yogur Griego Natural Sin Endulzar x 300 grs Yogurisimo","Yogurisimo","300 grs",""
"7790787960477","Yogur Ilolay Con Copos de Maíz Azucarados 165 g","Ilolay","165 g",""
"7790787960330","Yogur Ilolay Con Trozos de Durazno 150 g","Ilolay","150 g",""
"7790787110551","Yogur Ilolay Descremado C/Cereal x 150 ml","Ilolay","150 ml",""
"7791337009677","Yogur Portein Frutos Rojos 175 g Ser","Ser","175 g",""
"7791337009660","Yogur Protein Natural 175 g Ser","Ser","175 g",""
"7791337010499","Yogur Sachet Deslactosado Sabor Frutilla la Serenísima Nutrición Activa 900 Grs","La Serenisima","900 Grs",""
"7791337007666","Yogur Ser Cereales Con Miel 166 g","Ser","166 g",""
"7791337007864","Yogur Ser Firme Frutilla 190 g","Ser","190 g",""
"7791337007246","Yogur Ser Firme Vainilla 190 g","Ser","190 g",""
"7791337007192","Yogur Ser Frutilla 190 g","Ser","190 g",""
"7791337007185","Yogur Ser Multifruta 190 g","Ser","190 g",""
"7791337007345","Yogur Ser Natural Sin Endulzar 175 g","Ser","175 g",""
"7791337007611","Yogur Yogurisimo Firme Frutilla 190 g","Yogurisimo","190 g",""
"7791337007628","Yogur Yogurisimo Firme Vainilla 190 g","Yogurisimo","190 g",""
"7791337007574","Yogurisimo Yog Yss Firme Frutilla 120 g","Yogurisimo","120 g",""
"7791337007581","Yogurisimo Yog Yss Firme Vanilla 120 g","Yogurisimo","120 g",""
"7791337008694","Yogurt Bebible Frutilla Danonino 185 grs.","Danonino","185 grs",""
"7791337008670","Yogurt Bebible Frutillla Danonino 100 grs.","Danonino","100 grs",""
"7791337008687","Yogurt Bebible Vainilla Danonino 100 grs.","Danonino","100 grs",""
"7791337008700","Yogurt Bebible Vainilla Danonino 185 grs.","Danonino","185 grs",""
"7791337010482","Yogurt Deslactosado Vainilla Sachet 900 g Nutrición Activa la Serenísima","La Serenisima","900 g",""
"7791337010406","Yogurt Firme Frutilla 480 g Nutrición Activa la Serenísima","La Serenisima","480 g",""
"7791337010390","Yogurt Firme Vainilla 480 g Nutrición Activa la Serenísima","La Serenisima","480 g",""
"7792350067156","Zanahoria en Cubos Inalpa 300 g.","Inalpa","300 g",""
"7622202370021","Alfajor Milka Simple Súper Dulce de Leche 70 g","Milka","70 g",""
"7622202370045","Alfajor Milka Simple Súper Dulce de Leche Blanco 70 g","Milka","70 g",""
"7622202805554","Alfajor Terrabusi Triple Blanco 70 g","Terrabusi","70 g",""
"7790742341709","Alimento Vegetal Almendra Sabor Chocolate la Serenisima 1 l","La Serenisima","1 l",""
"7792170555512","Avena Extra Fina Quaker en Caja 473 Grs","Quaker","473 Grs",""
"7790199605829","Avena Intreal Extra Fina Morixe 470 Gr.","Morixe","470 Gr",""
"7798422620298","Bebida Energizante Monster Ultra Pachy Keen 473 ml","Monster","473 ml",""
"7798422620052","Bebida Energizante Sin Azúcar Monster Sunrise en Lata 473 ml","Monster","473 ml",""
"7792360097747","Café Tostado Molido Bonafide Equilibrado 200 grs","Bonafide","200 grs",""
"7792360097754","Café Tostado Molido Bonafide Intenso 200 grs","Bonafide","200 grs",""
"7898953990157","Cerveza Rubia Estrella Galicia Lager 473 ml","Estrella Galicia","473 ml",""
"7840050009737","Cerveza Ultra Rubia 275 cc Michelob","Michelob","275 cc",""
"7840050009744","Cerveza Ultra Rubia 275 cc Six Pack Michelob","Michelob","275 cc",""
"77973986","Chocolate Cofler Estilo Dubai 43 Grs","Cofler","43 Grs",""
"77929518","Cubanito Oblita Chocolate x 5,5 gr","Oblita","5,5 gr",""
"7790990003817","Detergente Liquido Zorro Bicarbonato Dp 800 ml","Zorro","800 ml",""
"7790950807257","Dr.Lemon Aperitivo Green Apple Dr Lemon 1 Lt.","Dr.Lemon","1 Lt",""
"7792410779616","Fernet Mandelo 700 ml Buhero","BUHERO","700 ml",""
"7791337010635","Flan Vainilla con Caramelo x 190 Grs Ser","Ser","190 Grs",""
"7790895651441","Gaseosa Carmesí Fanta en Lata 354 ml","Fanta","354 ml",""
"7790895068096","Gaseosa Coca-Cola Sin Azúcar 2.5 l","Coca Cola","2.5 l",""
"7790895004407","Gaseosa Coca-Cola Zero 354 ml Multipack x 6","Coca Cola","354 ml",""
"7791813422389","Gaseosa Regular Pomelo Paso de los Toros 2 Lts","Paso De Los Toros","",""
"7790895068027","Gaseosa Sprite Lima Limón 2,5 L.","Sprite","2,5 L",""
"7790990004074","Jabón de Tocador Plusbelle de Coco Y Vainilla 120 grs","Plusbelle","120 grs",""
"7794218106977","Jabón de Tocador St Tropez Brillo Y Luz 120 Grs","ST TROPEZ","120 Grs",""
"7794218106984","Jabón de Tocador St Tropez Brisa de Primavera 120 Grs","ST TROPEZ","120 Grs",""
"7794218106960","Jabón de Tocador St Tropez Flores en Tu Piel 120 Grs","ST TROPEZ","120 Grs",""
"7791290796584","Jabón en Polvo Ala Matic Mas Blancos 2.5 kg","Ala","2.5 kg",""
"7791337010666","la Serenisima Flan con Caramelo x 190 gr Ser","La Serenisima","190 gr",""
"7791337010659","la Serenisima Postre la Serenã­Sima Vainilla 120 Gr.","La Serenisima","120 Gr",""
"7790070100320","Lasagna Al Huevo Rina Matarazzo 400 grs","Rina","400 grs",""
"7798131250045","Lavandina Héroe Común 2 l.","Heroe","2 l",""
"7791290796706","Lavavajilla Active Gel Original 500 ml Cif","Cif","500 ml",""
"7613287869982","Leche Condensada A2 Nestlé 395 ml.","Nestle","395 ml",""
"6001108103956","Mir Licor Liviano de Crema Amarula 750 g","Mir","750 g",""
"7790520028884","Mir Lustramuebles Blem Naranja Aerosol x 360 cc","Mir","360 cc",""
"7798353194820","Mir Malcriado Malbec 750 cc","Mir","750 cc",""
"7793890262407","Pan Brioche Bimbo Artesano en Bolsa 500 Grs","Bimbo","500 Grs",""
"7891024005064","Pasta Dental Colgate Luminous Blanqueadora 140 gr","Colgate","140 gr",""
"7791600292690","Perfume My Little Danielle Lata Edt 90 ml","Danielle","90 ml",""
"7790360984302","Picadillo Carne Picante Swift 90 Gr.","Swift","90 Gr",""
"7790580137762","Polenta Presto Pronta Vegetales 250 Grs","Presto Pronta","250 Grs",""
"7791337010642","Postre Chocolate la Serenisima 190 Gr.","La Serenisima","190 Gr",""
"7791337010574","Postre Crema Americana x 190 Grs Danette","Danette","190 Grs",""
"7791337010581","Postre Dulce de Leche x 190 Grs Danette","Danette","190 Grs",""
"7791337010673","Postre Dulce de Leche x 190 Grs Serenito","Serenito","190 Grs",""
"7791337010611","Postre Ser Chocolate 200 Gr.","Ser","200 Gr",""
"7791337010680","Postre Vainilla x 190 Grs Serenito","Serenito","190 Grs",""
"7798132920480","Pure de Tomates Alco x 260 gr","Alco","260 gr",""
"7798348230595","Sahumerio Sagrada Madre Lavanda Olibano Hierbas","Sagrada Madre","",""
"7798348231059","Sahumerio Sagrada Madre Rosas Y Olibano","Sagrada Madre","",""
"7798008296800","Saint Gotard Te Dulces Sueños en Saquitos Saint Gottard 10 Ud","Saint Gotard","",""
"7790123001284","Salsa Pizza Vigente 520 g.","VIGENTE","520 g",""
"7791290796621","Suavizante Clásico Floral Vivere Dp 3 Lts","Vivere","",""
"7622202333255","Tableta de Chocolate Shot con Maní 90 g","Shot","90 g",""
"7798008296886","Te Ice Tea Limón, Jengibre Y Menta x 25 grs Saint Gottard","Saint Gottard","25 grs",""
"7790123001154","Tomate Perita Entero Vigente 400 g.","VIGENTE","400 g",""
"7790790120738","Tomates Perita Inca 400 g","Inca","400 g",""
"7798422330357","Vino Tinto Blend Casillero Del Diablo en Botella 750 ml","Casillero Del Diablo","750 ml",""
"7790415133471","Vino Tinto Malbec Rosaura en Botella 750 ml","Rosaura","750 ml",""
"7798353194752","Vino Tinto Pispi Blend de Tintas en Botella 750 cc.","Pispi","750 cc",""
"7790945007426","Vino Tinto Ugarteche Malbec en Botella 750 cc.","Ugarteche","750 cc",""
"7791200200828","Vodka 700 ml Skyy","SKYY","700 ml",""
"080432400432","Whisky Chivas Regal 1 L","Chivas Regal","1 L",""
