ean,codigo_interno_coope
7790360967794,707594
7790360967824,707432
7790070036223,713412
7790070036438,No encontrado
7790070035967,No encontrado
8480017254542,No encontrado
7790070035998,No encontrado
7790070036056,No encontrado
7790070035981,No encontrado
7790070035974,No encontrado
7790070036179,714935
7790070036032,713426
7790670052371,714711
8480017254528,No encontrado
7792052179966,No encontrado
7790070036049,No encontrado
7790360026590,706050
7790360966841,928496
7790360026606,252663
7790670050667,250099
7790070036186,No encontrado
7790360967800,No encontrado
7790174000601,No encontrado
7793281493472,No encontrado
7790670050674,250093
7790670050612,250095
7790360966797,700870
7790670050728,250092
7790360967701,706994
7790670050650,No encontrado
7790360026576,No encontrado
7790670050780,253706
7790670052289,713339
7793281493489,No encontrado
7798342151254,No encontrado
7790670051831,No encontrado
7790360026682,713099
7790670050605,250098
7790670052265,712776
7793281493410,No encontrado
7790360026583,No encontrado
7790360967411,No encontrado
7793281493496,No encontrado
7790070036230,No encontrado
7790360966193,No encontrado
7790670050957,No encontrado
7790670052524,No encontrado
7793281493519,No encontrado
7793281493526,No encontrado
7793281493564,No encontrado
7793281493571,No encontrado
7798342150622,No encontrado
7790360967404,706462
7798342150646,No encontrado
8480017002105,No encontrado
8480017099143,No encontrado
8480017130327,No encontrado
8480017241375,No encontrado
7790360967763,707429
8480017241382,No encontrado
8480017605139,No encontrado
7790360008541,No encontrado
7793281493557,No encontrado
7790360965912,No encontrado
7798342150639,No encontrado
7796804050145,No encontrado
7790670051312,710321
7793281493700,No encontrado
7790670051329,710319
7790670051336,710320
7796804050121,No encontrado
7798016101660,No encontrado
7798270244387,No encontrado
7790360968548,No encontrado
7790670050766,No encontrado
7798270244394,No encontrado
7790070036261,710724
7798270244400,No encontrado
7790079021251,No encontrado
7790079020803,No encontrado
7798270244417,No encontrado
7790079020704,No encontrado
7790079020711,No encontrado
7790079019616,No encontrado
7793281493502,No encontrado
7798270244431,No encontrado
7798270244448,No encontrado
7790070036247,No encontrado
7798304841445,No encontrado
7798304841254,No encontrado
7790580121907,No encontrado
7790580118143,No encontrado
7798304841551,No encontrado
7790580112400,No encontrado
7613034793614,No encontrado
7798304840868,No encontrado
7798304841339,No encontrado
7798304840448,No encontrado
7790580127572,No encontrado
7798304840431,No encontrado
7798304840844,No encontrado
7798304841537,No encontrado
7798304840820,No encontrado
7790580135386,No encontrado
7798304840806,No encontrado
7790580133245,No encontrado
7798304840813,No encontrado
7798070861197,No encontrado
7798138004825,No encontrado
7798304841452,No encontrado
7798304841346,No encontrado
7790580121891,No encontrado
7790580135348,No encontrado
7790580454210,No encontrado
8480017231543,No encontrado
7798304840455,No encontrado
8480017231284,No encontrado
7798304840462,No encontrado
8480017231253,No encontrado
8480017231529,No encontrado
8480017560438,No encontrado
8480017009333,No encontrado
7798304841582,No encontrado
8480017047649,No encontrado
7613035359734,No encontrado
7790580121877,No encontrado
8480017231161,No encontrado
7798070860237,No encontrado
7613035359710,No encontrado
7798138004740,No encontrado
7798070861180,No encontrado
7613034991386,No encontrado
7798070860220,No encontrado
8480017009210,No encontrado
7790580495893,No encontrado
7798147780062,No encontrado
8480017231208,No encontrado
8480017727190,No encontrado
8480017231543,No encontrado
7613035359710,No encontrado
7798141132492,No encontrado
7613035752634,No encontrado
7613035767485,No encontrado
7790580112578,No encontrado
7790580121860,No encontrado
7790580135256,No encontrado
7790580135393,No encontrado
7796020011685,No encontrado
7796020011692,No encontrado
7796020011722,No encontrado
7796020011753,No encontrado
7798131011356,No encontrado
7798138004658,No encontrado
7798138004726,No encontrado
7798138004832,No encontrado
7798138004870,No encontrado
7798141132065,No encontrado
0021410578002,No encontrado
7798147780055,No encontrado
7798131012094,No encontrado
7798131012131,No encontrado
7798131012209,No encontrado
7798131012292,No encontrado
7798131012315,No encontrado
7798138004566,No encontrado
7798138004641,No encontrado
7790580111243,No encontrado
7798138004665,No encontrado
7790580104962,No encontrado
7798138004733,No encontrado
7798131010717,No encontrado
7798131010175,No encontrado
7613035242746,No encontrado
7613035242524,No encontrado
7613035242500,No encontrado
7798141132072,No encontrado
7798141132089,No encontrado
7798141132096,No encontrado
7613034790156,No encontrado
7798141132591,No encontrado
7613034433978,No encontrado
7798131010168,No encontrado
7798304840080,No encontrado
7798304840325,No encontrado
7798131010021,No encontrado
7798070860916,No encontrado
7798024395952,No encontrado
7798024395945,No encontrado
7798304840479,No encontrado
7798304840554,No encontrado
7798304840561,No encontrado
7798304840660,No encontrado
7796020011272,No encontrado
7796020011258,No encontrado
7796020010893,No encontrado
7798304840837,No encontrado
7796020010886,No encontrado
7796020001761,No encontrado
7798304840882,No encontrado
7798304841230,No encontrado
7791528013834,No encontrado
7791528010031,No encontrado
7791528000032,No encontrado
7798304841414,No encontrado
7798304841421,No encontrado
7798304841438,No encontrado
7790616006642,No encontrado
7790616004075,No encontrado
7790616004051,No encontrado
7798304841544,No encontrado
7790616004013,No encontrado
7798304841568,No encontrado
7790616000664,No encontrado
7798342150837,No encontrado
7798342150875,No encontrado
7798342151087,No encontrado
7798352260045,No encontrado
7798352260083,No encontrado
7798352260090,No encontrado
7891000100622,No encontrado
7790616000657,No encontrado
7790580139599,No encontrado
7790580139469,No encontrado
7790580130022,No encontrado
7790580121884,No encontrado
7798131010847,No encontrado
7790580113469,No encontrado
7798131011462,No encontrado
7792180142122,714863
7798131011806,No encontrado
7798131011905,No encontrado
7798131012032,No encontrado
7798131012049,No encontrado
7798131012087,No encontrado
8480017300966,No encontrado
7792963000021,No encontrado
8480017267108,No encontrado
8480017267115,No encontrado
8480017267405,No encontrado
7798333920012,No encontrado
7798333920036,No encontrado
7790070035950,713315
7798333920159,No encontrado
7790070034410,713419
8480017196323,No encontrado
7798009620598,No encontrado
7798171571636,No encontrado
7790070036148,713319
7790522012010,No encontrado
7790360967558,706581
7790360971135,709637
7790070035936,No encontrado
7790070034427,No encontrado
7891515571351,712158
7790070036063,No encontrado
7790070036117,No encontrado
7790360971395,No encontrado
8480017055941,No encontrado
8480017055934,No encontrado
7798016103756,No encontrado
8480017301055,No encontrado
7798016103350,No encontrado
7798016103312,No encontrado
8480017301079,No encontrado
8480017301062,No encontrado
7794058702032,No encontrado
8480017231741,No encontrado
7891515547059,710745
8480017231734,No encontrado
7790070036070,No encontrado
7790070036131,No encontrado
7794058702025,No encontrado
7798016103220,No encontrado
7798221740999,No encontrado
7798313700252,No encontrado
7790079019708,225573
7798384890296,No encontrado
7790079019692,225572
7891515547066,710607
7798160225663,No encontrado
7798160225731,No encontrado
7790079019883,No encontrado
7790079020773,705661
7798221741880,No encontrado
7798270248125,No encontrado
7790079019876,No encontrado
7797906000700,703502
7790070036278,233708
7797906054826,714419
7797906054819,714421
7794058700885,No encontrado
7792052175210,No encontrado
7790360024336,No encontrado
7797906054864,714422
7798016103329,No encontrado
7790070036292,233702
7798016103169,No encontrado
7790070036308,233701
7794058701707,No encontrado
7798068280221,No encontrado
7797906054857,715177
7790070036384,752738
7790070036414,707529
7790070036391,153828
7797906054833,714420
7790070036322,No encontrado
7798304851321,No encontrado
7790070036315,No encontrado
7790070036285,No encontrado
7790070036346,No encontrado
7798304851338,No encontrado
8480017241368,No encontrado
8480017020413,No encontrado
8480017035400,No encontrado
8480017174420,No encontrado
8480017241313,No encontrado
8480017241320,No encontrado
8480017241337,No encontrado
8480017241344,No encontrado
7790079021459,706991
7798304851475,No encontrado
7798344080088,No encontrado
7790670051572,No encontrado
7797906000526,No encontrado
7790670002383,No encontrado
7790079021503,No encontrado
7790079021497,No encontrado
7798015650091,No encontrado
7790272000954,281057
7790272000855,458182
7798015650305,No encontrado
7798344080033,No encontrado
7798344080040,No encontrado
7792180131959,276396
7790272001029,106844
7798344080057,No encontrado
7790070012050,874906
7798344080071,No encontrado
7790060023684,164240
7798316700815,443006
7790272000831,No encontrado
7798316700808,291020
7792180001665,920550
7790272001005,102114
7790272000848,No encontrado
7792180001641,100006
7790070231420,323122
7792180137944,No encontrado
8480017241146,No encontrado
7790272001036,No encontrado
8480017181770,No encontrado
7792180137937,No encontrado
7792180007988,No encontrado
7799044003780,No encontrado
7790070231468,No encontrado
7798316700907,No encontrado
7790272000794,227075
7790060234868,112752
7790580160807,No encontrado
7790070265142,298951
7790272000046,No encontrado
8480017524485,No encontrado
7790070225023,No encontrado
7790070231598,No encontrado
7790272000053,No encontrado
7790070231871,No encontrado
7790272006819,No encontrado
7790070231864,No encontrado
7798061190183,No encontrado
7798080520077,135571
7790070231833,285026
7798080520084,No encontrado
7790070265173,No encontrado
7798061190756,No encontrado
7792070001614,No encontrado
7798061190312,No encontrado
7798061190305,No encontrado
7798061190022,No encontrado
7792070002192,No encontrado
7790070265098,No encontrado
7790070265166,No encontrado
7790199604174,No encontrado
7791017000062,No encontrado
7791017000079,No encontrado
7791728241204,No encontrado
7792070001652,No encontrado
7792070002185,No encontrado
7792070011606,No encontrado
7792070053767,No encontrado
7792180005182,No encontrado
7798080520534,280587
7798061190541,No encontrado
7798061190572,No encontrado
7790199603757,284737
7798061190596,No encontrado
7798061190763,No encontrado
7798078731102,No encontrado
7791728246544,No encontrado
7790070265135,No encontrado
7790070265111,No encontrado
7791728246612,No encontrado
7791728246582,No encontrado
7798061190732,No encontrado
7798078733403,No encontrado
7790199603771,No encontrado
7792180005229,No encontrado
7790139004811,No encontrado
7791728246575,No encontrado
7790139004828,No encontrado
7798153714891,No encontrado
7798153714914,No encontrado
7798153714921,No encontrado
7798061190664,No encontrado
7792070053934,No encontrado
7798080521760,269124
7791675901480,No encontrado
7791675908946,No encontrado
7790127711042,No encontrado
7798080521715,No encontrado
7791675908571,No encontrado
7791675000572,No encontrado
7792070000532,No encontrado
7790127710175,No encontrado
7791675304007,No encontrado
7790127733044,No encontrado
8480017557490,No encontrado
7792070000495,No encontrado
7793551001970,No encontrado
7793551001529,No encontrado
7798080521746,No encontrado
7792070001331,No encontrado
7790127000337,No encontrado
7790127733174,No encontrado
7791675901473,No encontrado
7790127000320,No encontrado
7798080521685,272476
7792070034391,No encontrado
7792070054368,No encontrado
7791675303000,No encontrado
7791675902616,No encontrado
7791675000503,No encontrado
7798080521678,272478
7791675000978,No encontrado
7790199603030,279594
7791675908410,No encontrado
7792070001102,No encontrado
7792070001119,No encontrado
7792070034353,No encontrado
7792070004523,No encontrado
7793551001512,No encontrado
7793551001567,No encontrado
8480017052728,No encontrado
8480017557476,No encontrado
7790199603054,279596
8480017557483,No encontrado
7791675350011,No encontrado
7792070001089,No encontrado
7792070001287,No encontrado
7790199603078,No encontrado
7792070004608,No encontrado
7790127731040,No encontrado
7793551001536,No encontrado
7792070001133,152236
7799044044462,No encontrado
7790127732542,No encontrado
7799044044479,No encontrado
7799044044455,No encontrado
7792070054344,No encontrado
7790127732672,No encontrado
7791675000121,No encontrado
7791675000169,No encontrado
7792070054351,294818
7798080521692,272480
7791675000510,No encontrado
7798080521739,269118
7792070001300,No encontrado
7792070054238,No encontrado
7790127000269,No encontrado
7798080521722,No encontrado
7791479000068,No encontrado
7791479004448,No encontrado
7792070000686,No encontrado
7791479000211,No encontrado
7791675908991,No encontrado
7791479005483,No encontrado
7791479000075,No encontrado
7798127922130,No encontrado
7791479000020,No encontrado
7791479000396,No encontrado
7790139000448,274473
7791479001348,No encontrado
7791479004301,No encontrado
7793551002175,No encontrado
7791351000360,No encontrado
7793551001505,No encontrado
7792070000754,No encontrado
7790139003418,437996
7792070054412,No encontrado
7790070228031,No encontrado
7790139101466,290582
7790139101640,296275
7790139004330,No encontrado
7792900000251,180849
7790070231260,No encontrado
7790130002335,No encontrado
7790130003226,No encontrado
7790139004941,288825
7790130003233,No encontrado
7790139003425,No encontrado
7790139004965,No encontrado
7790139101763,296274
7790070231956,No encontrado
7790070231253,No encontrado
7790139004521,No encontrado
7798061191517,No encontrado
7790139002121,No encontrado
7790130001284,No encontrado
7790130002342,No encontrado
7790150564844,288895
7797470004708,No encontrado
8001876550561,No encontrado
7790150570180,286088
7790139003357,No encontrado
7790150435380,287747
7790150411391,287901
7790070231949,No encontrado
7798061191500,No encontrado
7794000006140,290478
7790150497081,286615
7794000006133,290479
7790150540183,No encontrado
7790150532706,286784
7790150420331,287902
7790150470350,286607
7790150490334,No encontrado
7790150480243,286609
7790150406915,No encontrado
7790150440360,287760
7790150465332,No encontrado
7794000006119,290480
7790150532423,No encontrado
7790150406953,286604
7790150496084,No encontrado
7790150510353,No encontrado
7790150490471,286611
7792900990859,No encontrado
7790150465479,294501
7790150545287,287900
7790580135737,292295
7790150532201,No encontrado
7790150570371,286089
7790580136611,No encontrado
7792900009223,No encontrado
7790150565735,288897
7792900990613,No encontrado
7790150540336,286086
7790150536285,No encontrado
7790150532607,286783
7790150425251,No encontrado
7790150532508,286782
7790150532300,286780
7790150497487,No encontrado
7792900009063,No encontrado
7792900990583,No encontrado
7792900990552,No encontrado
7792900990576,No encontrado
7790150436080,287904
7792900092812,No encontrado
7792900092829,No encontrado
7790150532164,No encontrado
7790150532065,No encontrado
7792900009322,No encontrado
7792900009339,No encontrado
7790150531181,290295
7792900093338,No encontrado
7790150573280,287759
8480017397652,No encontrado
8480017397669,No encontrado
0076625271842,No encontrado
0656750788370,No encontrado
7790580136086,No encontrado
7797234000311,No encontrado
7797234000328,No encontrado
7797234000335,No encontrado
7797234000342,No encontrado
7797234000359,No encontrado
7797234000366,No encontrado
7797234000373,No encontrado
7797234000397,No encontrado
7797234000403,No encontrado
7797234000755,No encontrado
7790580136260,No encontrado
7790580136512,No encontrado
7790580136529,No encontrado
7790580136550,No encontrado
7798131061474,No encontrado
0076625271668,No encontrado
7798196040278,No encontrado
7790150535394,288893
7790598091742,190906
7790598091162,226286
8480017105219,No encontrado
8480017278869,No encontrado
8480017397607,No encontrado
7793360124945,278336
8480017397614,No encontrado
8480017397638,No encontrado
7790598015090,126551
8480017397645,No encontrado
7792900911250,No encontrado
0076625271682,No encontrado
7790150497272,286616
7792900009285,No encontrado
7790598000010,154369
7790598010798,No encontrado
7792900009346,No encontrado
7798143356483,No encontrado
7798142850692,No encontrado
0754697503503,No encontrado
0076625271705,No encontrado
0754697492715,No encontrado
7790580136734,292292
7798142850623,No encontrado
7798109282955,No encontrado
7797234000717,No encontrado
0723540523791,No encontrado
0076625271620,No encontrado
0656750788387,No encontrado
7790580136123,No encontrado
7791310000196,No encontrado
7791310000561,No encontrado
7798096880806,No encontrado
2920725600003,No encontrado
7790150530320,No encontrado
7790598000133,108596
7790598000140,108618
7790598000331,114243
7790598000430,148113
7790598010064,107158
7790598010217,130753
7790150565469,No encontrado
7790598012136,130761
7790598021701,187844
7790580135782,No encontrado
7790580136062,No encontrado
7790580136246,No encontrado
7790580139155,No encontrado
7790598015168,No encontrado
7790598091568,No encontrado
7791100046151,No encontrado
7791310000189,No encontrado
7792900009230,No encontrado
7792900009315,No encontrado
7792900910376,No encontrado
7792900990606,No encontrado
7794000007185,No encontrado
7794268000034,No encontrado
7794268000041,No encontrado
7794268000126,No encontrado
7794268000140,No encontrado
7794268000157,No encontrado
7794268000195,No encontrado
7794268000423,No encontrado
7794268000447,No encontrado
7794268000454,No encontrado
7794268004513,No encontrado
7794268004537,No encontrado
7794268004544,No encontrado
7794268004605,No encontrado
7794268004629,No encontrado
7794268004810,No encontrado
7794268004865,No encontrado
7794268099052,No encontrado
7794268099069,No encontrado
7794268099083,No encontrado
7794268099984,No encontrado
7794980901251,No encontrado
7796373112701,259126
7794980931234,No encontrado
7796373002323,No encontrado
7796373002330,No encontrado
7796373002361,No encontrado
7796373002378,No encontrado
7796373112206,No encontrado
7796373112800,No encontrado
7796373114002,No encontrado
7798012792015,No encontrado
7798012792169,No encontrado
7798012792176,No encontrado
7798012792183,No encontrado
7798096880110,No encontrado
7798096880363,No encontrado
7798096880813,No encontrado
7798096880820,No encontrado
7891132001705,316960
7791866001203,136239
7798096881193,No encontrado
7798096882053,No encontrado
7794000006072,289525
7791866001364,851019
7798142850630,No encontrado
7798142850647,No encontrado
7791866003283,101663
7794000006058,289526
7798142850708,No encontrado
7794000007086,294572
7798146138178,275049
7794000006553,293230
7791620187662,312596
7791866001357,No encontrado
7794000007093,No encontrado
7794000006065,No encontrado
7792180142009,310233
7794000007109,No encontrado
7794000005426,No encontrado
7790130002762,No encontrado
7791620187730,No encontrado
7791866000558,No encontrado
7791866000572,No encontrado
7790580135454,290441
7791866001579,No encontrado
7792180142016,No encontrado
7794000005150,No encontrado
7798146139090,No encontrado
7790130002755,No encontrado
7790130002748,No encontrado
7790580135461,No encontrado
7798146138864,No encontrado
7791620187723,No encontrado
7794000006089,No encontrado
8480017204912,No encontrado
7798126290940,No encontrado
7798131061535,No encontrado
7790130002793,No encontrado
8480017204899,No encontrado
7794000005143,No encontrado
8480017204905,No encontrado
7798126290889,No encontrado
7798126290896,No encontrado
7790580135430,290439
7790130002786,No encontrado
7790130002779,No encontrado
7790580137595,No encontrado
7798146138857,294358
7794000003408,No encontrado
7798146139106,No encontrado
7791620187747,No encontrado
7794000006539,No encontrado
7794000006478,292717
7791620187679,No encontrado
7791866001197,No encontrado
7794000007116,No encontrado
7791866004211,199120
7793377000478,No encontrado
7794000007024,No encontrado
7791620187655,No encontrado
7791866002477,No encontrado
7793377000454,No encontrado
7794000006485,No encontrado
7791866000510,No encontrado
7790130002830,No encontrado
7794000005204,No encontrado
7791620187686,No encontrado
7798126291091,No encontrado
7798126291046,No encontrado
7798126291053,No encontrado
7798126291060,No encontrado
7790130002823,No encontrado
7794000004917,285901
7792900990699,322564
7794000004887,285896
7794000006492,No encontrado
7790150432440,286961
7790150431443,287749
7798126290971,No encontrado
7790150437803,285508
7790158229622,No encontrado
7790139004606,No encontrado
7794000004931,285903
7790150433430,285514
7798126291084,No encontrado
7798096881148,No encontrado
7790150438305,287009
7794000004924,No encontrado
7790150438824,No encontrado
7790150585412,No encontrado
7790150498101,No encontrado
7792900000268,No encontrado
7792900000275,No encontrado
7790150498002,No encontrado
7790150497906,No encontrado
7790150497852,No encontrado
7891132011018,316952
7790150497951,No encontrado
7891132012015,316953
7791004000051,179060
7791004000099,179051
7790150498057,No encontrado
7791004000839,280580
7790072001014,109681
7793433000497,100774
7792900705408,No encontrado
7791004000822,280581
7792900705606,No encontrado
0000077956262,136328
7792900705507,No encontrado
7790150550465,286962
7792900000428,186021
7790072002080,No encontrado
7793433000480,No encontrado
7790072001038,No encontrado
7792900092683,103262
7790072000079,No encontrado
7792900000138,880523
7791004000044,No encontrado
7790150555446,No encontrado
0000077900661,No encontrado
7792900009254,No encontrado
7790150550588,No encontrado
7790072179607,No encontrado
7792900634135,No encontrado
7792900092676,No encontrado
7790150556368,No encontrado
7791004000082,No encontrado
8480017263124,No encontrado
8480017278906,No encontrado
8480017278913,No encontrado
8480017397621,No encontrado
8480017555380,No encontrado
8480017555397,No encontrado
8480017555465,No encontrado
7792900009124,No encontrado
7792900624020,No encontrado
7792900634142,No encontrado
7792900654119,No encontrado
7792900990651,No encontrado
7792900009162,No encontrado
7790150551363,No encontrado
7790598000355,110981
7798109288568,No encontrado
7790580136239,292294
7798109288537,No encontrado
7798109288513,No encontrado
7792900000206,No encontrado
7798109281200,No encontrado
7793323003461,No encontrado
0723540523784,No encontrado
7790580136116,No encontrado
7793323003454,No encontrado
7790150556740,294505
7792900000046,No encontrado
7791004000068,No encontrado
7790580136079,292279
7798109288940,No encontrado
7790598012600,131040
7790598012617,131024
7792900990088,No encontrado
7798270247241,No encontrado
7790150551745,No encontrado
7790580136253,No encontrado
7792900000053,No encontrado
7792900000220,No encontrado
7792900006840,No encontrado
7792900009247,No encontrado
7792900092706,No encontrado
7792900092720,No encontrado
7792900634227,No encontrado
7792900990880,No encontrado
7793323005106,No encontrado
7794268000133,No encontrado
7794268000461,No encontrado
7794268000515,No encontrado
7794268004896,No encontrado
7798156590034,No encontrado
7798156590041,No encontrado
7798156590065,No encontrado
7798156590249,No encontrado
7798156590294,No encontrado
7798156590867,No encontrado
7794000006164,292719
7794000006188,291128
7798156590874,No encontrado
7791866000480,199119
7798156590881,No encontrado
7798168320063,No encontrado
7798270247234,No encontrado
7798270247265,No encontrado
7798270247289,No encontrado
7798270247302,No encontrado
7791866000381,No encontrado
7791866000664,No encontrado
7794000007741,No encontrado
7791620187693,No encontrado
7793360103025,No encontrado
7794000005198,No encontrado
7793360103018,No encontrado
7790150445365,286606
0608875008994,No encontrado
7792900990774,322359
7791620187709,No encontrado
7794000006171,No encontrado
7798146139045,285264
7798146139229,322562
7794000006973,No encontrado
7791620187716,312600
7798146139052,285265
7790158229660,No encontrado
7793360123474,275504
7790150445396,286620
7790580136215,292298
7798131061511,No encontrado
7792900990712,No encontrado
7790070335333,No encontrado
7791564136702,No encontrado
7798334803208,No encontrado
7792900990675,No encontrado
7796373001142,No encontrado
7792900990828,No encontrado
7798334587122,No encontrado
0076625271644,No encontrado
8480017029096,No encontrado
7792900990705,322565
8480017072030,No encontrado
8480017104342,No encontrado
7796373002934,267312
7792900990125,No encontrado
7792900990842,No encontrado
7796373001463,No encontrado
7798131061429,No encontrado
7798131061399,No encontrado
7790130003240,No encontrado
7796373002712,No encontrado
7798126291114,No encontrado
7790580134495,No encontrado
7798334803123,No encontrado
7792900990835,No encontrado
7790070335326,No encontrado
7798146139038,285262
0008295661012,No encontrado
7790580133757,No encontrado
7791479001591,No encontrado
7792900990767,No encontrado
7796373000503,No encontrado
7796373002682,No encontrado
7891132001675,316956
7796373003177,No encontrado
7798131060750,No encontrado
7891132001682,316958
7798146139069,No encontrado
7798334803017,No encontrado
7798334803109,No encontrado
7798015650572,No encontrado
7798015650633,No encontrado
7798096881124,No encontrado
7798096881131,No encontrado
7798146138963,285258
7798096882381,No encontrado
7891132001699,316959
7792900990781,No encontrado
7792900990743,No encontrado
7792900990736,No encontrado
7798144510426,No encontrado
7792900990682,No encontrado
7792900910635,No encontrado
7790158229561,No encontrado
7798146139151,No encontrado
7792900093895,No encontrado
7798146139243,No encontrado
7798270247005,No encontrado
7891132001668,316957
7791479004066,No encontrado
7790139100582,No encontrado
7798334803024,No encontrado
7790139100575,No encontrado
7798334803116,No encontrado
7791479001034,No encontrado
7790598000492,No encontrado
7796373001128,No encontrado
7796373000657,No encontrado
7790139003173,696239
7792900093246,125248
7794268004612,No encontrado
7796373002873,No encontrado
7792900990804,No encontrado
7796373002965,No encontrado
7792900092980,125250
7790130000058,No encontrado
7790130000034,No encontrado
7790130000027,No encontrado
7790130000065,No encontrado
7790139003166,437502
7790139101138,No encontrado
7790130000263,No encontrado
7790130000010,No encontrado
8480017534705,No encontrado
7790130000089,No encontrado
7790130000720,No encontrado
7790139101145,294219
7790139101183,294222
7792900093024,110390
7790139003258,No encontrado
7792900093260,No encontrado
7798131061467,No encontrado
8480017534682,No encontrado
8480017534699,No encontrado
7790139003265,No encontrado
7792900806037,No encontrado
7797470132692,No encontrado
7790139000424,No encontrado
7798142740016,No encontrado
7798142740023,No encontrado
7798142740030,No encontrado
7790139003302,No encontrado
7790139101749,No encontrado
7790070431486,309232
7791120031557,145157
7790139101565,No encontrado
7790673000188,No encontrado
7790070431448,312233
7790139003296,No encontrado
7790070431493,309233
7798142740078,No encontrado
7790070431417,No encontrado
7791120021558,No encontrado
7790503199112,290916
7798078450126,No encontrado
7790503000081,195768
7791120031564,No encontrado
7790070412171,No encontrado
7790070412126,No encontrado
7791120021565,No encontrado
7792180139535,No encontrado
7798078450393,No encontrado
7790503199136,No encontrado
7791120031656,No encontrado
7791120100819,No encontrado
7791120103148,No encontrado
7792052998987,No encontrado
8480017242334,No encontrado
7790503199082,283904
7792180139542,No encontrado
8480017557452,No encontrado
7790503000319,No encontrado
7790847060543,No encontrado
7791120099755,No encontrado
7791120098888,265520
7790503000265,265665
7798123134797,No encontrado
7790070431455,No encontrado
7790070431424,No encontrado
7791120100093,No encontrado
7790503199143,No encontrado
7798123134773,No encontrado
7790503199105,290917
7790847060567,No encontrado
7792180139573,298785
7790070432254,309951
7790070411914,No encontrado
7790070432261,309950
7798334587030,295945
7798334587078,295978
7791120098895,No encontrado
7798334587009,295977
7791120001369,No encontrado
7798334587061,295946
7791120001352,No encontrado
7790070321565,291347
7792180139580,No encontrado
7790070432278,No encontrado
7798334587047,No encontrado
7798334587115,No encontrado
7791476021011,No encontrado
7791476009019,No encontrado
7791476034011,No encontrado
7791476057003,No encontrado
7791476059007,No encontrado
7798143355530,No encontrado
7798143355462,No encontrado
7798143355455,No encontrado
7798048720921,No encontrado
7798048720938,No encontrado
7791476064001,No encontrado
7798195010012,No encontrado
7798195010074,No encontrado
7798143355936,No encontrado
7791476063004,No encontrado
7798143355479,No encontrado
7790279000063,No encontrado
7790279000193,No encontrado
7790279000209,No encontrado
7791351146167,No encontrado
7798032180038,No encontrado
7798032180069,No encontrado
7798032180618,No encontrado
7798032180649,No encontrado
7798032180694,No encontrado
7798032181042,No encontrado
7798032181059,No encontrado
7798143355509,No encontrado
7798143355516,No encontrado
7798195010067,No encontrado
7798066030682,No encontrado
7798066030781,No encontrado
7798066030828,No encontrado
7798048720150,No encontrado
7798048720129,No encontrado
0681131411738,No encontrado
7798270243526,No encontrado
7791476056006,No encontrado
7798048720112,No encontrado
7798143355547,No encontrado
7798032180601,No encontrado
7798153715942,No encontrado
7792350067132,No encontrado
7798048720945,No encontrado
7798066030583,No encontrado
7798066030651,No encontrado
7791476036114,No encontrado
7798048720907,No encontrado
7793433000640,274034
7798032180632,No encontrado
7790279000094,No encontrado
7798270243557,No encontrado
7793433000688,274044
7798066030736,No encontrado
7798066030903,No encontrado
7798143355493,No encontrado
7793433000664,No encontrado
7791476081008,No encontrado
7793433000602,No encontrado
7793433000619,No encontrado
7790150611128,No encontrado
7791476080001,No encontrado
7793433000695,No encontrado
7798048720235,No encontrado
7798048720259,No encontrado
7794700000028,No encontrado
7790150611074,287906
7798125100561,No encontrado
7798125101001,No encontrado
7798143350566,No encontrado
7798143350573,No encontrado
7798143350603,No encontrado
7793433000671,274036
0000077965233,No encontrado
7799120000504,No encontrado
7793433000626,No encontrado
7793433000657,No encontrado
7798044150555,No encontrado
7798044150777,No encontrado
7798044151095,No encontrado
7798044151101,No encontrado
7798044151156,No encontrado
7798044151125,No encontrado
7792750000937,101613
7798066030620,No encontrado
7790580131364,290487
8480017253781,No encontrado
7793360129940,282060
8480017253798,No encontrado
8480017253828,No encontrado
7798075090202,No encontrado
7792284000014,No encontrado
7790580131357,No encontrado
8480017770134,No encontrado
7793360129957,282061
8480017451255,No encontrado
7891167831100,101130
8480017451279,No encontrado
8480017479433,No encontrado
8480017558121,No encontrado
7891167831117,101131
8480017558138,No encontrado
8480017558176,No encontrado
7790748266204,100943
7790748266167,100862
8480017598943,No encontrado
7891167831087,No encontrado
7891167831094,No encontrado
7790748235064,115584
7790580138776,No encontrado
7799120000863,No encontrado
7798262020104,309740
7798138551671,No encontrado
7798138551688,No encontrado
7790580138578,No encontrado
7799120000856,No encontrado
7799120000870,No encontrado
7798262020043,309738
7790580138585,No encontrado
7798132920435,284729
7792750000340,No encontrado
7891167022195,No encontrado
7798262020036,No encontrado
7798132920404,No encontrado
8480017345448,No encontrado
7798171700142,No encontrado
7798132920398,No encontrado
8480017093448,No encontrado
0000020305826,No encontrado
7798143351143,No encontrado
7790088000506,No encontrado
7791351129825,No encontrado
7795933000519,No encontrado
7796435000113,No encontrado
7795933207048,No encontrado
7798132920411,No encontrado
7798132920503,No encontrado
7798132921340,No encontrado
7798318340361,No encontrado
7798318340378,No encontrado
7798138551930,No encontrado
7798132920428,No encontrado
7798270243038,No encontrado
7798318340019,No encontrado
7798318340101,No encontrado
7798318340279,No encontrado
7798066790579,No encontrado
7795933000557,No encontrado
7798318340415,No encontrado
7799120000825,No encontrado
7798262020029,No encontrado
7798262020012,No encontrado
7793360132469,No encontrado
7791476033014,No encontrado
7790580132453,No encontrado
7792350067019,No encontrado
7790580132392,No encontrado
7793360132384,No encontrado
8480017260215,No encontrado
8480017260239,No encontrado
8480017262233,No encontrado
8480017559388,No encontrado
7790790124293,No encontrado
7792290279008,No encontrado
7793360132445,No encontrado
7790580132477,No encontrado
8480017160584,No encontrado
7790790120257,No encontrado
7793360132483,No encontrado
8480017201973,No encontrado
7797470007426,No encontrado
8480017260109,No encontrado
8480017260130,No encontrado
7798143355448,No encontrado
7792290000305,No encontrado
7790279001152,No encontrado
7790790120325,No encontrado
7790790120332,No encontrado
7792350067217,No encontrado
7790580132491,No encontrado
7792290279015,No encontrado
7792290279022,No encontrado
7790360720115,139190
7796953511153,704306
7790360720382,139130
7796953304120,757179
7792350067095,No encontrado
7792350067101,No encontrado
7790123001420,No encontrado
7796953301129,757144
7798066030774,No encontrado
7798270241263,No encontrado
7798270241287,No encontrado
7790360720122,117137
7790360965127,160512
7790360966582,No encontrado
7790360964540,143359
7790360965202,No encontrado
7790360964526,No encontrado
7790360965189,No encontrado
7796953303123,No encontrado
8480017344342,No encontrado
7790360965714,No encontrado
7796953511146,No encontrado
8480017344335,No encontrado
7793360000157,105772
7790360964557,No encontrado
7790360965707,No encontrado
7793360000089,151793
7790920008707,No encontrado
7790202000320,No encontrado
7798143079887,No encontrado
7790580567903,No encontrado
7790580567101,No encontrado
7790580133184,No encontrado
7793360105944,No encontrado
7790580134518,No encontrado
7790580133160,No encontrado
7790580133177,No encontrado
7790123001109,No encontrado
7790070335340,No encontrado
7790123001383,No encontrado
7790580133139,No encontrado
7790580650919,No encontrado
7790790019063,No encontrado
7793360000140,No encontrado
7793360000478,No encontrado
7793360129889,No encontrado
7797470124574,No encontrado
7797470129586,No encontrado
7798144510464,No encontrado
8480017057211,No encontrado
8480017090287,No encontrado
8480017094001,No encontrado
8480017104038,No encontrado
7798132920473,103207
8480017186638,No encontrado
8480017558084,No encontrado
7790580131098,No encontrado
7798144510457,No encontrado
7798158707669,No encontrado
7798079670059,No encontrado
7798096031154,No encontrado
7798132920589,No encontrado
7790580134440,No encontrado
7790580133153,No encontrado
7798132920763,No encontrado
7798132920848,No encontrado
7790790120738,No encontrado
7791876048571,No encontrado
7792290278827,No encontrado
7790499017667,No encontrado
7790580138844,No encontrado
7790499000768,No encontrado
7798270246398,No encontrado
7793360130014,No encontrado
7792290278568,No encontrado
7790580132422,291423
7798270241492,No encontrado
7798024399974,No encontrado
7790580133146,No encontrado
7798143521096,No encontrado
7792750000807,No encontrado
7793046015024,No encontrado
7793046015246,No encontrado
7793360984907,No encontrado
7790060007967,No encontrado
7790580980801,No encontrado
7793360132414,No encontrado
7790645002936,No encontrado
7790790120318,No encontrado
8480017055705,No encontrado
8480017060648,No encontrado
8480017260093,No encontrado
8480017260154,No encontrado
8480017262240,No encontrado
8480017335128,No encontrado
8480017788580,No encontrado
7790790120837,No encontrado
7798096031116,No encontrado
7792290279046,No encontrado
7790790120288,No encontrado
7798096031222,No encontrado
7790790120271,No encontrado
7797470005347,No encontrado
7798138551305,No encontrado
7798270241294,No encontrado
7792290279039,No encontrado
7792350067026,No encontrado
7794940000536,102235
7794940000550,153512
7792350067170,No encontrado
7792350067187,No encontrado
7793360132520,No encontrado
7792540293754,273972
7790499017629,No encontrado
7794136000029,No encontrado
7794136000067,No encontrado
7792540294607,277478
7794136000098,No encontrado
7790150830444,286371
7790150830468,286372
7792540250450,No encontrado
7791100046137,No encontrado
7798174970016,No encontrado
8480017298515,No encontrado
7792052064569,No encontrado
7797330105743,No encontrado
8445290559975,299265
7791100000481,No encontrado
8445290274243,No encontrado
7790580131876,294794
7790380023401,No encontrado
7613287149145,No encontrado
7792360071365,No encontrado
7790380023418,No encontrado
7613032619237,No encontrado
7792430608255,No encontrado
7792222040669,No encontrado
7790150830482,No encontrado
7790380023425,No encontrado
7790170903609,288884
7790580131883,No encontrado
7790170903692,288887
7792430609719,No encontrado
7792430611620,No encontrado
7790170903654,288885
7794690000022,No encontrado
7790150080825,288882
7794690000039,No encontrado
0000080177616,No encontrado
7790380005971,No encontrado
7790150080849,No encontrado
7613037301793,No encontrado
7613037280364,No encontrado
7790150080801,No encontrado
7790150090169,No encontrado
7790170903678,288886
7613036957069,No encontrado
7613036961004,No encontrado
7613036961028,No encontrado
7613037279429,No encontrado
8480017214935,No encontrado
8445291082199,310694
7790070933638,309310
8480017214942,No encontrado
8445291082212,310695
7790150090107,No encontrado
8445291082236,310696
7790150090121,No encontrado
8445291082137,310692
7790550018770,No encontrado
7896419500544,No encontrado
7896419500551,No encontrado
8445291082113,310691
8445291082151,310687
7790150160725,287913
7790150090145,No encontrado
7790150101780,286376
7790550018718,No encontrado
7790150100806,286375
7790150079904,285506
7613036312752,271510
7790150100462,286076
7790150100783,286078
7790150100486,286077
7790150160923,287916
7790150161227,287922
7790150101476,286080
7790550011290,286528
7891000108819,242409
7790170903937,No encontrado
7613035379213,259524
7790150110188,No encontrado
7790070933652,No encontrado
7790150161401,287928
7790170907478,266638
7790070933645,227139
7790170904798,No encontrado
7792360094968,No encontrado
7790150161326,No encontrado
7790550029417,No encontrado
7790150150252,No encontrado
7613035379237,No encontrado
7790320000035,No encontrado
7791118000503,240361
8480017010896,No encontrado
7790550026478,No encontrado
7790150160961,No encontrado
7790150110386,289594
7790150160824,No encontrado
7790150160787,No encontrado
7790150160657,No encontrado
7790550029530,No encontrado
7790550010255,280979
8445290256270,290539
8445291082175,No encontrado
8445291053212,No encontrado
7791118000794,No encontrado
8445290254023,No encontrado
8480017309419,No encontrado
7790150100172,No encontrado
8445290794819,No encontrado
7790150101773,No encontrado
7790150101087,No encontrado
7790150150573,No encontrado
7791118000749,No encontrado
7791118000602,No encontrado
7790550029455,No encontrado
7790550029431,No encontrado
7790550000164,101087
7791118000015,No encontrado
7798196990016,No encontrado
7790550022234,293910
7790550000157,101079
7790150006320,285074
7790170902008,285070
7794268004599,No encontrado
7791150010416,No encontrado
7792360002062,193933
7790550029493,No encontrado
7790550026492,No encontrado
7790150006351,285071
0762111364418,280091
7790170901971,285073
0762111364357,280090
7792360002154,105313
7790150037072,288879
7792360002130,193925
7790170901957,No encontrado
8445290114174,No encontrado
7790550022258,293908
8445290114181,No encontrado
7798090321527,No encontrado
7790550000171,No encontrado
7790550022210,No encontrado
7792360002147,No encontrado
8480017241153,No encontrado
8445290624819,No encontrado
7790150006375,290307
7790150006429,288877
8480017241160,No encontrado
0762111364364,No encontrado
7790170949072,288891
7790150006306,No encontrado
7798090321398,No encontrado
7790550022456,293917
7790550000140,No encontrado
7790170902022,No encontrado
7790170949096,No encontrado
7798090321381,No encontrado
7798090321589,No encontrado
7790045001584,152307
7896419500193,No encontrado
7896419500216,No encontrado
7790199604587,309703
7790550022333,No encontrado
7790045001607,152668
7790550022319,No encontrado
7790045000624,244974
7790550022272,No encontrado
7891000337271,298908
7896004004921,298734
7896004004983,298737
7613287753489,No encontrado
7790045000457,153649
7790045826637,281936
7798169802711,285752
7798169802674,285747
7790524324340,No encontrado
7791078022706,No encontrado
7798169802650,285751
7798169802827,299629
7790524324357,No encontrado
7798169802667,285750
8445290270184,No encontrado
7790045001591,No encontrado
7790045826965,No encontrado
7798169802834,299631
7798343751132,No encontrado
7790199604594,No encontrado
7790045823575,No encontrado
7896004004969,No encontrado
7798187760857,No encontrado
7791324157619,No encontrado
7790045823568,No encontrado
7791019172101,No encontrado
7791019171890,No encontrado
7896004005010,No encontrado
7791019000053,No encontrado
7896004004990,No encontrado
0732535898707,No encontrado
0763571717479,No encontrado
7798169802629,No encontrado
7798169802636,No encontrado
7798052362421,No encontrado
7790045826972,No encontrado
7790045000778,No encontrado
7791078022744,No encontrado
7791078022713,No encontrado
0763571717462,No encontrado
7797599000483,No encontrado
7798165590827,No encontrado
7791019170305,No encontrado
7791019000220,No encontrado
7790045823094,No encontrado
7791019000213,No encontrado
0732535898714,No encontrado
8480017335463,No encontrado
7790045826972,No encontrado
7790045823094,No encontrado
0732535898707,No encontrado
7798052362421,No encontrado
7791019000213,No encontrado
0724373747101,No encontrado
7798169802681,285748
7613034155030,No encontrado
7790040140929,No encontrado
7790045001614,No encontrado
7791118013138,No encontrado
7791476012354,No encontrado
7791476014044,No encontrado
7792170555413,No encontrado
7798169802728,No encontrado
7891000360552,No encontrado
7798105588853,No encontrado
7798052363053,No encontrado
7797599232105,No encontrado
7797599232099,No encontrado
7797599232037,No encontrado
7797599232020,No encontrado
7797599231771,No encontrado
7790380019633,No encontrado
7798169802704,No encontrado
7797599231764,No encontrado
7790380019626,No encontrado
7798169802780,No encontrado
7797599000520,No encontrado
7797599000513,No encontrado
7797599000506,No encontrado
7798181510960,No encontrado
7798181510977,No encontrado
7798181510984,No encontrado
7797599000476,No encontrado
7798270243229,No encontrado
7798270243250,No encontrado
7798270243267,No encontrado
7798270243571,No encontrado
7798270245742,No encontrado
7793176003328,No encontrado
7798401690113,No encontrado
7891000288801,No encontrado
7792170555420,No encontrado
7790045001034,No encontrado
7792170555345,No encontrado
7896004004938,No encontrado
7792170555314,No encontrado
7791078022690,No encontrado
7791019175546,No encontrado
7790742625205,283141
7790580142414,No encontrado
7790580135942,No encontrado
7790742625403,283143
7790742625304,283136
7790742067005,262092
7790524324319,No encontrado
7790742625106,283140
7798052363169,No encontrado
7790787153664,101495
7798052363176,No encontrado
7790787150632,173614
7790787153671,101496
7798105588846,No encontrado
7790244001453,No encontrado
7794820902936,No encontrado
7790616080116,No encontrado
8480017252531,No encontrado
7790742104304,No encontrado
7791058000410,No encontrado
7791058010662,No encontrado
7791058010754,No encontrado
7794820000885,No encontrado
8480017037220,No encontrado
7798067030780,126898
7798067031275,290498
8480017037428,No encontrado
8480017045683,No encontrado
8480017085009,No encontrado
8480017085016,No encontrado
7790244941568,No encontrado
7790787000654,253899
7794820902943,No encontrado
7790787153657,153360
7790616000411,315852
7794820902950,No encontrado
7798067031282,No encontrado
7790742387707,No encontrado
7798312320512,No encontrado
7790616018614,No encontrado
7790490998231,284994
7798060853317,No encontrado
7790490998002,284999
7790787949823,No encontrado
7790490998309,284996
7790616018713,No encontrado
7794940000796,259161
7793360004759,No encontrado
7790244941551,No encontrado
7794940000864,259159
7794820001547,No encontrado
7794940000857,259158
7794940000833,259156
7794820902028,No encontrado
7794940000765,248591
7798060852709,No encontrado
7790490998064,284992
7792129004542,298993
7794940000758,233530
7790490998019,285000
7790490998026,284990
7792129004559,282535
7792129004535,298992
7792129004566,298991
7792540293792,273974
7790490998101,284993
7794940000604,No encontrado
7799086000242,No encontrado
7792129000759,No encontrado
7794940000840,No encontrado
7792129003637,No encontrado
7799086000259,No encontrado
7792129003620,No encontrado
7794940000611,No encontrado
8480017696564,No encontrado
7790150813195,No encontrado
7790490997968,No encontrado
7794940000772,263033
7790490997982,No encontrado
7799086000266,290040
7792129001299,No encontrado
7794940000192,No encontrado
7794940000208,No encontrado
7790150812747,289607
7794940000529,No encontrado
7790150811948,289613
7794940000628,No encontrado
8480017243850,No encontrado
7792540293785,312229
8480017277626,No encontrado
8480017299987,No encontrado
8480017299994,No encontrado
7792129000742,No encontrado
7792129004672,298994
7790150812921,No encontrado
7792540293808,No encontrado
7790490998156,No encontrado
7790150813454,No encontrado
7792129004689,No encontrado
7794940000710,No encontrado
7792129004313,No encontrado
7794940000789,No encontrado
7891021002585,257690
7891021002592,257689
7792129003743,No encontrado
7792129001015,No encontrado
7791465001253,No encontrado
7791465001239,No encontrado
7791465000294,No encontrado
7798215280425,No encontrado
7622201753061,190250
7790070418401,295009
7795587000316,No encontrado
7797196928081,No encontrado
7791120098093,No encontrado
7791120098116,No encontrado
7791120098109,No encontrado
7790538009516,No encontrado
7790538009707,No encontrado
7790070417152,No encontrado
7794529041592,No encontrado
7790538009615,No encontrado
7790538009578,No encontrado
7790538009561,No encontrado
7797330102377,No encontrado
7798142880088,No encontrado
7797330100663,No encontrado
7790070417213,No encontrado
8480017151605,No encontrado
0076625211978,No encontrado
0076625211992,No encontrado
7790503000289,246283
0076625212005,No encontrado
7790503000302,257971
0076625212012,No encontrado
0076625212029,No encontrado
0076625212036,No encontrado
0076625212050,No encontrado
0076625212067,No encontrado
0076625212074,No encontrado
0656750731338,No encontrado
7794529041707,No encontrado
7797330002721,No encontrado
7797330004725,No encontrado
7797330102384,No encontrado
7797330103336,No encontrado
7798082000461,No encontrado
7798142880019,No encontrado
7798199770035,No encontrado
7798199770073,No encontrado
7790503198696,276407
7798199770110,No encontrado
7790412000295,295732
7790412000271,295730
7798199770134,No encontrado
7798199770141,No encontrado
7798200050019,No encontrado
7798199770042,No encontrado
7798082743726,No encontrado
7798082743849,No encontrado
7798199770103,No encontrado
7790070417237,No encontrado
7797330100656,No encontrado
7797330100649,No encontrado
7798142880026,No encontrado
7790070418432,No encontrado
7790070417244,No encontrado
7790040137769,No encontrado
7798120180803,No encontrado
0000077987891,No encontrado
7790040133921,No encontrado
7790503198702,276408
0076625212043,No encontrado
0076625211985,No encontrado
7798033900253,No encontrado
7790040008175,174564
7790040133471,282668
7622201735883,290330
7798033900284,No encontrado
7798120180780,No encontrado
7622201735258,290325
7622201735906,290331
7790503198757,No encontrado
7790040137844,291904
7622201806538,284284
7790538000582,No encontrado
7790040127944,284501
7622201761288,226274
7622201740399,267151
7790412001636,No encontrado
7790040133488,282671
7798128000691,294540
7622300742645,186498
7790040139923,294178
7790040142992,309272
7790070418425,No encontrado
7622201806552,No encontrado
7622201745547,219298
7790040142985,309274
7622201735296,No encontrado
7891000248799,267590
7622300829728,219280
7790040139657,292473
7790580346515,No encontrado
7622201503987,No encontrado
7790040139930,294180
7622201492465,No encontrado
7791324157664,No encontrado
7790040135765,No encontrado
7790040139893,No encontrado
7798360810072,No encontrado
7798360810034,No encontrado
7798360810058,No encontrado
7798128000707,294539
7891000379028,No encontrado
7792200000128,858188
7794600004539,No encontrado
7790040139091,No encontrado
7622201808860,283897
7790580346614,No encontrado
0000077976291,284434
7790040133259,282681
7790040139909,294184
7790077000326,279934
7793450000159,862312
7790045824893,147995
7891000379073,299969
7791324157633,No encontrado
7791672014404,No encontrado
7790045001188,862010
7622201504007,No encontrado
7791324157046,No encontrado
7791324157466,No encontrado
7791696008014,No encontrado
7790040139909,294184
7790040133259,282681
7791696008014,No encontrado
0000077903501,No encontrado
7791672014404,No encontrado
7791324157633,No encontrado
7790040676800,No encontrado
7798181510267,No encontrado
7798181510786,281315
7791324157046,No encontrado
7795735000335,No encontrado
7790040139176,294176
7622201735319,286194
7891962032306,163757
7798181510021,No encontrado
0000077995681,No encontrado
7798126071273,281291
7791324157466,No encontrado
7798181510014,No encontrado
7798126070948,281295
7891962032290,163758
7790040139183,No encontrado
7622201385255,No encontrado
7790040135758,No encontrado
7790040133266,No encontrado
7798126072805,No encontrado
7795735601228,No encontrado
7790580111755,266486
7790045001195,862029
7790077000067,No encontrado
7622300742935,186684
7790040124530,No encontrado
7792184003146,No encontrado
7790040116955,No encontrado
7790040139770,294192
7791787100924,No encontrado
7790380023432,No encontrado
7622201808884,283896
7622201803285,186008
7798181510182,No encontrado
7622201745561,290329
7790040139978,No encontrado
7790040139961,No encontrado
7790040139916,No encontrado
7622201735821,No encontrado
7798187760390,296530
7891962032283,No encontrado
7798054220156,No encontrado
7798360810164,No encontrado
7798360810096,No encontrado
7798181510847,281316
7798360810133,No encontrado
7790070418449,No encontrado
7798308250427,No encontrado
7790070417572,No encontrado
7798181511219,No encontrado
7798181511226,No encontrado
7798360810010,No encontrado
7793450000128,862320
7790045825791,No encontrado
7798181511011,No encontrado
7798181511202,No encontrado
7791568000955,No encontrado
7791568000849,No encontrado
7798128002145,No encontrado
7791568000689,No encontrado
7791324156827,No encontrado
7791324156919,No encontrado
7790040139169,294175
7792184003085,No encontrado
7792184003382,No encontrado
7798054220156,No encontrado
7791787100030,No encontrado
7790369007828,313974
7790369007811,447152
7792180136619,No encontrado
7790580137656,No encontrado
7792180136626,No encontrado
7792180143273,308652
7790412000011,No encontrado
7791787100719,No encontrado
7792180138491,No encontrado
7791787000644,No encontrado
7622201745585,290328
7790369000249,No encontrado
7790040137813,No encontrado
7792180136602,No encontrado
7790349851663,No encontrado
7790310982488,No encontrado
7790040133242,282679
7790310982846,No encontrado
7792052180696,No encontrado
7790263119719,No encontrado
7791696010505,No encontrado
7791696011083,No encontrado
7792052180702,No encontrado
7791787100979,No encontrado
7793890257984,No encontrado
7790040133235,282678
7793890258592,No encontrado
7790077000135,No encontrado
7794906020011,No encontrado
7798120540881,No encontrado
7798126072249,No encontrado
7798126072331,No encontrado
7792684001253,No encontrado
7793013010335,No encontrado
7792052180702,No encontrado
7792052180689,No encontrado
7790040132689,282675
7790070418418,No encontrado
7798079234398,No encontrado
7792052178358,No encontrado
7792052178327,No encontrado
7790070416841,No encontrado
7792052175500,No encontrado
7790045825401,155260
7792052175517,No encontrado
7798079234381,No encontrado
7798082001000,No encontrado
7792052175456,No encontrado
7791787100979,No encontrado
7791787100719,No encontrado
7792052175531,No encontrado
7791787100030,No encontrado
7792052178334,No encontrado
7790040110748,No encontrado
7792052180559,No encontrado
7791787000644,No encontrado
7792052180696,No encontrado
7622201503963,No encontrado
7792180009524,No encontrado
7798079230628,No encontrado
7790045823452,No encontrado
7791787000040,No encontrado
7792222041055,No encontrado
7790045001201,No encontrado
7791696011083,No encontrado
7791696010505,No encontrado
7790040007604,No encontrado
7791696008953,No encontrado
7792180136602,No encontrado
7791672001008,No encontrado
7792180136626,No encontrado
7798079234374,No encontrado
7798082745140,No encontrado
7793450000111,No encontrado
7793890257984,No encontrado
7793890258592,No encontrado
7794906020011,No encontrado
7794906020042,No encontrado
7794906020059,No encontrado
7794906020080,No encontrado
7798004241316,No encontrado
7798036830175,No encontrado
7798036830229,No encontrado
7798048730395,No encontrado
7798079230628,No encontrado
7798126071747,281297
7798079234374,No encontrado
7798079234381,No encontrado
7798079234398,No encontrado
7798082001000,No encontrado
7798082745140,No encontrado
7798120540843,No encontrado
7798120540881,No encontrado
7798126071150,No encontrado
7798126072249,No encontrado
7798128002138,294542
7798126072287,No encontrado
7798126072294,No encontrado
7798126072317,No encontrado
7798126072331,No encontrado
7798126072348,No encontrado
7798126072355,No encontrado
7798126072782,No encontrado
7798141972807,No encontrado
7798181510069,No encontrado
7798181511349,No encontrado
7798308250199,No encontrado
7798308250205,No encontrado
8480017005083,No encontrado
8480017023520,No encontrado
8480017043047,No encontrado
8480017061195,No encontrado
8480017074805,No encontrado
8480017074812,No encontrado
8480017105790,No encontrado
8480017110268,No encontrado
8480017116215,No encontrado
8480017116222,No encontrado
8480017116284,No encontrado
8480017116291,No encontrado
8480017124630,No encontrado
8480017135841,No encontrado
8480017139047,No encontrado
8480017173188,No encontrado
8480017173195,No encontrado
8480017173201,No encontrado
8480017173256,No encontrado
8480017173966,No encontrado
8480017174383,No encontrado
8480017179319,No encontrado
8480017198785,No encontrado
8480017202277,No encontrado
8480017204097,No encontrado
8480017237132,No encontrado
8480017242976,No encontrado
8480017242983,No encontrado
8480017245700,No encontrado
8480017254153,No encontrado
8480017287526,No encontrado
8480017555342,No encontrado
8480017555373,No encontrado
8480017555663,No encontrado
7790263119665,294364
8480017555670,No encontrado
8480017604453,No encontrado
7790369000089,No encontrado
7790349000047,No encontrado
7798128410117,No encontrado
7798128410285,No encontrado
7798128410292,No encontrado
7790045824886,No encontrado
7793890258646,No encontrado
7792180130761,No encontrado
7793890258691,No encontrado
7791376000307,No encontrado
7798308250212,No encontrado
7792184003313,No encontrado
7792052175524,No encontrado
7622201740368,No encontrado
7798181511004,308704
7791787000705,No encontrado
7798082740107,No encontrado
7790263119658,No encontrado
7790263119641,No encontrado
7790263119696,No encontrado
7792180132710,No encontrado
7798082740176,No encontrado
7790263119634,279372
7798126073109,No encontrado
7790580142513,No encontrado
7798004241231,No encontrado
7793376000165,No encontrado
7622300335052,144396
7891962058399,No encontrado
7798017960112,No encontrado
7798128410070,145666
7793376000202,No encontrado
7891962058405,No encontrado
7622300335090,No encontrado
7790369007903,No encontrado
7790369007835,447076
7790580132712,No encontrado
7790077000104,No encontrado
7791376000994,No encontrado
7792180133274,No encontrado
7798171732419,No encontrado
7622201385279,No encontrado
7792180138507,No encontrado
7790263119726,298651
7792180140791,No encontrado
7792180143266,No encontrado
7792184000022,No encontrado
7792184000084,No encontrado
7792184001029,No encontrado
7798181510717,No encontrado
7792180130754,No encontrado
7793450000142,292953
7791787100900,No encontrado
7791787000422,No encontrado
7793450000364,453457
7792222041079,No encontrado
7798181510946,No encontrado
7793013015262,No encontrado
7793176003311,No encontrado
7790263119689,No encontrado
7791568006100,No encontrado
7791568005660,No encontrado
7793450000593,No encontrado
7793450000913,No encontrado
7793450000920,No encontrado
7793450000937,No encontrado
7793450000975,No encontrado
7793450000999,No encontrado
7798181511196,No encontrado
7791568005615,299523
7793890258639,No encontrado
7793890258684,No encontrado
7793890258707,No encontrado
7793890258738,No encontrado
7794903232189,No encontrado
7794903232196,No encontrado
7794903232219,No encontrado
7794903232233,No encontrado
7798181511240,No encontrado
7798181511257,No encontrado
7791568005608,No encontrado
7795735000519,No encontrado
7798054220293,299897
7791568000702,No encontrado
7798004241187,No encontrado
7798004241248,No encontrado
7798270244066,No encontrado
7791568000696,No encontrado
7798054220590,No encontrado
7798054220606,No encontrado
7798054220781,No encontrado
7798054220804,No encontrado
7798079230116,No encontrado
7798079230062,No encontrado
7798079230147,No encontrado
0000077962898,No encontrado
7798079230833,No encontrado
7798308250281,No encontrado
7798308250298,No encontrado
7798308250335,No encontrado
7790263119627,No encontrado
7798094220444,No encontrado
7798125810781,279865
7798094221731,No encontrado
7798125811023,295927
7790070416827,No encontrado
7798126070931,281293
7798123139556,No encontrado
7798123139563,No encontrado
7798125810583,No encontrado
7798125811009,No encontrado
7790040139398,No encontrado
7798126072232,No encontrado
7790040138902,No encontrado
7798360810140,No encontrado
7798360810188,No encontrado
7622201745615,No encontrado
7790580109646,258397
7622201740375,No encontrado
7798126072591,No encontrado
7791324157657,No encontrado
7798126073062,No encontrado
7790580141394,No encontrado
7622201735791,No encontrado
7790412000950,No encontrado
7622201491611,No encontrado
7798157740209,No encontrado
7792180132680,No encontrado
7798181510212,269618
7792180132697,No encontrado
7622201736033,296345
7792180132703,No encontrado
7792180132932,No encontrado
7622201745905,296346
7790040139015,291068
7790040136243,289711
7792180132994,No encontrado
7790040132955,282355
7795735000328,931241
7794529041608,No encontrado
7790580697303,139319
7790040136069,No encontrado
7792180006462,250603
7795735000342,931268
7792200000159,858170
7790040377707,147902
7790040377806,No encontrado
7790580716707,No encontrado
7795735000106,No encontrado
7798033900215,No encontrado
7790070418463,No encontrado
7790045001133,136220
7798033900208,No encontrado
7792180007315,No encontrado
7794529041622,No encontrado
7622201745981,No encontrado
7790040136250,No encontrado
7790040003569,101335
7790040136090,No encontrado
7798141972388,No encontrado
7790310983270,281737
7790045001379,No encontrado
7792180006448,No encontrado
7790310983256,281736
7790040132962,282354
7790040003606,No encontrado
7790045825395,No encontrado
0617308824117,No encontrado
0617308824100,No encontrado
7790040173200,178481
7790040136083,No encontrado
7798308250410,No encontrado
7798033900161,No encontrado
0617308824094,No encontrado
7794529041660,No encontrado
7790045826200,277474
7794529042087,No encontrado
0617308824087,No encontrado
7622210691835,No encontrado
7622201746032,No encontrado
7790412000967,No encontrado
7790369008023,No encontrado
7790369008016,No encontrado
7792180006455,250602
7790045826231,No encontrado
7790070418456,No encontrado
7790369008016,No encontrado
7790369008023,No encontrado
7790412000967,No encontrado
7792200000777,873381
7791672014565,No encontrado
7792052177610,No encontrado
7792052177627,No encontrado
7792052177634,No encontrado
7798125810385,708072
7792200020287,No encontrado
7794529041653,No encontrado
7794529041677,No encontrado
7794529041820,No encontrado
7794529041837,No encontrado
7794529042148,No encontrado
7794529042254,No encontrado
7798082000324,No encontrado
7798120540768,No encontrado
7798133500339,No encontrado
7798133510055,No encontrado
7798133510109,No encontrado
7798133510116,No encontrado
7798157740131,No encontrado
7798181511417,No encontrado
7798187760147,No encontrado
7798187760154,No encontrado
7798187760161,No encontrado
7798195940128,No encontrado
7798195940142,No encontrado
7798195940173,No encontrado
7798195940180,No encontrado
8480017254009,No encontrado
8480017254016,No encontrado
8480017254108,No encontrado
8480017267528,No encontrado
8480017268174,No encontrado
7798125810347,708066
7790040136106,No encontrado
7798125810521,708071
7790040136076,No encontrado
7798024395969,No encontrado
7798024395976,No encontrado
7798033900178,No encontrado
7798033900185,No encontrado
7790040124509,No encontrado
0614143154560,No encontrado
7799044000246,No encontrado
7799044000253,No encontrado
8434165466326,No encontrado
7791376000291,No encontrado
7798141972470,No encontrado
7798157740018,No encontrado
7790957000668,No encontrado
7798157740049,No encontrado
7790957000651,No encontrado
7798157740070,No encontrado
7798157740100,No encontrado
7790045826101,No encontrado
7790040946200,No encontrado
7794529041646,No encontrado
7798181510205,No encontrado
7798181510229,No encontrado
7794529042292,No encontrado
7794529042308,No encontrado
0614143154577,No encontrado
7622201388461,No encontrado
7794529042230,No encontrado
7798157740117,No encontrado
7798153719322,No encontrado
7798153719346,No encontrado
7790040669208,No encontrado
0614143154553,No encontrado
7794529041691,No encontrado
7798157740148,No encontrado
7790040133693,No encontrado
7790580716806,No encontrado
7792180007346,No encontrado
7790040129641,No encontrado
7792180136329,No encontrado
7792180137968,No encontrado
7790412000981,No encontrado
7798125810354,708065
7798125810361,708067
7622201388485,No encontrado
7798033900222,No encontrado
7798125810446,708069
7798125810750,708936
7798270243236,No encontrado
7798113151308,No encontrado
7798125810767,708935
7798270243861,No encontrado
7794903232226,No encontrado
7798308250397,No encontrado
7792200020089,No encontrado
7798125810958,No encontrado
7798125810965,No encontrado
7798126073055,No encontrado
7790040385801,No encontrado
7793450000982,No encontrado
8445291020047,310109
7794529042117,No encontrado
7790742436306,283129
7798338290028,No encontrado
7790742436405,283130
7790742331601,280734
8445290533982,No encontrado
7790742436207,283131
7798095172049,No encontrado
7790742331304,277001
8445291020061,No encontrado
7798095171721,No encontrado
7798095171363,No encontrado
8480017297044,No encontrado
7798095170823,No encontrado
7798312320390,No encontrado
8445290194077,No encontrado
8480017020253,No encontrado
8480017034595,No encontrado
8480017297013,No encontrado
7790742436108,283149
7798012820688,No encontrado
7790398100644,873454
7790480090006,316322
7790742436504,No encontrado
7798095171561,No encontrado
7798312320277,No encontrado
7798270249672,No encontrado
7798141010219,No encontrado
7790387800050,283157
7790480090013,No encontrado
7790387800067,No encontrado
7793704000744,No encontrado
7790070508812,No encontrado
7790070508805,No encontrado
7792280000193,696856
7790480090020,No encontrado
7790387010152,No encontrado
7793704000768,276426
7790387011852,125622
7790387800104,No encontrado
7790320400033,No encontrado
8480017300010,No encontrado
7790387800081,288868
7792052072885,No encontrado
7790387800098,283155
7792052072892,No encontrado
7792052072908,No encontrado
7790070508829,No encontrado
8480017268150,No encontrado
7790387010046,No encontrado
7792280005808,No encontrado
7790150260241,No encontrado
7792198006683,No encontrado
7798105589546,No encontrado
7798105589560,No encontrado
7794268000249,No encontrado
7798105589553,No encontrado
7793360131530,287690
7793360131547,287691
7790710334733,No encontrado
7793360131516,287688
7790387800074,No encontrado
7793360131417,285764
7790580123437,286410
7793360131561,287693
7793360131400,287308
7798028020522,No encontrado
7790580132224,287697
7790580132187,No encontrado
7790580132255,287700
7793360131431,285760
7790580132170,No encontrado
7793046008415,256966
7790580132163,No encontrado
7793360131424,285759
7790580121303,No encontrado
7793360131523,287689
7790580132194,No encontrado
7793360131554,287692
7793046008491,697015
7790580132262,No encontrado
7790580132231,No encontrado
7790580132248,No encontrado
7793360131615,No encontrado
7791113001215,No encontrado
7793046008095,No encontrado
7791113004056,No encontrado
7791113003783,No encontrado
7791113003356,No encontrado
7798088960073,No encontrado
7798083731692,No encontrado
7798088960042,No encontrado
8480017105226,No encontrado
7794211007035,No encontrado
7798083730244,No encontrado
7793046008071,No encontrado
7793046008033,No encontrado
7798083730275,No encontrado
8480017105233,No encontrado
7793046008019,No encontrado
7793360131462,No encontrado
7798088960226,No encontrado
7798088960325,No encontrado
7793360129896,No encontrado
7793360131592,No encontrado
7793360131448,285761
7791113001239,No encontrado
7790580121310,No encontrado
7798088960141,No encontrado
7798088960370,No encontrado
8480017107091,No encontrado
7793360131462,No encontrado
7798158704538,No encontrado
7798113350022,No encontrado
7793046028024,No encontrado
7793360131509,No encontrado
7793360129919,No encontrado
7798088960431,No encontrado
7798088960264,No encontrado
7798083731722,No encontrado
7798318340682,No encontrado
7798083730596,No encontrado
7798158704590,No encontrado
7798158704583,No encontrado
7798153716642,No encontrado
7790580126933,No encontrado
7791071000015,No encontrado
7791071000022,No encontrado
7791071000039,No encontrado
7791071000053,No encontrado
7791071000060,No encontrado
7791071000091,No encontrado
7791071000107,No encontrado
7791071000114,No encontrado
7791071000138,No encontrado
7791071000145,No encontrado
7791071000152,No encontrado
7791071000169,No encontrado
7791071000176,No encontrado
7791071000183,No encontrado
7791071000299,No encontrado
7792260639689,112616
7792260639696,112617
7791071000428,No encontrado
7791113001192,No encontrado
7791113001284,No encontrado
7791113003424,No encontrado
7791113003790,No encontrado
7793046008477,129753
7793046007296,No encontrado
7793046007715,No encontrado
7793046007739,No encontrado
7793046007753,No encontrado
7793046007777,No encontrado
7793046007791,No encontrado
7793046008453,No encontrado
7798083730206,No encontrado
7798083730213,No encontrado
7798083730466,No encontrado
7798083730619,No encontrado
7798083730626,No encontrado
7798083730633,No encontrado
7798083731487,No encontrado
7798083731500,No encontrado
7798083731524,No encontrado
7798083731708,No encontrado
7798083731715,No encontrado
7798153716659,No encontrado
7798153716673,No encontrado
7798153716680,No encontrado
7798153716697,No encontrado
7798153716703,No encontrado
7798153716710,No encontrado
7790158229547,No encontrado
7790158229516,No encontrado
7790158229486,No encontrado
7798165590230,No encontrado
8480017240507,No encontrado
7790158229493,No encontrado
0648260489991,No encontrado
0648260490201,No encontrado
7798165590193,No encontrado
7798181481352,No encontrado
7798328680013,No encontrado
7798328680020,No encontrado
7798328680044,No encontrado
7798328680051,No encontrado
7799044044189,No encontrado
7799044044196,No encontrado
7798325450015,No encontrado
7798325450022,No encontrado
7790150211939,285504
7793704000836,No encontrado
7798181480447,No encontrado
7798181480515,No encontrado
7790150355084,291049
7798181480812,No encontrado
7790150310267,283871
7790150330166,284642
7798181480973,No encontrado
7790150211908,287010
7790387800135,288869
7790387800142,283925
0648260490188,No encontrado
7790150360262,283866
7790150250150,291047
7790150211953,285505
7798181481550,No encontrado
7790150240175,291045
7790150321065,283870
7790150331088,283867
7790150320266,284641
7790150396186,291591
7790480008261,No encontrado
7790480008254,No encontrado
7792280000353,135479
7790387013306,124987
7790387001792,231421
7790387001785,231419
7790480008285,No encontrado
7790150250525,291592
7792280000339,165867
7790170924642,286366
7790150310281,No encontrado
7790480089697,No encontrado
7798008290648,No encontrado
7790480089727,No encontrado
7792280000117,No encontrado
8480017252401,No encontrado
7792280000377,No encontrado
7790480089871,No encontrado
8480017251404,No encontrado
8480017252395,No encontrado
7798008292260,No encontrado
8480017268167,No encontrado
7790387010213,193551
7792280002753,No encontrado
7798008294127,No encontrado
7790387711929,No encontrado
7790387013252,No encontrado
7790480089680,No encontrado
7798104307707,No encontrado
7790150355244,191282
7790320100056,No encontrado
7798008292222,No encontrado
7790320100032,No encontrado
7790170929647,No encontrado
8480017251350,No encontrado
7790150350171,283868
7790387711882,104025
7790150340165,283869
7790150240427,298043
8480017300003,No encontrado
7790150240526,No encontrado
7790387800159,283926
7790387800166,286960
7792280000360,103361
7792280000346,No encontrado
7792280005648,No encontrado
7790480089925,No encontrado
7798008294660,No encontrado
7798008295100,No encontrado
7790480089673,No encontrado
7792280000384,No encontrado
7798105580994,No encontrado
7792280000391,No encontrado
7792280000537,No encontrado
7798105589058,No encontrado
7792280005617,No encontrado
7792280005624,No encontrado
7792280005631,No encontrado
7794268000225,No encontrado
7794268000256,No encontrado
7794268000263,No encontrado
7794268000270,No encontrado
0070177197285,No encontrado
7798008291508,No encontrado
7798123131000,No encontrado
7798123136388,No encontrado
7798008294097,No encontrado
7798123136395,No encontrado
7798008294615,No encontrado
7798008294622,No encontrado
7798008294646,No encontrado
7798008294653,No encontrado
7798008295186,No encontrado
7798008296060,No encontrado
7798008296077,No encontrado
7798073130641,No encontrado
7798073130665,No encontrado
7798073130672,No encontrado
7798073130771,No encontrado
7798073134038,No encontrado
7798073134571,No encontrado
7798073134588,No encontrado
7798073134816,No encontrado
7798073135387,No encontrado
7798073135615,No encontrado
7790170923645,286367
7798073135639,No encontrado
7790170926646,286368
7798104300012,No encontrado
7798104300036,No encontrado
7790170914018,286556
7798104307301,No encontrado
7790170914032,No encontrado
7798104307509,No encontrado
7790150250327,194183
7790387800173,286955
0070177197230,No encontrado
7798123136401,No encontrado
7798104307905,No encontrado
7790387000122,No encontrado
7790387800203,294878
7798104307967,No encontrado
7798104308483,No encontrado
7798104308490,No encontrado
7790387800227,No encontrado
7790387800210,No encontrado
7790150211625,No encontrado
7790480089666,No encontrado
7798104308506,No encontrado
0070177197346,No encontrado
7790480089703,No encontrado
0070177197308,No encontrado
7792710000182,212169
7790480089758,No encontrado
7798105580871,No encontrado
7793704000911,281333
7793704000881,274292
7793704000928,281332
7790710334573,285500
7792710000175,212170
7790480089901,No encontrado
7790550000218,No encontrado
7790710334603,285499
7798105580949,No encontrado
7798105580987,No encontrado
0070177197292,No encontrado
7790411001941,No encontrado
7790710334580,285493
7790387013610,280971
7790070507280,280067
7790070509123,No encontrado
7790070507273,No encontrado
7792710006436,No encontrado
7790070509116,288790
7790411001958,No encontrado
7790480089734,No encontrado
7790070509109,288789
7793670000670,230416
7790070509048,No encontrado
7792280005686,288177
7790070509055,No encontrado
7730241003661,295724
7790480089741,282875
7790411001989,No encontrado
7790387800197,294877
7790070508539,No encontrado
7792280005693,288186
7790387015324,280975
7790070509017,102857
7790387015317,280974
7790387014617,284479
7790387014624,280973
7790710334535,285492
7793704000508,274294
7792710000090,No encontrado
7793670000052,152568
7793670000076,230412
7790710003332,285489
7790387015607,No encontrado
7790070509062,318543
7792710006443,282845
7793670000014,230414
7790411001514,220870
7793670000632,No encontrado
7790387013627,No encontrado
7790387015621,282140
7792710000106,No encontrado
7790411001972,No encontrado
7793750009821,286653
7792280005730,No encontrado
7790480089956,No encontrado
7793750009838,No encontrado
8480017251411,No encontrado
8480017241610,No encontrado
7792280005723,No encontrado
7790070507389,280066
7790710334610,285495
7792280005709,No encontrado
7790710334641,285497
7790387013504,No encontrado
7793704000805,274293
7793750009784,No encontrado
7790387015638,No encontrado
7790710334634,No encontrado
7790070508522,No encontrado
7790387015645,No encontrado
7790802000027,No encontrado
7790802000164,No encontrado
7790802001017,No encontrado
7792052074780,No encontrado
7792052074759,No encontrado
7790387014143,288867
7792052074797,No encontrado
7792198006621,No encontrado
7790387013498,282143
7790710334597,233036
7792280000094,No encontrado
7798344310017,No encontrado
7798039850019,121338
7790387015614,No encontrado
7792710006450,288190
7790387014136,No encontrado
7790480089963,No encontrado
7793670400517,282967
7790710334269,No encontrado
7790710334702,No encontrado
7792280005716,No encontrado
7792710000052,No encontrado
7793670400500,No encontrado
7790070507266,No encontrado
7790411000531,No encontrado
7790411000548,No encontrado
7790411000807,No encontrado
7790411000814,No encontrado
7798028020485,No encontrado
7793670400548,298628
7790480089949,No encontrado
7798185200034,No encontrado
7798185200041,No encontrado
7790411001521,No encontrado
7792280000605,No encontrado
7790070509079,No encontrado
7790387120363,No encontrado
7790480089932,No encontrado
7793704000089,No encontrado
7793750000415,451325
7793704000119,No encontrado
7793704000126,No encontrado
7792280000513,No encontrado
7790749643622,No encontrado
7790710334689,No encontrado
7790326000558,No encontrado
7790387013634,No encontrado
7793750000231,No encontrado
7793750000705,No encontrado
7790326002064,No encontrado
7790326012216,No encontrado
7798028020263,No encontrado
7798028020492,No encontrado
7798028020454,No encontrado
7790217000544,No encontrado
7798028020461,No encontrado
7790217000599,No encontrado
7792280000612,No encontrado
7792280005778,No encontrado
7798028020478,No encontrado
7790217000087,No encontrado
7798028020508,No encontrado
7790217000070,No encontrado
7790217000032,No encontrado
7790217000018,No encontrado
7798143356988,No encontrado
7798333090142,293072
0734191403837,No encontrado
7798143357251,No encontrado
7798175827876,No encontrado
7798165240654,No encontrado
7798165240661,No encontrado
7798165240678,No encontrado
0734191403820,No encontrado
7798165240708,No encontrado
7798143350863,No encontrado
7790767001206,No encontrado
7798143356421,No encontrado
7792280005853,No encontrado
7798175827029,No encontrado
7790767001244,No encontrado
7792280005938,No encontrado
7798175826046,No encontrado
7790767001237,No encontrado
7798175827081,No encontrado
7798143350047,No encontrado
7798175827609,No encontrado
7798143350207,No encontrado
7798195010234,No encontrado
7798143350429,No encontrado
7798143350849,No encontrado
7798143356964,No encontrado
7790524324487,No encontrado
7790524324494,No encontrado
7790580136420,No encontrado
7791351129924,No encontrado
7792307030080,No encontrado
7793323024312,No encontrado
7798066790135,No encontrado
7798066790531,No encontrado
7798066790593,No encontrado
7798066795086,No encontrado
7798066799251,No encontrado
7798143350238,No encontrado
7798143351181,No encontrado
7798143353123,No encontrado
7798143355714,No encontrado
0000077903785,117966
7798143356148,No encontrado
0000000064408,No encontrado
0000077903792,101765
7798143356995,No encontrado
7622300742584,186009
7798175827210,No encontrado
7798195010180,No encontrado
7798205050564,No encontrado
7798270247661,No encontrado
7790040613706,113858
0000077903778,No encontrado
0000077976307,286345
7790040375000,No encontrado
7790040991910,No encontrado
7790040133587,No encontrado
0000077939234,No encontrado
7790070418203,284535
7790957000026,No encontrado
7790957000538,No encontrado
0000077915481,No encontrado
7622300835620,No encontrado
0000077956699,104055
7790040116610,269332
7790040659605,No encontrado
7622300742621,185977
7790040129764,No encontrado
0000077903860,No encontrado
7790040613904,132292
7790070418227,No encontrado
7790957000545,No encontrado
7790040133594,No encontrado
7790957000569,No encontrado
7790040117143,No encontrado
7791672002012,No encontrado
7798308250052,No encontrado
0000077991584,No encontrado
7790040133570,No encontrado
0000077902320,No encontrado
7791672002074,No encontrado
7622300759490,No encontrado
7790070418241,No encontrado
7790040613607,113860
7791696010901,No encontrado
7790070418340,No encontrado
7622300457303,165423
7791672002005,No encontrado
7790580605100,No encontrado
7790957000552,No encontrado
7790040484801,No encontrado
0000077980229,No encontrado
7790040405608,No encontrado
7790070418302,No encontrado
7790957000019,No encontrado
0000077980212,No encontrado
7790070418289,No encontrado
7791672002067,No encontrado
7796073000049,No encontrado
0000077902320,No encontrado
7798308250045,No encontrado
7798308250069,No encontrado
8480017171405,No encontrado
8480017176837,No encontrado
8480017183507,No encontrado
8480017196286,No encontrado
8480017196385,No encontrado
7790070416872,No encontrado
0000077991577,No encontrado
7790070418210,No encontrado
7796073000032,No encontrado
7622300202859,163312
7798128000257,No encontrado
7790040405301,No encontrado
7798267200051,No encontrado
7798128000479,No encontrado
7798267200044,No encontrado
7790070418326,No encontrado
7790040953703,No encontrado
7798128001742,No encontrado
7790957000033,No encontrado
7794903232431,No encontrado
7794903232479,No encontrado
7794903232509,No encontrado
7794903232615,No encontrado
7794903232677,No encontrado
7794903232684,No encontrado
7794903232691,No encontrado
7794903232707,No encontrado
0000077905741,No encontrado
7798094220956,No encontrado
7798094220963,No encontrado
7798094220994,No encontrado
7798094221809,No encontrado
7798128000097,No encontrado
7790040331204,No encontrado
7622300759506,No encontrado
7790070416247,No encontrado
0000077958327,No encontrado
0000077909930,282517
7790070418258,No encontrado
0000077909923,282516
7790070418265,No encontrado
7798128000493,No encontrado
7798128000509,No encontrado
7798128001698,No encontrado
0000077913586,No encontrado
7798094220437,No encontrado
7790957000125,No encontrado
7798138290587,No encontrado
0000077908308,No encontrado
7791473001795,No encontrado
7798171730279,No encontrado
0000077905758,No encontrado
7798171732785,No encontrado
7798193378107,No encontrado
7794903232165,No encontrado
7794903232417,No encontrado
7794903232424,No encontrado
7798187760826,No encontrado
7798343750999,No encontrado
7791476005912,No encontrado
8906038788601,No encontrado
7791476005943,No encontrado
0000077965387,No encontrado
7798343751019,321380
7791476005974,No encontrado
7798333090050,293069
7798333090043,293071
8904150127438,No encontrado
7791476007213,No encontrado
7798333090135,293073
7791476007237,No encontrado
7798187760833,No encontrado
7798333090067,293070
7798343751071,No encontrado
7798228640322,No encontrado
7791476005936,No encontrado
8480017135858,No encontrado
8904150127483,No encontrado
7798343751026,No encontrado
0000077965370,No encontrado
0000077981455,No encontrado
7798343751040,321381
0000077984395,No encontrado
7790070431639,No encontrado
7790380020240,No encontrado
7798228640247,No encontrado
7798343751002,No encontrado
7798124094519,No encontrado
7798124094700,No encontrado
7798124094717,No encontrado
7791476005219,No encontrado
7790380020233,No encontrado
7798187760840,No encontrado
7798187760871,No encontrado
0000077919304,No encontrado
7790380020004,No encontrado
7798270246442,No encontrado
0000077916525,312474
7798270246459,No encontrado
7798270246466,No encontrado
7798270246473,No encontrado
7790380016199,No encontrado
7790380015024,No encontrado
0000077916501,No encontrado
7790380008286,No encontrado
0000077955197,No encontrado
0000077955173,No encontrado
0000077955166,No encontrado
7798343751033,No encontrado
8906038788649,No encontrado
0000077955159,No encontrado
7798343751088,No encontrado
0000078909434,947920
0000077958921,243966
0000077919335,No encontrado
7790580131371,285115
7791476005240,No encontrado
0000077919328,No encontrado
7791476005233,No encontrado
7898024396994,281047
0000080052487,444466
7861002900117,105542
8000500009673,186781
0000077961815,243390
7798124094502,No encontrado
7898024397861,No encontrado
7790580119126,No encontrado
7790580135416,No encontrado
7790045825470,No encontrado
7798138290143,No encontrado
7790580119157,No encontrado
0000077927361,No encontrado
7792052174541,No encontrado
7898024395331,No encontrado
0000077956712,269033
0000077953537,263929
7898024392019,No encontrado
0000077971630,282560
7790045825487,No encontrado
7798138290136,No encontrado
7798094221793,No encontrado
0000077958594,No encontrado
0000077976109,No encontrado
7790095070134,No encontrado
7790407031532,No encontrado
7790580102517,No encontrado
7790580119065,No encontrado
7790580130565,No encontrado
7790580131111,No encontrado
7790580131135,No encontrado
7790580119133,No encontrado
7790580119058,No encontrado
7790580135874,No encontrado
7790580139872,No encontrado
7790580117771,No encontrado
7792360070047,No encontrado
7793123000394,No encontrado
7794612127103,No encontrado
7798094220864,No encontrado
7790580110772,No encontrado
7798094223605,No encontrado
7798138290013,No encontrado
7790206506927,No encontrado
7790206506958,No encontrado
7790045002123,No encontrado
7891330016068,No encontrado
0000077988263,No encontrado
7797394001265,265139
0000077969347,No encontrado
0000077958228,No encontrado
7790580252908,102493
7898024397151,No encontrado
0000078600010,105893
7790580602000,173001
0000077928894,No encontrado
7792860003033,141495
0000077928870,No encontrado
0000077969088,282573
0000078600027,No encontrado
7792860004542,966061
7792222002865,238787
0000077958662,No encontrado
7790380015949,951579
0000077958624,No encontrado
0000077969071,No encontrado
7792860005099,No encontrado
0000077907943,No encontrado
0000077931764,No encontrado
0000077969118,282569
7790580116965,No encontrado
7792860002449,No encontrado
7790380029076,313077
7798186033624,No encontrado
7792222002827,282411
0000077958655,No encontrado
7797394001272,No encontrado
7622201448226,No encontrado
7792860007963,215726
0000077969095,No encontrado
7790380029021,No encontrado
7798186032627,283902
7792222002841,No encontrado
7861002901831,No encontrado
7792860016217,No encontrado
0000077939753,No encontrado
7622201457396,No encontrado
7790380029007,281176
0000077932693,No encontrado
7792222003312,No encontrado
0000077958631,No encontrado
7622201448325,No encontrado
7792222002803,437102
0000077922687,No encontrado
7790580056001,No encontrado
0000077922663,No encontrado
0022000018465,No encontrado
0000786000102,No encontrado
7622201421496,No encontrado
7622201802592,No encontrado
0000077922656,No encontrado
7622201457334,No encontrado
7790380015833,No encontrado
7798186034577,No encontrado
0000077922656,No encontrado
8480017105820,No encontrado
8480017902238,No encontrado
0000077922663,No encontrado
0000077958631,No encontrado
7790580060602,101910
7790580120702,No encontrado
7790580128821,No encontrado
0000077922687,No encontrado
7790580129507,No encontrado
7790580060206,No encontrado
7798186034607,No encontrado
7798186034843,No encontrado
0000077944405,243758
7791359120312,No encontrado
7622201457457,No encontrado
7861002901855,No encontrado
0000077958648,286323
7791359120114,No encontrado
0000077969101,No encontrado
7790580116811,No encontrado
7791359120053,No encontrado
7622201457426,No encontrado
7790580118099,No encontrado
7798186032375,283903
0000077922694,No encontrado
7790580120573,No encontrado
0000077969729,No encontrado
7792860011212,No encontrado
0000077987686,No encontrado
7798186032542,No encontrado
7798186032535,No encontrado
7798186032856,No encontrado
7792222004005,No encontrado
0000077916389,182673
0000077920676,No encontrado
0000077951113,No encontrado
7798186033457,No encontrado
7791359120046,No encontrado
7790380015864,No encontrado
0000779206764,No encontrado
0000077944412,243759
7798186034485,No encontrado
7798186032641,No encontrado
0000077916396,No encontrado
0000077916419,No encontrado
0000077916426,No encontrado
0000077919489,No encontrado
0000077946812,No encontrado
0000077946829,No encontrado
0000077955111,No encontrado
0000077958532,No encontrado
0000077964137,No encontrado
0000077969712,No encontrado
0000078916418,No encontrado
0000078925281,No encontrado
0022000018489,No encontrado
7622201448288,No encontrado
7790206508303,No encontrado
7790380029618,No encontrado
7790380029632,No encontrado
7790380029816,No encontrado
7790580111595,No encontrado
7790580116958,No encontrado
7790580137069,315359
7790580118037,No encontrado
7790580118112,No encontrado
7790580118129,No encontrado
7790580126940,No encontrado
7790580129330,No encontrado
7790580129347,No encontrado
7790580199913,155035
7790580129354,No encontrado
7790580135911,No encontrado
7790580138837,No encontrado
7792222002780,438423
7790580142216,No encontrado
7790580142223,No encontrado
7790580169312,No encontrado
7792860009882,277253
7790580617806,No encontrado
7790580617813,No encontrado
7791359130045,No encontrado
7791359120091,No encontrado
7792307000519,No encontrado
7792307000533,No encontrado
7793024000837,No encontrado
7798094340012,No encontrado
7798094340555,No encontrado
7798094344249,No encontrado
7798130950960,No encontrado
7798130953633,No encontrado
7798130959376,No encontrado
7798176191297,No encontrado
0000077904744,695860
7798176199859,No encontrado
7798186030531,No encontrado
7798186030548,No encontrado
7798186030555,No encontrado
7798186032511,No encontrado
7798186032559,No encontrado
7798186032979,No encontrado
7790580607210,228529
7798186032993,No encontrado
7798186033228,No encontrado
7798186033297,No encontrado
7798186033471,No encontrado
0000077949677,950092
0000077953124,141904
7798186033747,No encontrado
7798186034591,No encontrado
7798347089385,No encontrado
7798347089415,No encontrado
0000080052760,865907
7622300990152,265279
7622210788207,270578
7790407031273,No encontrado
7891000368626,No encontrado
7891000329856,No encontrado
7622210719829,277561
7790580124397,278176
7891000369371,No encontrado
7622201492717,No encontrado
7622210828606,272202
7622210745620,No encontrado
7790580105822,No encontrado
7622210745132,No encontrado
7790580607418,178542
7622201812744,284436
7792360094524,No encontrado
0000080050315,No encontrado
7622300844943,229924
7891000368893,No encontrado
7790407031013,117560
7792360072447,226492
7622201807405,No encontrado
7622210795908,272201
7622201142223,No encontrado
7622210795625,272200
0000077922120,144316
7622210745293,No encontrado
0000077983992,No encontrado
7622300990213,No encontrado
0000077981912,No encontrado
7622201818975,No encontrado
7622201818609,284447
7622201818579,284446
7622201812775,284437
7790580105013,244925
7790580033408,172994
7622300990114,265277
7790580132750,No encontrado
7790580103743,232312
7622201818715,No encontrado
7790580106560,245331
7622201818739,No encontrado
7790580123741,279729
7790580103743,232312
7622300990114,265277
7622201812805,No encontrado
7790580128234,No encontrado
7790580109882,No encontrado
7790580103453,232997
7790580106560,245331
7792360072423,231524
7790580105013,244925
0000080761761,271506
0000077949707,161179
7790580103439,No encontrado
7622201818654,No encontrado
7622300424084,No encontrado
7622201818937,284448
7506174512248,No encontrado
7622201818951,284450
7622300844967,229932
7622300846565,No encontrado
0000077917706,No encontrado
0000077950031,No encontrado
0000080177609,No encontrado
7613287526236,No encontrado
7790580103538,243774
7622201818692,No encontrado
7622300990183,No encontrado
7790580103415,No encontrado
7790580103422,No encontrado
7790580103477,No encontrado
7790580124960,No encontrado
7790580137090,No encontrado
7622210745583,271464
7792360094319,No encontrado
7792360094418,No encontrado
7797394001654,No encontrado
7798094223360,No encontrado
7790580132958,312467
7891000368572,No encontrado
7891000369098,No encontrado
8410740907163,No encontrado
7891000336373,No encontrado
7790580105990,No encontrado
7790580123642,No encontrado
7798144570932,No encontrado
7622210745224,No encontrado
7790407310712,No encontrado
7792360072485,No encontrado
7792430903428,No encontrado
7790580043407,No encontrado
7790380022190,No encontrado
0000077977991,No encontrado
7790580123772,No encontrado
7891000107836,No encontrado
7622300631574,No encontrado
7790380022114,No encontrado
7790380022107,No encontrado
7610400014571,No encontrado
7790580746612,No encontrado
7792222041062,No encontrado
7610400014038,No encontrado
7610400010023,No encontrado
7792360072461,No encontrado
9012200872739,No encontrado
7792360094500,No encontrado
3046920028370,No encontrado
7792360094548,No encontrado
7792360095002,No encontrado
7792360095026,No encontrado
7792430611606,No encontrado
7792430611644,No encontrado
7792430611668,No encontrado
7792430611682,No encontrado
7794612066211,No encontrado
7795522003242,No encontrado
7795522003983,No encontrado
0000077971685,No encontrado
7797394001692,No encontrado
8410740906005,No encontrado
7798128002183,No encontrado
7798128002190,No encontrado
7790580103446,172991
7798342150578,No encontrado
7790407031075,No encontrado
7790380022206,No encontrado
7790580033507,No encontrado
7790580103378,No encontrado
7790380022121,No encontrado
7891000329665,No encontrado
7790580103460,No encontrado
0400000003108,No encontrado
7790380005438,No encontrado
7790580103521,No encontrado
7790206514700,No encontrado
7790206513314,No encontrado
0000077912718,No encontrado
7790580115562,No encontrado
0000080050094,131672
7790580120092,No encontrado
7622210277503,No encontrado
0000077940131,106658
7790580127145,No encontrado
7790580327415,153242
7790580127336,No encontrado
7622201800505,No encontrado
7614500010013,No encontrado
7790580107635,245329
7790580140175,No encontrado
7790580141301,No encontrado
7613287529497,No encontrado
7791476005806,No encontrado
7790580327613,No encontrado
7790580128043,No encontrado
7791476007244,No encontrado
7790580421007,No encontrado
7790580401504,No encontrado
7790380003809,No encontrado
0726367920217,No encontrado
7790580132583,No encontrado
0040000017318,No encontrado
0040000017325,No encontrado
7790380013068,No encontrado
7790380014607,No encontrado
7790380015536,No encontrado
7790580106195,236399
7790380037705,No encontrado
7790380037736,No encontrado
7790380037750,No encontrado
7790380037811,No encontrado
7790580283506,169488
7790380037828,No encontrado
7790380037903,No encontrado
7790580106027,No encontrado
7790580118235,No encontrado
7790580139223,No encontrado
7790580141721,No encontrado
7790580392604,No encontrado
7790580404314,No encontrado
7790580415808,No encontrado
7790580418106,No encontrado
7791476007251,No encontrado
7792307030042,No encontrado
7792307030066,No encontrado
7792360071266,No encontrado
7792360091622,No encontrado
7792360092308,No encontrado
7792360092711,No encontrado
7792430095420,No encontrado
7792430370701,No encontrado
7792430390846,No encontrado
7792430603076,No encontrado
7792430603090,No encontrado
7792430603113,No encontrado
7792430608651,No encontrado
7792430609610,No encontrado
7792430902698,No encontrado
7794268004506,No encontrado
7797453001441,No encontrado
7797453001458,No encontrado
7797453001465,No encontrado
7798036730017,No encontrado
7798036730024,No encontrado
7798036730031,No encontrado
7798036730734,No encontrado
7798036730796,No encontrado
7798036731700,No encontrado
7798036731748,No encontrado
7798036731922,No encontrado
7798036731960,No encontrado
7798036731977,No encontrado
7798036732004,No encontrado
7798036732103,No encontrado
7798094223650,No encontrado
7798143356117,No encontrado
7798143356124,No encontrado
7798143356131,No encontrado
7798143356162,No encontrado
7798143356599,No encontrado
7798151950260,No encontrado
7798151950697,No encontrado
7798153711975,No encontrado
7798153711982,No encontrado
7798153712002,No encontrado
7798176199897,No encontrado
8410223710280,No encontrado
8410223710297,No encontrado
8410223720012,No encontrado
8410223800882,No encontrado
8410223872971,No encontrado
0000077905826,No encontrado
8410223905396,No encontrado
0000077923523,No encontrado
0000077940148,No encontrado
0000077975737,No encontrado
0000077999870,No encontrado
0000078930643,No encontrado
0040000140924,No encontrado
0400000003276,No encontrado
7794000007451,296264
7790380003267,No encontrado
7790380011880,No encontrado
7790380011965,No encontrado
7790380012108,No encontrado
7790380012122,No encontrado
7790380012139,No encontrado
7794000007468,No encontrado
7790070336149,309236
8480017229700,No encontrado
7791100000443,No encontrado
7794906000242,No encontrado
7791100000320,No encontrado
7798143078798,No encontrado
7791476019025,No encontrado
7791476019001,No encontrado
7790070320308,No encontrado
7790070336293,No encontrado
7790070336361,296575
7790070320001,No encontrado
7790070318343,233572
7790070336026,No encontrado
7790070336217,No encontrado
7790070318398,No encontrado
7790070335944,No encontrado
7790070336057,No encontrado
7790070336590,No encontrado
7790070318350,No encontrado
7790070320025,242053
7790070318374,No encontrado
7790070320018,242054
7790070320315,No encontrado
7790070336200,No encontrado
7790070336637,No encontrado
7730114100077,279247
7790070318855,No encontrado
7790070335647,No encontrado
7790070321435,No encontrado
7790070335937,309237
7790070336583,No encontrado
7790070336002,309323
7790070335999,No encontrado
7730114100046,279251
7790070320155,No encontrado
7790070318381,No encontrado
7790230033031,No encontrado
7798031470543,No encontrado
7790070321664,No encontrado
7622300724283,No encontrado
7790070320032,No encontrado
7790070335968,No encontrado
7798141970360,No encontrado
7798031470093,No encontrado
7798031150070,No encontrado
7798031470086,No encontrado
7798031470444,No encontrado
7790070317742,No encontrado
7798141970384,No encontrado
7798031150384,No encontrado
7798031470024,No encontrado
7798031470031,No encontrado
7790070318619,No encontrado
7790070335678,No encontrado
7798031470048,No encontrado
7798141970407,No encontrado
7798141970421,No encontrado
7891079012918,No encontrado
8004690052044,No encontrado
8004690052846,No encontrado
8076802085738,No encontrado
8076802085981,No encontrado
8480017020383,No encontrado
8480017269560,No encontrado
8480017269577,No encontrado
8480017269584,No encontrado
7891079012215,No encontrado
8006680040291,No encontrado
7730114100138,No encontrado
7622300724306,No encontrado
0781159406010,No encontrado
0781159406003,No encontrado
8004350130051,No encontrado
8004350130570,No encontrado
0781159091506,No encontrado
8006680040321,No encontrado
8004350130310,No encontrado
8004350130433,No encontrado
8004350130495,No encontrado
0781159091490,No encontrado
7798024399813,No encontrado
7798024390988,No encontrado
7790580133917,No encontrado
7790070320322,No encontrado
7798053332058,No encontrado
7798053332119,No encontrado
7798053335011,No encontrado
7798053336001,No encontrado
7798053337008,No encontrado
7798053339262,No encontrado
7798138552326,No encontrado
7798138552333,No encontrado
7798138555051,No encontrado
7798141970278,No encontrado
7798141970292,No encontrado
7798141970308,No encontrado
8006680042325,No encontrado
8004690612002,No encontrado
7798153719063,No encontrado
7798153719094,No encontrado
7798153719100,No encontrado
7798153719117,No encontrado
7790580134723,No encontrado
7798153719131,No encontrado
7798183900042,No encontrado
7798183900110,No encontrado
7798183900486,No encontrado
7798199870025,No encontrado
7798183900516,No encontrado
7798199870032,No encontrado
7798199870063,No encontrado
7790070336071,No encontrado
7790070321732,No encontrado
0763571850640,No encontrado
7790427004196,No encontrado
7790427005049,No encontrado
7790427000174,No encontrado
7790427005155,No encontrado
7790427005018,No encontrado
7790070318336,No encontrado
7790070690548,No encontrado
7790070690531,No encontrado
7790427005223,No encontrado
7792180004970,227292
7790427005162,No encontrado
7798153719124,No encontrado
7790580134754,No encontrado
7792180141637,No encontrado
7790580134730,No encontrado
7790580133924,No encontrado
7790580134839,No encontrado
7792180141644,No encontrado
7792180141651,No encontrado
7792180141668,No encontrado
7794080000090,No encontrado
7790070336576,216439
7798270245124,No encontrado
7797470000939,No encontrado
7798270245155,No encontrado
7798031150117,No encontrado
7798031152128,No encontrado
7798031152067,No encontrado
7798053331051,No encontrado
7790070336385,309752
7798053332010,No encontrado
7790070336309,309690
7790070336651,312564
7790070320292,No encontrado
7790070336316,No encontrado
7790070336118,No encontrado
7790070336545,No encontrado
7790070336552,No encontrado
7730114100015,279249
7790070320285,No encontrado
7790070335623,No encontrado
7790070318312,No encontrado
7790070318671,No encontrado
7798141970353,No encontrado
7798141970346,No encontrado
7790070335975,309754
7798031150063,No encontrado
7798031150049,No encontrado
8006680040116,No encontrado
8004690051573,No encontrado
7790070336477,312917
8480017268693,No encontrado
7798141971084,No encontrado
7790070317674,No encontrado
7790070336460,311164
7790070336323,No encontrado
8076800195033,No encontrado
7790070690524,No encontrado
7790070317698,No encontrado
0781159091483,No encontrado
7794080000076,No encontrado
7795711000052,No encontrado
7798138552357,No encontrado
7798199870018,No encontrado
8004350130037,No encontrado
8006680040048,No encontrado
8076800195057,No encontrado
0656750803745,No encontrado
7795711006245,No encontrado
7797470003121,No encontrado
7790427000167,No encontrado
7790427000020,No encontrado
7798031152333,No encontrado
7798053333024,No encontrado
7798053335035,No encontrado
7798053339026,No encontrado
7798053339279,No encontrado
7798138552340,No encontrado
0656750803714,No encontrado
7798138555075,No encontrado
7798141970254,No encontrado
7798141970261,No encontrado
7790070690517,No encontrado
7790070335517,No encontrado
0656750803707,No encontrado
7798153719070,No encontrado
7798153719087,No encontrado
0656750803738,No encontrado
7798270246718,No encontrado
8004323110035,No encontrado
7790427000242,No encontrado
7790580138721,290438
7790199603368,278901
7790580133894,No encontrado
7790580134693,No encontrado
7790580134785,No encontrado
0656750803721,No encontrado
7795145000086,No encontrado
7795293102120,No encontrado
7790580126315,276843
7790580133955,No encontrado
8480017229755,No encontrado
7790199603214,No encontrado
7791476025019,No encontrado
7790199603207,No encontrado
7798066030750,No encontrado
7798066030767,No encontrado
7798270244721,No encontrado
7790580126322,No encontrado
0681131411332,No encontrado
7790199604273,291721
7791476022001,No encontrado
7798066030743,No encontrado
7792590001156,No encontrado
7792180004567,No encontrado
7792180004871,No encontrado
7792590000159,No encontrado
7792180140708,No encontrado
7792180139320,No encontrado
7790199000020,939048
7792590000227,No encontrado
7790199000051,276234
7799037060325,294868
7792590001064,No encontrado
7792180134516,No encontrado
7792180141941,No encontrado
7790199603856,285683
7799037060332,294866
7792180004901,220014
7790199000013,No encontrado
7792180004512,No encontrado
7799037060349,294865
7799037060011,No encontrado
8480017242747,No encontrado
7792180136657,281075
7790199604075,No encontrado
8480017242723,No encontrado
8480017242730,No encontrado
7799037060103,No encontrado
7790070507235,No encontrado
7790070507228,No encontrado
7790070506924,No encontrado
7792390620786,285487
7792390620748,285486
7798153719230,No encontrado
7798153719254,No encontrado
7790070317452,192378
7798153719247,No encontrado
7798270245025,No encontrado
7792390620700,285485
7790070621863,No encontrado
7792390620823,285488
7790070621894,No encontrado
7790070621856,No encontrado
7790070621870,No encontrado
7790070320100,No encontrado
7790070621801,No encontrado
7790070621818,No encontrado
7794055000292,No encontrado
7790070320117,No encontrado
7790070621849,No encontrado
7790070621887,No encontrado
7790070317469,No encontrado
7792390620809,No encontrado
7798270246701,No encontrado
7792390620724,No encontrado
7792390620762,No encontrado
7799037145145,294867
7798270246640,No encontrado
7798270246664,No encontrado
7798270246671,No encontrado
7798270246688,No encontrado
7798270246695,No encontrado
7798181510274,309330
8480017196293,No encontrado
7791476020007,No encontrado
7798032180670,No encontrado
7791476070118,No encontrado
7798181511332,No encontrado
7798181510113,No encontrado
7798181511325,No encontrado
8480017555687,No encontrado
8480017555335,No encontrado
8480017555007,No encontrado
8480017295569,No encontrado
7791473001023,No encontrado
8480017584427,No encontrado
8480017288998,No encontrado
7791473001627,No encontrado
7791473001153,No encontrado
7791473001634,No encontrado
7791473002617,No encontrado
7791473002624,No encontrado
7791473002716,No encontrado
7791473002761,No encontrado
7792180131621,No encontrado
7792180131645,No encontrado
7792180133441,No encontrado
7792180133458,No encontrado
7792180133465,No encontrado
7792180133472,No encontrado
8480017256638,No encontrado
8480017208088,No encontrado
8480017208095,No encontrado
0645554003581,No encontrado
0645554004021,No encontrado
0816855020236,No encontrado
0645554004038,No encontrado
7791473001061,No encontrado
7798164160212,No encontrado
7798164160687,No encontrado
7798164160700,No encontrado
7798094220451,No encontrado
7798094222318,No encontrado
7798094222325,No encontrado
7798114470187,No encontrado
7798126071631,No encontrado
7798114470194,No encontrado
7798126071648,No encontrado
7798126071655,No encontrado
7798126071662,No encontrado
7798126073116,No encontrado
7798126073123,No encontrado
7798126073147,No encontrado
7798126073154,No encontrado
7791150013769,No encontrado
7790077000487,No encontrado
7798164160335,No encontrado
7790077000432,No encontrado
7798181510106,No encontrado
7793890259179,No encontrado
7793890259155,No encontrado
7793890259148,No encontrado
7792180139276,No encontrado
7792180139269,No encontrado
7792180139252,No encontrado
7793890258806,713380
7793890258851,713374
7792180139238,No encontrado
7791473001078,No encontrado
7793890258998,713283
7793890258790,713379
7791150019105,No encontrado
7791150019112,No encontrado
7793890259025,713285
7793890259223,No encontrado
7793890259070,713491
7793890258875,713373
7795735601051,No encontrado
7795735601068,No encontrado
7793890259087,713492
7790522011990,No encontrado
7792963000212,No encontrado
7798185030020,No encontrado
8480017056191,No encontrado
8480017056221,No encontrado
8480017834881,No encontrado
8480017834898,No encontrado
7798164190011,No encontrado
7798164190028,No encontrado
7798164190097,No encontrado
7790071090125,309631
7793890259605,714497
7790071090231,309629
7790071070134,309639
7790071090422,309632
7891962060453,281040
7798185030013,No encontrado
7793890259322,No encontrado
7793890259339,No encontrado
7793890259353,No encontrado
7790071090330,309638
7798360590110,No encontrado
7891962060460,No encontrado
7791568000528,No encontrado
7794529041639,No encontrado
8480017179562,No encontrado
8480017179531,No encontrado
0806773050026,No encontrado
7790503000333,265708
7891962060477,281043
0806773050033,No encontrado
7794529041547,No encontrado
7798120180575,No encontrado
7790503000326,265707
7798120180599,No encontrado
7792180139603,286734
7790199604181,296319
7798120180674,No encontrado
7790199604198,296320
7792180139634,288145
7792180137852,No encontrado
7792180139610,286731
7622201806651,296334
7790040102750,No encontrado
7792180139627,No encontrado
7790580132293,No encontrado
7790070431028,No encontrado
7622201806668,No encontrado
7790580122287,No encontrado
7792180142115,No encontrado
7794906000037,No encontrado
7794906000044,No encontrado
7794906000167,No encontrado
7794906000174,No encontrado
7798031470413,No encontrado
7798031470420,No encontrado
7798031470437,No encontrado
7798079230048,No encontrado
7790070431011,No encontrado
7790580132286,No encontrado
7790070417299,No encontrado
7790070417282,No encontrado
7622201819620,296336
7790580131753,No encontrado
7622201819668,296337
7790070416544,No encontrado
7622201106034,245082
7790070417312,No encontrado
7622201820596,296342
7622201819699,296338
7622201819736,296339
7790070417329,No encontrado
7790070410139,No encontrado
7622201820534,296344
7790580123420,No encontrado
7622201820473,296343
7622300865658,No encontrado
7790070431318,294755
7622201820565,No encontrado
7798067050320,No encontrado
7790971001801,No encontrado
7790070431332,294757
7790580130978,No encontrado
7622201706029,296331
7790580130985,No encontrado
7790580139230,No encontrado
7790070431271,311159
7790070431295,294754
7798067050283,No encontrado
7790070417916,310127
7790070417954,290563
7622300865580,No encontrado
7790070413116,286973
7790070417879,290561
7790070417978,290565
7622201704674,296322
7622201704643,296321
7622201705169,296327
7622201705107,296326
7622201705077,296324
7622201705299,296330
7790070417893,No encontrado
7790070413130,No encontrado
7622201705268,296329
0000080177173,No encontrado
7790070412478,No encontrado
7790070412485,No encontrado
7790070412492,No encontrado
7790070417992,No encontrado
7797394001371,No encontrado
8480017297969,No encontrado
7790580129583,284954
7790971002419,No encontrado
7798114470163,717571
7791337008205,714825
7790580129484,No encontrado
7790580129491,No encontrado
7622300871949,296323
7790580129538,No encontrado
7790580129590,No encontrado
7790580135966,No encontrado
7791337008168,No encontrado
7790070417930,No encontrado
7792180005120,235737
7790580129996,No encontrado
7790070562043,309319
7790580129323,No encontrado
7790070562074,No encontrado
7792180005113,No encontrado
7790070410801,No encontrado
7790070562067,No encontrado
7798370550142,299814
7798370550135,299813
7792180134509,No encontrado
7790070410795,No encontrado
7798370550128,No encontrado
7790070508010,No encontrado
7798370550173,No encontrado
7798370550166,No encontrado
8480017118295,No encontrado
7792180136497,No encontrado
7792180142856,No encontrado
7794906000068,No encontrado
7794906000129,No encontrado
7792180009074,706006
7794906000181,No encontrado
7798079230611,No encontrado
7798082000201,No encontrado
7792180006752,250596
7798193377278,No encontrado
7792180004833,224403
7790070507921,No encontrado
7798193377261,No encontrado
7790580134341,284487
7790580134327,284489
7898024394181,131673
7798221641937,No encontrado
7790580131487,284493
7798334587177,No encontrado
7792180006769,No encontrado
7898024395232,238672
7790580133344,285108
7798151953254,280063
7798151953117,299822
7790580126049,No encontrado
7790150610305,287908
7798221641746,No encontrado
7790580131470,284494
7622201464882,310873
7790150460474,287746
7798151952332,No encontrado
7622300148119,144395
7796373001135,No encontrado
7790580134334,284488
7792900917009,No encontrado
7792900092911,No encontrado
7791100000214,No encontrado
7790580133641,284490
7790150430392,No encontrado
7622201705480,296332
7792900990620,No encontrado
7798151952356,No encontrado
7792900092805,No encontrado
0754697462794,No encontrado
0754697523730,No encontrado
7790380004882,No encontrado
7790580131494,No encontrado
7790580133764,No encontrado
7791100000306,No encontrado
7791100000344,No encontrado
7791100000399,No encontrado
7793013551142,No encontrado
7792900000060,No encontrado
7796373002156,No encontrado
7797234000090,No encontrado
7797234000144,No encontrado
7797234000199,No encontrado
7798151952769,No encontrado
7798165593347,No encontrado
8480017252623,No encontrado
8480017252630,No encontrado
8480017252654,No encontrado
8480017252647,No encontrado
8480017252661,No encontrado
8480017397676,No encontrado
7798143356469,No encontrado
7796373000176,No encontrado
7796373000206,No encontrado
7796373002132,309976
7796373000213,No encontrado
7793323005359,No encontrado
7796373002163,No encontrado
0736684208707,285884
7794980932255,No encontrado
7794980938523,No encontrado
7790580119560,No encontrado
0736684208721,No encontrado
7798174970078,No encontrado
7799120000382,No encontrado
7797811099202,No encontrado
7797811099219,No encontrado
7798105123306,No encontrado
7798105124334,No encontrado
7798105127335,No encontrado
7798105125331,No encontrado
7790598000225,176591
7798105128011,No encontrado
0736684208738,285890
7798105128028,No encontrado
7798105128332,No encontrado
7790524324555,No encontrado
7790524324548,No encontrado
0736684208714,No encontrado
7792900916606,No encontrado
0033200011408,No encontrado
7790580125042,No encontrado
7794268000058,No encontrado
7794268000218,No encontrado
7794268004674,No encontrado
7794268004742,No encontrado
7794268004759,No encontrado
7794268004889,No encontrado
7794980368511,No encontrado
7790310984338,283040
7794520869027,294693
7794980368504,No encontrado
7794980368528,No encontrado
7794980911205,No encontrado
7794520869010,294768
7794980912233,No encontrado
7798151953377,299113
7794980915241,No encontrado
7794980917269,No encontrado
7798151952981,286623
7790310985274,No encontrado
7793706000988,No encontrado
7790310984215,No encontrado
7790310984505,No encontrado
7794520868983,No encontrado
7798151953384,No encontrado
7790524324456,No encontrado
7790524324418,No encontrado
7798151953230,No encontrado
7798151953223,No encontrado
7794520868990,No encontrado
7798151953360,No encontrado
7798151953131,292986
7798143355608,No encontrado
7798143350634,No encontrado
7798143357312,No encontrado
7798151950024,No encontrado
7798151953391,No encontrado
7798151952592,282311
0758890927142,No encontrado
7790524000442,No encontrado
7798151953124,292984
7798151953346,No encontrado
7790524324517,No encontrado
7790524324432,No encontrado
7794520869041,No encontrado
7798151952585,No encontrado
7798151952608,No encontrado
7798151953148,No encontrado
7798153710114,No encontrado
7790310983911,No encontrado
7790310984079,No encontrado
7790310985380,299347
7790310985526,299346
7790380004776,No encontrado
7790524324180,No encontrado
7790524324470,No encontrado
7790524324500,No encontrado
7790524324524,No encontrado
7798143356490,No encontrado
7794520868969,No encontrado
7790310985175,No encontrado
7790310984307,No encontrado
7790310984390,No encontrado
7794520868952,No encontrado
7790310984352,No encontrado
7790310985182,No encontrado
7790503000272,246282
7790310984291,No encontrado
8480017278845,No encontrado
7790310985373,299350
8480017278838,No encontrado
7790310985441,299348
7790310985328,312726
7790310985465,299335
7790310985366,299349
7790310006818,No encontrado
7790310984734,299336
7798052362346,No encontrado
7790310985557,299341
7798052362834,No encontrado
7896004009162,309705
7790310985458,299337
7790310985434,299338
7798123136968,No encontrado
7896004009155,309704
7790310983553,313850
7790310985236,No encontrado
7896004009179,309706
7794520868921,No encontrado
7790310985502,No encontrado
7790310985588,No encontrado
7790310985618,No encontrado
7794520868853,No encontrado
7790310985335,No encontrado
7794520868914,No encontrado
7798304851536,No encontrado
7790310985281,No encontrado
7798171730392,No encontrado
7790310985250,No encontrado
7793706000193,No encontrado
7793706000858,No encontrado
7793706000940,No encontrado
7793706000957,No encontrado
7798052362032,No encontrado
7798228500107,No encontrado
7798304851468,No encontrado
7798304851512,No encontrado
7798332890347,No encontrado
8480017085849,No encontrado
8480017196705,No encontrado
8480017197238,No encontrado
8480017278852,No encontrado
7798052362902,No encontrado
7798052363664,No encontrado
7794520868891,No encontrado
7798052360922,No encontrado
7799120000924,No encontrado
7794520441063,No encontrado
7790310984031,No encontrado
7790310983966,No encontrado
7798066070756,No encontrado
7798066070763,No encontrado
7798066075287,No encontrado
7798066075294,No encontrado
7798066075416,No encontrado
7794000006362,291582
7794000006379,291583
7798066075553,No encontrado
7798066075423,No encontrado
7798066075843,No encontrado
7798066076017,No encontrado
7798187210215,No encontrado
7794000006881,294591
7794000005815,289557
7792180140579,No encontrado
7792180140586,No encontrado
8480017711557,No encontrado
7794000005877,289562
7794000006355,No encontrado
7790199603177,No encontrado
7792180142481,No encontrado
7794000005884,289565
7891000345528,287633
7798270246619,No encontrado
8445290367327,No encontrado
7794000006942,294592
7794000005822,289559
7794000006911,294596
7794000005839,289560
7790150433652,285511
7790150434888,285509
7891000345481,289640
7790150434437,260554
7794000006928,294589
7790150439395,262670
7790150441282,290301
7891000381076,No encontrado
7891000345443,No encontrado
7891000345344,No encontrado
7891000345566,No encontrado
7891000380826,No encontrado
8480017359223,No encontrado
7790150441602,No encontrado
7798334587108,298677
7794000005891,No encontrado
7794000006898,No encontrado
7798067050405,No encontrado
7798067050450,No encontrado
7798067050474,No encontrado
7798067050504,No encontrado
7798067050528,No encontrado
7891000345399,No encontrado
7891000365519,No encontrado
7794000005853,289561
7891079012895,No encontrado
7891079012901,No encontrado
8480017201720,No encontrado
8480017201737,No encontrado
8480017359216,No encontrado
7891079012444,No encontrado
7790150441626,No encontrado
7790150440131,290298
7891079012208,No encontrado
7891000365472,No encontrado
0041789002922,No encontrado
0041789002915,No encontrado
7794000005846,288804
7891079013946,No encontrado
7798334587184,No encontrado
7790150440438,No encontrado
0041789001840,No encontrado
7730908403605,No encontrado
0041789002991,No encontrado
7794000005730,No encontrado
7790150440483,290296
7794000005723,No encontrado
0041789002977,No encontrado
7794000006645,No encontrado
7794000006720,No encontrado
7794000006744,No encontrado
7794000005563,No encontrado
7794000006904,No encontrado
7790150441343,No encontrado
7794000007345,No encontrado
7794000006966,No encontrado
7798015650107,No encontrado
7798015650596,No encontrado
7798067050399,No encontrado
7891079013922,No encontrado
7792981004155,No encontrado
7792981004209,No encontrado
7792981004223,No encontrado
7794640173295,No encontrado
7795371459504,No encontrado
7795371459443,No encontrado
7795371459559,No encontrado
7795371459672,No encontrado
7795379100057,No encontrado
7795379100064,No encontrado
7795379100248,No encontrado
7795379100651,No encontrado
7795379100743,No encontrado
7795379100897,No encontrado
7795379100903,No encontrado
7795379100910,No encontrado
7795379100965,No encontrado
7795379101061,No encontrado
7795379400195,No encontrado
7795513181348,No encontrado
7796285277093,No encontrado
7796285290023,No encontrado
7798008190467,No encontrado
7798008190719,No encontrado
7798008190726,No encontrado
7798008190757,No encontrado
7798008191068,No encontrado
7798008191396,No encontrado
8445290180186,712359
7798008296107,No encontrado
7798119960232,No encontrado
7798119960492,No encontrado
7798119961130,No encontrado
7798119969228,No encontrado
8445290702234,299263
7798119969402,No encontrado
7795323775256,714315
8710428017994,No encontrado
8445290848970,No encontrado
8445290702302,299264
7795323775324,No encontrado
7795323775331,No encontrado
7795323775348,No encontrado
8445290180209,No encontrado
7795323775263,No encontrado
7795323774846,234069
7795323774860,712471
8445290180087,No encontrado
7795323002437,238841
8445290180131,No encontrado
7795323002444,238842
7795323002451,247875
7795323774853,234071
7795323775249,No encontrado
8445290238238,No encontrado
8445290648136,No encontrado
7795323774839,234068
7795323002420,238840
7798095171059,450404
8445290649744,No encontrado
7795323775225,714316
7795323775508,No encontrado
7795323775515,No encontrado
7795323775232,No encontrado
7795323775492,No encontrado
7795323775218,No encontrado
8445290648037,No encontrado
7795323775386,No encontrado
7795323775393,No encontrado
7795323775409,No encontrado
7795323775430,No encontrado
7790010002943,186618
7790010002936,186620
7795323775416,No encontrado
7795323002413,No encontrado
7795323775355,No encontrado
7891010032937,163787
7891150036390,304300
7891010255145,309985
7795323775300,No encontrado
7790740608170,305763
7790010002929,No encontrado
7790740608200,317649
7891010245382,313024
7891150045316,No encontrado
7891010255213,No encontrado
7790740608279,No encontrado
7791274198434,No encontrado
7702031604143,No encontrado
7896018704398,No encontrado
7790740608255,No encontrado
7792640001952,No encontrado
7791274192326,No encontrado
7791274198243,No encontrado
7790740608224,No encontrado
7790740608187,No encontrado
7791274000119,No encontrado
7791274001567,No encontrado
7791274200144,No encontrado
7791274200700,No encontrado
7793742005466,No encontrado
0048526007820,No encontrado
0048526676224,No encontrado
7453003508302,No encontrado
7648234163240,No encontrado
7648234163318,No encontrado
7648234163486,No encontrado
7648234163868,No encontrado
7648234164162,No encontrado
7648234164612,No encontrado
7648234164926,No encontrado
7648234165084,No encontrado
7793970135829,No encontrado
7793970137014,No encontrado
7793970137618,No encontrado
7793970141738,No encontrado
7793970143121,No encontrado
7796384090005,No encontrado
7796384090012,No encontrado
7796384090029,No encontrado
7796384090036,No encontrado
7796384090043,No encontrado
7796384090050,No encontrado
7798038310385,No encontrado
7798038310804,No encontrado
7798038311399,No encontrado
7798038312198,No encontrado
7798038312662,No encontrado
7798038312938,No encontrado
7798143640339,No encontrado
7798143640476,No encontrado
7798143640834,No encontrado
7798143640865,No encontrado
7798143640889,No encontrado
7798143641084,No encontrado
7798143641114,No encontrado
7798143641169,No encontrado
7798143641176,No encontrado
7798143641183,No encontrado
7798143641190,No encontrado
7798143641237,No encontrado
7798143641244,No encontrado
7798143641251,No encontrado
7798143641268,No encontrado
7798143641275,No encontrado
7798143641282,No encontrado
7798143641565,No encontrado
8058664008261,No encontrado
8058664051915,No encontrado
8058664051922,No encontrado
8058664059041,No encontrado
7500435228770,307799
8058664059058,No encontrado
8058664059089,No encontrado
7794626012952,307898
7500435228763,307798
8058664097067,No encontrado
7790250042068,309748
8058664143481,No encontrado
8058664137336,No encontrado
7790250042082,309750
7790250042075,309749
7794626012945,307897
8710103787129,No encontrado
7794626012846,307896
8710103787242,No encontrado
7794626012839,307895
7790250040880,No encontrado
7500435228572,307791
7790250040873,No encontrado
7794626013270,308050
7500435228732,No encontrado
7794626012914,311965
7500435228749,No encontrado
7500435228756,No encontrado
7500435230506,No encontrado
7500435228596,No encontrado
7794626013287,308051
7794626013294,308052
7500435228589,No encontrado
7794626013300,308053
7794626013386,307370
7500435228602,No encontrado
7790250040866,No encontrado
7790250042051,309747
7790250040798,310943
7794626012921,No encontrado
7794626012938,308054
7794626011870,No encontrado
7794626011887,No encontrado
7500435228701,No encontrado
7790250040859,No encontrado
7790250040774,310941
7500435228558,No encontrado
7790064104969,No encontrado
7790250040781,310942
7500435228541,No encontrado
7500435228565,No encontrado
7794626013409,No encontrado
7794626013362,307371
7794626013348,No encontrado
7794626013393,No encontrado
7794626012884,No encontrado
7794626013331,No encontrado
7794626013423,No encontrado
7500435230513,No encontrado
7790064004085,No encontrado
7790064004139,No encontrado
7500435228534,No encontrado
7798350081260,307365
7794626012860,No encontrado
7794626012853,No encontrado
7794626012877,No encontrado
7798350081284,307364
7794626012891,No encontrado
7798350082328,307363
7794626013317,No encontrado
7794626007149,No encontrado
7790064104808,305591
7500435145954,No encontrado
7500435145947,No encontrado
7500435145930,No encontrado
7896007551088,No encontrado
7896007552214,No encontrado
7790064004238,No encontrado
7791274200663,No encontrado
7791199004988,No encontrado
8480017125965,No encontrado
7790064104839,No encontrado
7790064104846,No encontrado
7791274003578,No encontrado
7799054048382,No encontrado
7799054048399,No encontrado
7790064104815,317734
7799054048405,No encontrado
7790064104822,No encontrado
7797811099301,No encontrado
7797811099318,No encontrado
7798269140041,No encontrado
7798269140164,No encontrado
7794626011023,305875
7891010251024,304907
7798269140171,No encontrado
7790064104853,No encontrado
4015400763697,306448
7891010247324,304707
7791274196546,No encontrado
7791274200649,No encontrado
7791554020196,No encontrado
7791554020738,No encontrado
7500435172714,No encontrado
7500435145244,No encontrado
7896018700628,No encontrado
7790064002104,No encontrado
7794626011054,No encontrado
7790773086167,No encontrado
7790773083654,No encontrado
7790064104679,No encontrado
7790773018335,No encontrado
7891010568757,No encontrado
7794626011092,305877
7790773082558,No encontrado
7790064104693,No encontrado
7790773008251,No encontrado
7790773008336,No encontrado
7790773008367,No encontrado
7790773086068,No encontrado
7790773086150,No encontrado
7791199003608,No encontrado
7794626012525,No encontrado
8480017134448,No encontrado
7794626011108,No encontrado
7799054048283,No encontrado
7799054048290,No encontrado
7799054048313,No encontrado
7799054048320,No encontrado
7799054048344,No encontrado
7891010568771,233212
7794626011047,305876
7799054048351,No encontrado
7799054048368,No encontrado
7790064104686,No encontrado
7790773082831,No encontrado
7790773018656,No encontrado
7799054048337,No encontrado
7896018700642,No encontrado
7799054048375,No encontrado
7799120001082,No encontrado
7798269140188,No encontrado
7798269140201,No encontrado
7798269140218,No encontrado
7798269140225,No encontrado
7799054048276,No encontrado
7891136057029,217463
7799120001105,No encontrado
7790950000160,110728
7794626010217,No encontrado
7790950140859,282958
7790950134100,266603
7799054048306,No encontrado
7790290008291,No encontrado
7790950202816,238706
7791200000619,266606
7790290008192,No encontrado
7790950131918,No encontrado
7792410779357,310045
7790950144826,No encontrado
7790950202823,238707
7790950000191,No encontrado
7790950142921,No encontrado
7790950610574,270190
7791250003110,No encontrado
7790950144055,No encontrado
7790950144819,No encontrado
7791250003011,No encontrado
7790950102093,No encontrado
7790950610581,No encontrado
7790950000443,No encontrado
7790290001179,111333
7791200000527,No encontrado
7790290101602,118460
7790950002768,No encontrado
7790290101459,279246
7790950133691,No encontrado
7792410523165,293028
7790290101473,278547
7790950132267,No encontrado
7790139002879,157174
7790950130713,No encontrado
7790950138900,No encontrado
7792410532426,296743
7790290101480,No encontrado
7798167047923,No encontrado
7790290002176,No encontrado
7790290000431,No encontrado
7798167041334,No encontrado
7798167046896,No encontrado
7790290002190,No encontrado
7790290101527,280858
7798167047930,No encontrado
7792410522717,284925
7791250001345,No encontrado
7791250002267,No encontrado
7792410532181,296746
7790290101510,No encontrado
5000267014005,199230
7791250003189,No encontrado
7791250001253,No encontrado
5000281015248,285548
7791250001871,No encontrado
7791250003127,No encontrado
0763571806012,317263
5000267024011,191655
5000299618424,No encontrado
7791250001857,No encontrado
0724751009876,317262
0080432402931,290689
7791250003271,No encontrado
5000299618417,280894
5000267013602,No encontrado
7891050004741,296744
7791250002243,997546
7312040017683,295362
7501035010109,169978
5010106113073,290665
5000299605950,No encontrado
7792410523806,296747
0763571808290,No encontrado
5011007003005,290663
7640175740047,No encontrado
7790290101664,No encontrado
0000077975225,No encontrado
7312040350056,296733
5000329002322,No encontrado
5000329002537,No encontrado
5010677715003,No encontrado
7790290101657,286329
0000077906106,No encontrado
0500289925440,No encontrado
7791250003097,290725
0089540468709,No encontrado
7896050200131,No encontrado
7790154008542,No encontrado
5000267107158,No encontrado
7792798012497,No encontrado
5000267023601,No encontrado
0736684265243,287007
7791250003202,No encontrado
7792410532167,296745
5000291023462,285549
7792410527903,945986
7792410515528,No encontrado
7790950144758,No encontrado
7792410527880,296748
7791200000213,No encontrado
7791200200583,266611
8501110080910,No encontrado
0080432402733,No encontrado
7791200200606,281767
7792410533102,310044
7792798012770,293951
5000289925440,No encontrado
5011007024000,No encontrado
7790290101718,No encontrado
7791200200569,No encontrado
0000050196388,No encontrado
5000267165806,313140
7896010000528,No encontrado
8411144100068,No encontrado
8411144101157,No encontrado
5000299628034,No encontrado
5000299622049,No encontrado
5000291026548,No encontrado
0897076002010,284267
5000281021621,No encontrado
0087000004085,No encontrado
5000267023625,No encontrado
7792410008105,112453
7896607100051,No encontrado
7792410008365,135488
7792410504324,199927
0080432400432,No encontrado
7792410008006,112461
7791200200613,No encontrado
7792410010009,No encontrado
7790702040147,No encontrado
7790260012310,No encontrado
5011013100132,109967
5010327105215,No encontrado
7790260013300,170801
7790260013065,103519
6001495062508,117963
7790260016011,138819
7792410008051,102792
7792410504331,No encontrado
7790290000332,No encontrado
7790197120218,No encontrado
7790119010542,No encontrado
7790119010528,No encontrado
7790260013164,No encontrado
5011013500642,No encontrado
7791560091869,No encontrado
7791560091852,No encontrado
7791560126639,No encontrado
7794068001057,442988
7794068000142,442987
7791560126646,No encontrado
0000077908377,No encontrado
7896050200124,No encontrado
7794068000111,255925
7790119010535,No encontrado
7790119010566,No encontrado
7790260002076,109347
0086767701763,No encontrado
7792410134729,231414
7790260008016,No encontrado
7792410517355,No encontrado
8009265337410,No encontrado
7790119010573,No encontrado
7791250001482,No encontrado
7792410008532,No encontrado
7790260013287,103497
7790260013256,152618
7792410505352,No encontrado
7794068000081,No encontrado
7794068000128,No encontrado
7790260002090,No encontrado
7792410008655,No encontrado
7790119010511,No encontrado
7792410008259,104086
7896607100099,No encontrado
7790260013058,No encontrado
8004160660304,No encontrado
7790260012396,No encontrado
6009600220027,No encontrado
7790260006043,No encontrado
5000281003160,102768
7791090200014,No encontrado
7790336039104,No encontrado
7792798003709,874140
7792410008228,No encontrado
7792798010561,104971
7792798007387,254034
7792798003716,130039
7793147001025,311056
7793147009137,153488
7793147570743,274468
7790260015489,No encontrado
7792798007493,254040
7792798007400,254036
7790480089765,No encontrado
7792798002399,275349
7793147000899,309173
5000267125046,No encontrado
7792798010578,103844
7792798002115,271778
7792798010882,286453
7792798002351,275348
7793147001056,262097
7792798013678,298910
7792798002726,No encontrado
7802100003270,311044
7792798992317,No encontrado
7792798002122,271781
7793147570330,No encontrado
7793147570842,No encontrado
7793147572211,No encontrado
5410228141266,No encontrado
4002631024147,No encontrado
7501064106859,No encontrado
7501064198847,No encontrado
7792798001101,No encontrado
7792798002757,No encontrado
7792798006045,No encontrado
7792798007158,No encontrado
7792798170555,No encontrado
7792798001316,266266
7793147570088,No encontrado
7793147570262,No encontrado
7793147570989,No encontrado
7793147571344,No encontrado
7793147571672,No encontrado
0000075032715,No encontrado
7795697000190,No encontrado
7792798000708,No encontrado
7793147570637,No encontrado
7793147009243,No encontrado
7793147572334,No encontrado
7795697431345,No encontrado
7795697612706,No encontrado
7793147572037,No encontrado
7795697615127,No encontrado
7793147000981,No encontrado
7793147118860,309177
7793147573096,No encontrado
7793147571689,311048
7793147000752,309160
4000856003107,No encontrado
7793147009199,309172
7793147000967,No encontrado
7792799040512,No encontrado
7793147572723,309163
7792798007813,No encontrado
7792798002245,No encontrado
7793147570606,No encontrado
7792798001972,269513
7793147571283,No encontrado
7793147001742,266567
7792798001712,No encontrado
7798091030299,No encontrado
7793147572853,No encontrado
7793147573386,No encontrado
7798339251141,No encontrado
7792798010592,No encontrado
7792798013487,309344
7792798013395,No encontrado
7798339251509,No encontrado
7792798005970,No encontrado
7793147571160,No encontrado
7792798001927,No encontrado
7792798009107,280553
7798339251127,No encontrado
7792798013494,No encontrado
7792798013531,No encontrado
7792798002788,No encontrado
7798339251370,No encontrado
7792798009114,No encontrado
7792798013982,No encontrado
7792798012947,No encontrado
7792798001965,272974
7792798002337,No encontrado
7793147572624,No encontrado
7792798010745,No encontrado
7793147571412,No encontrado
7792798003945,No encontrado
7792798013357,No encontrado
7793147570927,311045
7792798014163,No encontrado
7798339251561,No encontrado
7792798014026,No encontrado
7792798013975,No encontrado
7793147118822,No encontrado
7792798002344,No encontrado
7793147118846,No encontrado
7798339251134,No encontrado
7792798009428,No encontrado
7792798005888,851132
4002631024192,No encontrado
4002631024161,No encontrado
7792798001934,No encontrado
7792798010615,265803
7792798012923,150380
4002631024161,No encontrado
4002631024192,No encontrado
7792798013388,298863
7792798001323,No encontrado
7792798001934,No encontrado
7793147570866,697282
7792798009428,No encontrado
7793147572846,309170
7792798172207,No encontrado
7792798779277,No encontrado
7793147570347,No encontrado
7793147571382,No encontrado
7793147572433,No encontrado
7793147572655,No encontrado
7795697612133,No encontrado
7798091030268,No encontrado
7798091030343,No encontrado
7798332150014,No encontrado
7802107000876,311038
7798332150045,No encontrado
7802107000562,No encontrado
8480017282880,No encontrado
7793147572327,No encontrado
7793147572389,No encontrado
0656750817377,No encontrado
7798332150038,No encontrado
7798332150151,No encontrado
7793147570774,No encontrado
7792798999866,No encontrado
7792798014156,No encontrado
7792798013913,No encontrado
7793147571863,No encontrado
7793147572242,No encontrado
7793147572266,No encontrado
7792798010639,280603
7793147572273,No encontrado
7792798002320,272769
7793147572280,No encontrado
7793147572303,No encontrado
7792798013838,No encontrado
7792798003938,No encontrado
7795697000213,No encontrado
7798091030329,No encontrado
7798119090144,No encontrado
7793147572402,No encontrado
7798339250212,No encontrado
4002631026615,No encontrado
7798339250182,No encontrado
7798287170013,No encontrado
7793147572754,No encontrado
7792798002566,No encontrado
7798074864910,299947
7792798008889,No encontrado
7790717152026,142388
7792798008858,No encontrado
7798339250144,No encontrado
7798339250137,No encontrado
4002631026639,No encontrado
7790975000046,156167
7792798005871,No encontrado
7790975000022,144991
7798339250151,No encontrado
7790975000152,111155
7791560040126,127439
7790975198590,No encontrado
7790975198613,283378
7792319972293,No encontrado
7791250003318,No encontrado
7790975198675,283400
7790975198699,283411
7790975000039,No encontrado
7797942007572,No encontrado
7791560527955,No encontrado
7790975198637,No encontrado
7790975198651,No encontrado
7790975194981,No encontrado
7791560132838,268358
7791540051838,No encontrado
7790975198859,No encontrado
7790975198873,No encontrado
7790975198910,No encontrado
7790975198712,283406
7791670027604,309136
7790975198897,No encontrado
7791560520390,No encontrado
7791560074077,No encontrado
7791560074084,No encontrado
7791560527948,No encontrado
7792319972279,No encontrado
7790070761026,No encontrado
7791250001529,No encontrado
8480017291783,No encontrado
7791250001567,No encontrado
8480017298140,No encontrado
7791250003295,No encontrado
7791203003433,293999
7795933703236,104000
7790070761019,197385
7791250001543,No encontrado
7791560512593,No encontrado
7791560513828,No encontrado
7798123971811,No encontrado
7798074864972,No encontrado
7790070761033,No encontrado
7797942007527,No encontrado
7790070760999,No encontrado
7790070761002,No encontrado
7790070761040,No encontrado
7790415128019,No encontrado
7790415128255,No encontrado
7790717001195,696446
7790975194417,157302
7790703002373,No encontrado
7790703165238,No encontrado
7790704070210,No encontrado
7790717153948,No encontrado
7790975194431,No encontrado
7790975198934,No encontrado
7790975198996,No encontrado
7790975198958,No encontrado
7790975199078,No encontrado
7791250001444,No encontrado
7791250002878,No encontrado
7791250002892,No encontrado
7791670027611,309139
7791540047015,No encontrado
7791540048937,No encontrado
7791540054525,No encontrado
7791560990995,No encontrado
7791670027550,No encontrado
7791670027574,No encontrado
7791670027628,No encontrado
7791670027635,No encontrado
7791670027642,No encontrado
7791670027710,No encontrado
7791670027734,No encontrado
7791728234398,No encontrado
7792319002334,No encontrado
7792319972316,No encontrado
7797942007459,No encontrado
7797942007497,No encontrado
7790070760845,No encontrado
7798074864514,No encontrado
7798074864996,No encontrado
7798074865016,No encontrado
7798074865054,No encontrado
7798074865092,No encontrado
7791540053153,No encontrado
7790314079726,308255
7791540053184,No encontrado
7791540053191,No encontrado
7791540053207,No encontrado
7790703205293,No encontrado
7798108834155,296540
7791540053177,No encontrado
7792319972224,281604
7791843008317,234124
7791728247091,110260
7791540053160,No encontrado
7797942007084,No encontrado
7798074864774,No encontrado
7790093132728,153982
7790240041880,130921
7797942007107,No encontrado
7790070760555,No encontrado
7792319972743,No encontrado
7790070760777,No encontrado
7790093521768,No encontrado
7790189021059,No encontrado
7790070760623,309814
7791540053368,No encontrado
7798108834070,296769
7790070760746,No encontrado
7790314054105,No encontrado
7791728001686,No encontrado
7790070760517,No encontrado
7790703205224,298966
7797942006957,309472
7790093095245,No encontrado
7798108834018,No encontrado
7797942007534,No encontrado
7790154000836,No encontrado
7791540044540,No encontrado
7798074865115,No encontrado
7791203003365,293995
7790070760661,No encontrado
7790240017069,No encontrado
7790070760807,No encontrado
7790314003233,291567
7798123970166,No encontrado
7791843013441,No encontrado
7790070760791,No encontrado
7798123971552,No encontrado
7790093521805,No encontrado
7791670027505,No encontrado
7790577002189,No encontrado
7790070760678,No encontrado
7797942007091,No encontrado
7797942005035,No encontrado
7790577000017,No encontrado
7791540047909,No encontrado
7794450000163,No encontrado
7790975017037,No encontrado
7790168903802,No encontrado
7790717153771,No encontrado
7790805120029,No encontrado
7790975017037,No encontrado
7791540047909,No encontrado
7791728004366,No encontrado
7794450000163,No encontrado
7797942005035,No encontrado
7797942007091,No encontrado
7798074864873,No encontrado
8480017220578,No encontrado
8480017229694,No encontrado
7791670027086,No encontrado
7798104769093,No encontrado
7798107412941,No encontrado
7798108833424,No encontrado
7790093993121,No encontrado
7791540050251,No encontrado
7790093013102,No encontrado
7790975001500,No encontrado
7790070760470,No encontrado
7791203003037,No encontrado
7794450090973,No encontrado
7791540054020,No encontrado
7790577002462,No encontrado
7790577039598,No encontrado
7790070650931,No encontrado
7790168904465,No encontrado
7790240041675,No encontrado
7791670026935,No encontrado
7798074865450,No encontrado
7791540049934,No encontrado
7798348711643,No encontrado
7794068001064,No encontrado
7790336030231,No encontrado
7791670026942,No encontrado
7790336020737,No encontrado
7791728000528,No encontrado
7790314076831,No encontrado
7798141877638,No encontrado
7791728020755,No encontrado
7790314071843,No encontrado
7790314057083,No encontrado
7790314004384,No encontrado
7792319971159,No encontrado
7792319971777,No encontrado
7790314004353,No encontrado
7798162677576,316281
7790314001956,No encontrado
7793440002958,No encontrado
7798162670881,No encontrado
7794450000804,No encontrado
7794450002549,No encontrado
7794450090553,No encontrado
7797942007077,No encontrado
7790240002027,No encontrado
7790189043525,No encontrado
7790189000191,No encontrado
7798039599031,No encontrado
7798039599192,No encontrado
7798039599413,No encontrado
7798074860370,No encontrado
7790189000023,No encontrado
7798074865177,No encontrado
7798074865214,No encontrado
7798078238052,No encontrado
7798081660406,No encontrado
7790703204982,298967
7798099594601,No encontrado
7798099594823,No encontrado
7790093132940,No encontrado
7798108834315,No encontrado
7790070651075,No encontrado
7798123971583,No encontrado
7790415000995,No encontrado
7790703205101,No encontrado
7790385001213,No encontrado
7790703205521,No encontrado
7790704000064,No encontrado
7798124010182,No encontrado
7798124010267,No encontrado
7790945006795,No encontrado
7790945006726,No encontrado
7790945006801,No encontrado
7790945006818,No encontrado
7790945006863,No encontrado
7790945007075,No encontrado
7790945007082,No encontrado
7790945007334,No encontrado
7790945007532,No encontrado
7790945007655,No encontrado
7798136300387,No encontrado
7790984000037,No encontrado
7791203000029,No encontrado
7791203002443,No encontrado
7792319972248,281606
7790336030514,No encontrado
7791203003396,No encontrado
7791250000959,No encontrado
7791250001031,No encontrado
7790314000416,864471
7790336030262,No encontrado
7791540045066,No encontrado
7791540045745,No encontrado
7798141877560,No encontrado
7791203003389,293998
7791540050831,No encontrado
7791540053351,No encontrado
7790070760630,No encontrado
7798074864811,No encontrado
7797942007565,No encontrado
7790240095289,No encontrado
7798108833691,No encontrado
7790093521812,No encontrado
7791540044557,No encontrado
7798108834179,No encontrado
7790314079733,No encontrado
7791540047916,No encontrado
7791670027109,No encontrado
7792319972699,No encontrado
7797942007060,No encontrado
7790415128033,No encontrado
7798130463385,No encontrado
7790189042597,No encontrado
7798081661533,No encontrado
7791670027871,No encontrado
7790070760524,No encontrado
7798130466263,No encontrado
8480017291172,No encontrado
7798000213515,No encontrado
7791728242577,No encontrado
7798074865436,No encontrado
7791333000043,No encontrado
7791540049941,No encontrado
7790070760739,No encontrado
7790314057038,No encontrado
7791728239317,No encontrado
7790945007396,No encontrado
7790805750363,No encontrado
7798124010250,No encontrado
7791843019108,No encontrado
7790336032518,No encontrado
7798039599666,No encontrado
7798039599710,No encontrado
7798353194653,313546
7790093521782,282020
7798103161683,No encontrado
7798123971606,No encontrado
7790945006719,No encontrado
7794450090492,437089
7791843008294,232176
7797942006933,309471
7790945006870,No encontrado
7790945007341,No encontrado
7790945005927,No encontrado
7790070760562,299270
7790070760876,No encontrado
7798074865313,299937
7791728239331,No encontrado
7791540047855,No encontrado
7798074864675,No encontrado
7798108834377,No encontrado
7790189021011,No encontrado
7790070760579,No encontrado
7790703204968,298968
7790314003226,No encontrado
7790070760722,308723
7798074864798,296532
7790240042085,No encontrado
7791843023471,318072
7794450000149,198732
7791843008935,236424
7791728247114,290368
7798353194721,313547
7790240128574,No encontrado
7790240002010,175765
7798123970098,No encontrado
7790189021028,107898
7798108833950,296762
7791540049910,280741
7794450000781,169288
7791843009130,No encontrado
7791843008911,236425
7791540044502,No encontrado
7790240042108,No encontrado
7797942007046,309462
7791540054266,No encontrado
7794450088581,438414
7797942007244,No encontrado
7798123971309,317199
7790070760760,No encontrado
7790240042092,696283
7794450000156,No encontrado
7790240041460,112147
7790154000829,No encontrado
7791250000997,198830
7791843005002,No encontrado
7790704167644,437388
7798099599200,155275
7790577001663,101717
7790070760821,298529
7790189001129,104473
7790093095221,No encontrado
7790240128673,No encontrado
7791540044106,No encontrado
7791250000935,198826
7790240041460,112147
7790314009518,No encontrado
7797942007022,309464
7791203001248,No encontrado
7794450090713,437613
7798039599406,No encontrado
7791540047862,245492
7792319972774,122372
7790314009518,No encontrado
7792319972231,281605
7790070760500,No encontrado
7790240094459,199756
7797942007275,No encontrado
7790240128598,No encontrado
7791250001017,198831
7791540049590,265431
7791670027482,312415
7791670026928,No encontrado
7798074865191,No encontrado
7790240098969,No encontrado
7791203000142,863815
7790240042092,696283
7794450090096,437275
7791540049347,No encontrado
7790704167637,150303
7798108834032,296770
7791670027857,319272
7791728002690,247115
7791540048500,No encontrado
7791540044106,No encontrado
7798039599420,280058
7790240128673,No encontrado
7797942006940,No encontrado
7790168904403,311067
7791203003358,No encontrado
7792870019918,247099
7798123970111,No encontrado
7790577041553,No encontrado
7790717152002,134277
7791670027857,319272
7797942007367,No encontrado
7790314005305,No encontrado
7798074864835,No encontrado
7798108834094,291054
7790415127777,No encontrado
7791250001673,No encontrado
7791540044519,199783
7790070760593,No encontrado
7798074864835,No encontrado
7798108834117,296763
7790415128767,No encontrado
7790240041446,No encontrado
7798108834339,No encontrado
7792319972750,No encontrado
7792319971111,296497
7792319971869,No encontrado
7790336020720,No encontrado
7790070760920,No encontrado
7790314079108,No encontrado
7798104763039,No encontrado
7791540045721,No encontrado
7792319971104,No encontrado
7798099592720,No encontrado
7798099592690,No encontrado
7790168904434,311068
7790168904328,309152
7798074865153,No encontrado
7790314057014,No encontrado
7790168903925,289829
7790189021035,No encontrado
7790168903833,289830
7790984004516,No encontrado
7790070760814,No encontrado
7790070650948,No encontrado
7790070760494,No encontrado
7790975017020,No encontrado
7790577039659,110594
7791728021301,437850
7790240128581,No encontrado
7790240107500,No encontrado
7794450090959,150788
7791670026645,312416
7790577002165,109839
7794450941251,276076
7790240098976,No encontrado
7797942007039,No encontrado
7797942007053,No encontrado
7790240094466,No encontrado
7790577001151,225365
7790577001151,225365
7797942007213,No encontrado
7790717153900,No encontrado
7790577002141,No encontrado
7791540054280,No encontrado
7797942006568,No encontrado
7790577002141,No encontrado
7798099592546,254667
7798104763039,No encontrado
7797942007053,No encontrado
7791203000104,No encontrado
7798141877386,No encontrado
7794450024015,No encontrado
7790240017045,178004
7798078230643,298746
7798099590467,No encontrado
7790240041477,No encontrado
7790415128729,No encontrado
7792319972712,308225
7794450024046,No encontrado
7790093095238,No encontrado
7798099590139,No encontrado
7794450002679,No encontrado
7798078230230,No encontrado
7798074864859,296535
7798051300189,151857
7794450088468,No encontrado
7798074869311,No encontrado
7798078235440,No encontrado
7790336030507,No encontrado
7798074864897,No encontrado
7790189043495,No encontrado
7790189042023,No encontrado
7790314077623,No encontrado
7791728001075,458334
7791843008300,No encontrado
7790945006771,311477
7798039590625,286542
7790314056987,No encontrado
7792319003164,No encontrado
7798074865368,No encontrado
7798099592782,No encontrado
7790805120043,132524
7791670026911,No encontrado
7791728001761,No encontrado
7790805012027,104017
7790717152019,134278
7790945006764,No encontrado
7790945006771,311477
7797942007473,No encontrado
7797942007374,No encontrado
7798000213539,No encontrado
7798039590151,No encontrado
7790805120043,132524
7798039599390,No encontrado
7790805012027,104017
7797942007251,No encontrado
7790717152019,134278
7790704000187,No encontrado
7790945006764,No encontrado
7798123970210,No encontrado
7792319003164,No encontrado
7790703205149,298960
7798113557230,No encontrado
7798123971316,No encontrado
7791728001075,458334
7790704000187,No encontrado
7791843008300,No encontrado
7790975017013,870692
7797942007251,No encontrado
7798108833066,281101
7798108834353,No encontrado
7798141877089,No encontrado
7798000213539,No encontrado
7790577039949,156849
7791728001761,No encontrado
7798039590151,No encontrado
7798099592546,254667
7790975001494,No encontrado
7790577001571,850926
7790093521775,282019
7790577046848,No encontrado
7791670026911,No encontrado
7798104763022,No encontrado
7790577003711,No encontrado
7798099592782,No encontrado
7790577002158,No encontrado
7791333000029,885410
7798099593956,No encontrado
7790415129122,No encontrado
7798099590467,No encontrado
7798099594793,No encontrado
7790415129115,No encontrado
7791333000050,No encontrado
7791093000017,103446
7790415127814,No encontrado
7798051300202,151859
7790240041170,No encontrado
7791203003372,No encontrado
7790070760449,No encontrado
7790975001487,199923
7798074865276,No encontrado
7798074865290,No encontrado
7790070760586,No encontrado
7790240092011,285534
7798070290140,No encontrado
7791540044526,No encontrado
7791540049767,No encontrado
7791540051913,No encontrado
7791540054273,No encontrado
7790314009532,No encontrado
7790314006357,No encontrado
7791728244472,No encontrado
7790240042481,No encontrado
7791843009154,No encontrado
7791843010587,No encontrado
7794450004239,245199
7791843020746,No encontrado
7792319003904,No encontrado
7792319971722,No encontrado
7792319971746,No encontrado
7790240041170,No encontrado
7798348710028,No encontrado
7792319972798,No encontrado
7794450000798,No encontrado
7798348711278,298647
7790189000177,103496
7798039599246,296357
7794450008800,No encontrado
7790189042030,No encontrado
7798348710042,No encontrado
7798051300202,151859
7794450091338,No encontrado
7798348710530,No encontrado
7797942006544,No encontrado
7798348711285,No encontrado
7790168075660,No encontrado
7797942007596,No encontrado
7798070290140,No encontrado
7790070760852,No encontrado
7790070760784,No encontrado
7798074865276,No encontrado
7798074865290,No encontrado
7798099590177,No encontrado
7798099591341,No encontrado
7798107410497,263262
7804320087016,No encontrado
7798099593734,No encontrado
7798099599187,No encontrado
7790070760647,No encontrado
7804320510187,No encontrado
7798104769116,No encontrado
7798107410534,No encontrado
7798107410770,No encontrado
7798108834193,296542
7798107412576,No encontrado
7798107412583,No encontrado
7798107412743,No encontrado
7798107414181,No encontrado
7798107419803,No encontrado
7798123970296,317202
7790070760586,No encontrado
7798108834131,No encontrado
7798141877058,268783
7798108834254,No encontrado
7798108834292,No encontrado
7790070760487,No encontrado
7798116190335,No encontrado
7790070760449,No encontrado
7790577000024,103560
7798123973044,No encontrado
7790070651082,No encontrado
7790577002424,110593
7798141874101,No encontrado
7794450008275,442073
7790415127814,No encontrado
7794450008282,442074
7798141877065,No encontrado
7790415129115,No encontrado
7798141877096,No encontrado
7798141877379,No encontrado
7798123971569,No encontrado
7794450004253,No encontrado
7794450008305,No encontrado
7798123972115,No encontrado
7791093000369,No encontrado
7790975195674,No encontrado
7798141877393,No encontrado
7790945007839,No encontrado
7798123972450,No encontrado
7790945007822,No encontrado
7794450090614,No encontrado
7790189021042,No encontrado
7794450090935,No encontrado
7790703205972,No encontrado
7790805146005,No encontrado
7794450092205,No encontrado
7794450092212,No encontrado
7794450941145,No encontrado
7794450941237,No encontrado
7798124010144,No encontrado
7794450941275,No encontrado
7790945007815,No encontrado
7798124010212,No encontrado
7798124010243,No encontrado
7798125633953,No encontrado
7790168903697,No encontrado
7790168903680,No encontrado
7798126080459,No encontrado
7790168075684,No encontrado
7790070651044,No encontrado
7797942007206,No encontrado
7790070651013,No encontrado
7798126080534,No encontrado
7790945007716,No encontrado
7790945007709,No encontrado
7790168000143,No encontrado
7790945007693,No encontrado
7790945007648,No encontrado
7798130463286,No encontrado
7798000210521,No encontrado
7798000210538,No encontrado
7798000210545,No encontrado
7790577039987,156851
7798000213522,No encontrado
7790945007631,No encontrado
7790945007563,No encontrado
7790945007556,No encontrado
7798039590373,No encontrado
7790945007549,No encontrado
7798039591660,No encontrado
7798039597815,No encontrado
7790945007501,No encontrado
7790945007495,No encontrado
7790070779014,No encontrado
7798039599673,No encontrado
7790945007433,No encontrado
7790805000376,No encontrado
7798051300325,No encontrado
7798051300516,No encontrado
7790577041515,251279
7798051304736,No encontrado
7798051304767,No encontrado
7798051309977,No encontrado
7798141871469,No encontrado
7790070760944,No encontrado
7790070760937,No encontrado
7790945007426,No encontrado
7790945007419,No encontrado
7798074865139,No encontrado
7790945007358,No encontrado
7798141874118,No encontrado
7798074865238,No encontrado
7790762050124,No encontrado
7790385001220,No encontrado
7790070760692,No encontrado
7790945007259,No encontrado
7798074865399,No encontrado
7798078238021,267601
7798078238038,267602
7798074869298,No encontrado
7798074869304,No encontrado
7790945007242,No encontrado
7798078238120,299809
7790945007228,No encontrado
7790945007211,No encontrado
7790945007204,No encontrado
7798078238045,No encontrado
7798078238113,No encontrado
7798081660437,No encontrado
7798081660468,No encontrado
7798081661335,No encontrado
7798081669133,No encontrado
7790945007051,311485
7798081669164,No encontrado
7790945007198,No encontrado
7790415002760,No encontrado
7790945007068,No encontrado
7790703205491,No encontrado
7790717153092,No encontrado
7790945007044,No encontrado
7798099592751,No encontrado
7790945007037,No encontrado
7798099592812,No encontrado
7790577046879,No encontrado
7790945007020,No encontrado
7790945007013,No encontrado
7790415129009,No encontrado
7790415129047,No encontrado
7798103160044,No encontrado
7798103160129,No encontrado
7798103160150,No encontrado
7798103160273,No encontrado
7798104410179,No encontrado
7798104410223,No encontrado
7798104410278,No encontrado
7798104410322,No encontrado
7798104410360,No encontrado
7798104410414,No encontrado
7790945006856,No encontrado
7790649000112,No encontrado
7790336033317,No encontrado
7790415130555,No encontrado
7790415131194,No encontrado
7790945006849,311482
7790415131217,No encontrado
7790649000136,No encontrado
7790717000853,No encontrado
7798108833080,281102
7790336033508,No encontrado
7798162670706,316276
7790385040335,No encontrado
7790385000056,No encontrado
7790070760609,No encontrado
7790336034505,No encontrado
7790945006832,No encontrado
7790945006825,No encontrado
7798141877362,No encontrado
7790314057076,No encontrado
7798162670133,No encontrado
7790314010200,262891
7790314055966,No encontrado
7790314055867,No encontrado
7790314011825,No encontrado
7798162670713,316275
7798162671673,316278
7790577002400,No encontrado
7790314011795,No encontrado
7790703205026,No encontrado
7791540052866,No encontrado
7791540054037,No encontrado
7790704163387,No encontrado
7790314072352,No encontrado
7790945006788,No encontrado
7790945006757,No encontrado
7790314004346,No encontrado
7790314072505,No encontrado
7791728001747,No encontrado
7791250001710,No encontrado
7791728002409,No encontrado
7791728002478,No encontrado
7790314001949,No encontrado
7791728019155,No encontrado
7798162671789,No encontrado
7791728022841,No encontrado
7791728239324,No encontrado
7790240098174,No encontrado
7790577004237,No encontrado
7790240096774,No encontrado
7791843000076,No encontrado
7790240096767,No encontrado
7790240094732,No encontrado
7790314077630,No encontrado
7790240093797,No encontrado
7790240093780,No encontrado
7791843023495,318062
7790240093773,No encontrado
7798113557223,No encontrado
7790945005170,No encontrado
7790577039628,134646
7790577006101,No encontrado
7798121941489,No encontrado
7790070760456,No encontrado
7798162671864,316282
7790314077647,No encontrado
7798162679747,316283
7790314078163,No encontrado
7792319972675,299675
7792319003171,No encontrado
7792319678027,No encontrado
7792319969552,No encontrado
7792319969569,No encontrado
7790945004937,No encontrado
7790336050208,No encontrado
7798287070016,No encontrado
7798123970616,No encontrado
7790314079221,No encontrado
7798123971170,No encontrado
7790240025415,No encontrado
7790070760067,No encontrado
7792319972835,No encontrado
7792756221541,No encontrado
7794450000972,312442
7798159560232,319083
7790336030583,No encontrado
7790240003437,No encontrado
7790950128444,221636
7790950133288,250569
7790189043686,No encontrado
7790950133325,250563
7790189043501,No encontrado
7790950003420,150377
7790950128468,221637
7790945004906,No encontrado
7790950133257,250567
7790950141610,282532
7790950133271,250527
7790950001969,127426
7794450002075,No encontrado
7790950133356,250566
7790950133318,No encontrado
7790950139273,281626
7790950003444,102178
7790950135992,267213
7790950003437,102177
7790950133332,No encontrado
7790950141030,282533
7790950136609,No encontrado
7790950133363,No encontrado
7790950133349,No encontrado
7790950133370,No encontrado
7790950130805,245074
7790950003048,No encontrado
8480017286109,No encontrado
8480017286802,No encontrado
7790950003062,No encontrado
8480017279187,No encontrado
8480017286086,No encontrado
8480017286093,No encontrado
7790950143393,No encontrado
7798270243847,No encontrado
7790950003055,No encontrado
7798270243830,No encontrado
7790950144093,No encontrado
7798270243786,No encontrado
7798270243816,No encontrado
7799155000203,No encontrado
7799155000210,No encontrado
7792799000035,No encontrado
7790895003950,No encontrado
7790639002423,No encontrado
8480017481214,No encontrado
7790895003943,No encontrado
7792931001050,No encontrado
7797257000145,No encontrado
7798164280026,No encontrado
7792931000039,132870
7799155000197,311061
7798164280040,No encontrado
7792799000073,No encontrado
7795930000550,269099
7790895647758,No encontrado
7799155000135,309827
7798062547559,995215
7790895646027,No encontrado
7790315000149,177588
7792931000015,171460
7795930000543,267315
7799155000180,No encontrado
7790895003882,228519
7790895647642,286312
7792799000097,No encontrado
7790639002416,No encontrado
7799155000173,No encontrado
7790895003868,No encontrado
7790895003875,No encontrado
7790895647659,No encontrado
7792799000059,No encontrado
7792799000639,No encontrado
7798062540109,No encontrado
7790895648823,No encontrado
7790895647666,286313
7790895649370,No encontrado
7792799000011,No encontrado
7790315058201,No encontrado
7792799000905,222095
7792931000022,190535
7798065730033,No encontrado
7790895647772,No encontrado
7790895647741,No encontrado
8480017481238,No encontrado
7790895647703,No encontrado
7790895647789,No encontrado
7795930000567,No encontrado
7798065731245,No encontrado
7798065733850,No encontrado
7798065734512,No encontrado
8480017053480,No encontrado
8480017163479,No encontrado
7792799000899,222214
8480017287373,No encontrado
0040232920318,No encontrado
0040232846359,No encontrado
0040232846397,No encontrado
0040232846373,No encontrado
7798164280057,No encontrado
7790895648601,No encontrado
7790895008146,No encontrado
7793759212659,No encontrado
7793759000218,No encontrado
7795930002097,No encontrado
7791813421603,117160
7791813421917,185570
7797257000114,No encontrado
7797257000121,No encontrado
7798270242789,No encontrado
7791813423591,146961
7790895645785,No encontrado
7798113301611,No encontrado
7798164280019,No encontrado
7798164280033,No encontrado
7791813423911,No encontrado
7798085681209,No encontrado
8480017104007,No encontrado
7791813421245,No encontrado
8480017099501,No encontrado
8480017103987,No encontrado
8480017103994,No encontrado
7798062548686,100861
7790315000880,258690
7790895003288,216456
8480017084866,No encontrado
7790639003789,No encontrado
7790895003325,216457
7798085681223,No encontrado
7798062540291,147534
7790895640490,141770
7790895640483,141773
7790639003772,No encontrado
7790895641237,161056
7798062541014,175958
7798062540284,147533
7790895003295,No encontrado
7798062548709,103712
7790895003301,No encontrado
7798062548648,105966
7798062548679,100826
7798062540253,147009
7798062540260,No encontrado
7790315000934,270568
7790315001054,223195
7790895640476,No encontrado
7790315001085,223196
7790315001047,223194
7790895640452,No encontrado
7798062548716,No encontrado
7790315000910,270566
7798062548655,No encontrado
7790895641220,No encontrado
7790315001061,No encontrado
7790895008498,No encontrado
7790895640445,No encontrado
7790895640469,No encontrado
7790895641213,No encontrado
7790895009204,No encontrado
7790895004971,No encontrado
7790895009211,No encontrado
8480017196170,No encontrado
7790315100177,No encontrado
7790315100184,No encontrado
7790895008481,No encontrado
7798062547672,No encontrado
7798065730323,No encontrado
7798065730347,No encontrado
7798065730361,No encontrado
8480017002051,No encontrado
8480017051073,No encontrado
8480017051080,No encontrado
7798062547863,No encontrado
7790895003318,No encontrado
7790315100207,No encontrado
7790895641206,No encontrado
7798062545487,No encontrado
7798113302076,No encontrado
7798062547689,No encontrado
7790895011764,No encontrado
7790895009259,No encontrado
7790895009242,No encontrado
7790895009228,No encontrado
7790639002430,No encontrado
7798113302090,No encontrado
7798113302113,No encontrado
7798065731030,No encontrado
7798113302069,No encontrado
7791913000531,No encontrado
7791913005222,No encontrado
7793759000010,No encontrado
7793759000065,No encontrado
7793759000072,No encontrado
7793759000201,No encontrado
7790895000232,103764
7791913000180,No encontrado
7797257001029,No encontrado
7791913000159,No encontrado
7790895000782,191116
7791913000128,No encontrado
7790895000218,117838
7790895011771,No encontrado
7790154007781,No encontrado
7790895067532,113702
7790895067617,133673
7790895067556,113501
7790895643286,294312
7790895000997,No encontrado
7790895067570,No encontrado
7790895006418,933112
7790895067587,290036
7790895000430,109436
7790639003819,No encontrado
7790639003437,No encontrado
7790895005312,106024
7790895005374,102406
7790895001413,No encontrado
7790639003888,No encontrado
7790895001451,No encontrado
7790639003499,No encontrado
7790639003567,No encontrado
7790895642104,No encontrado
7790895001482,No encontrado
7798113300010,No encontrado
7790895642081,No encontrado
7790895012273,No encontrado
7790895012266,No encontrado
7790895012259,No encontrado
7790895007217,No encontrado
7791813422006,No encontrado
7791813422112,No encontrado
7791813555025,No encontrado
7791813555032,No encontrado
7791813555094,No encontrado
7791813969587,No encontrado
8480017171641,No encontrado
7790895012440,No encontrado
7790895063794,No encontrado
7790895007057,No encontrado
7790895068096,No encontrado
8417181127150,No encontrado
7790895005794,No encontrado
7790895002748,No encontrado
7791813050117,No encontrado
7790895647536,No encontrado
7791813420118,No encontrado
7791813421054,No encontrado
7791813050056,No encontrado
7790895068164,147723
7791913000791,No encontrado
7791813420057,No encontrado
7790895067631,No encontrado
7790895064166,185576
7790895067594,No encontrado
7790895646348,No encontrado
7790895000447,142492
7790895000829,191124
7790895000225,117897
7790895646935,No encontrado
7792758001066,No encontrado
7791813777021,124672
7790895064128,108224
7790895000270,No encontrado
7790639003468,No encontrado
7790895001000,No encontrado
7790895064173,101347
7790639003833,No encontrado
7790895064142,No encontrado
7791813050582,No encontrado
7790639003529,No encontrado
7790895012358,No encontrado
7798113300027,No encontrado
7790895642456,No encontrado
8480017554963,No encontrado
7790895007248,No encontrado
7790895007385,No encontrado
7790895006111,103337
7790895644382,No encontrado
7791813050520,No encontrado
7791813420583,No encontrado
7791813421580,No encontrado
7791813969488,No encontrado
8480017248701,No encontrado
7791813900115,No encontrado
7790895064364,No encontrado
7792758372067,No encontrado
7790895005015,No encontrado
7790895000331,117978
7790639003598,No encontrado
7790639002140,No encontrado
7792758012253,No encontrado
7790639003475,No encontrado
7790895001017,No encontrado
7790895002304,162356
7790895006951,No encontrado
7790895000454,No encontrado
7790895000836,No encontrado
7790895002601,696488
7790639003840,No encontrado
7791813423157,873594
7790639003604,No encontrado
7791813420156,No encontrado
7798113300041,No encontrado
7790895004308,No encontrado
7790895064111,No encontrado
8480017248671,No encontrado
7790639003536,No encontrado
7790895007255,No encontrado
7790895643019,No encontrado
7790895067211,No encontrado
7791813333043,No encontrado
7791813333050,No encontrado
7791813421153,No encontrado
7790895010095,271823
7790895002335,No encontrado
7790895000256,No encontrado
7790895010088,259164
7790895642432,No encontrado
7790895006128,No encontrado
7792758012239,No encontrado
7791913005284,No encontrado
7790895012310,No encontrado
7790895647161,No encontrado
7790895010064,259259
7790639003451,No encontrado
7790895011511,No encontrado
7790639003857,No encontrado
7790895007392,No encontrado
7791813420385,No encontrado
7790895643903,No encontrado
7791813421382,No encontrado
7790639003512,No encontrado
7790639003925,No encontrado
7790639003581,No encontrado
7798113301024,No encontrado
7791813800750,No encontrado
8480017248466,No encontrado
7790895010101,No encontrado
7791813080039,No encontrado
7791813423966,No encontrado
7790895003202,275343
7791913005260,No encontrado
7793759320583,No encontrado
7791813080022,No encontrado
7790895006715,126616
7790895648571,299035
7791813421368,105589
7791813800774,280825
7792758012246,No encontrado
7791813423386,No encontrado
7790639003826,No encontrado
7790639003444,No encontrado
7790895006104,234115
8480017083579,No encontrado
7790639003505,No encontrado
7790639003574,No encontrado
7790639003895,No encontrado
8480017035868,No encontrado
7791813222057,No encontrado
7791913005611,No encontrado
7793759320880,No encontrado
7792170110704,177050
7792170110575,160618
7790895641183,184991
7791913005604,No encontrado
7790895006029,234138
7792170042005,113177
7792170042258,116385
7790895648687,No encontrado
7792170110568,160617
7798119220183,No encontrado
7792170042241,No encontrado
7790895640018,No encontrado
7790895006036,No encontrado
7790895640025,No encontrado
9002490100070,No encontrado
7792170042029,259609
7792170052271,No encontrado
7792170052264,No encontrado
7792170042012,No encontrado
7792170110551,No encontrado
0000090415418,No encontrado
7792170052295,No encontrado
7798119220299,No encontrado
7798140257417,No encontrado
7790895011221,No encontrado
7791813111214,No encontrado
7798140257424,No encontrado
7792170042081,No encontrado
1007084702751,No encontrado
7798119220237,No encontrado
1007084701235,No encontrado
0070847032861,No encontrado
7798140257431,No encontrado
8480017203809,No encontrado
8480017203816,No encontrado
8480017203830,No encontrado
0070847012832,No encontrado
7790895641336,No encontrado
7790895640032,No encontrado
1007084789417,No encontrado
1007084789387,No encontrado
1007084703703,No encontrado
1007084703475,No encontrado
7798119220015,No encontrado
7798119220022,No encontrado
7792170042067,No encontrado
9002490203306,No encontrado
9002490258313,No encontrado
9002490232054,No encontrado
7791813111252,No encontrado
7790895011245,No encontrado
7798008295230,No encontrado
7798008295247,No encontrado
7790895011269,No encontrado
7622201703080,284852
7290113762480,No encontrado
7622201735340,294291
7790580129965,286548
7290113762497,No encontrado
7790036115122,No encontrado
7622201702656,293975
7622201702625,293968
7790365013014,No encontrado
7790365013076,No encontrado
7622201703110,293972
7622201735685,284372
7790365013458,No encontrado
7622201735746,294294
7796435006030,No encontrado
7790895647130,No encontrado
7622201703141,293971
7622201705961,294290
7622201705992,284869
7622201735777,294295
7622201735715,294293
7622201735371,284371
7622201704148,284862
7622201702687,293974
7622201702717,293969
7790580129941,No encontrado
7622201703172,No encontrado
7790580129972,No encontrado
7622201717414,No encontrado
7622201703059,No encontrado
7622201717445,No encontrado
7790580132774,286544
7622201717506,No encontrado
7622201717476,No encontrado
7622201733834,No encontrado
7622201745967,No encontrado
7622201746117,No encontrado
7790580129385,No encontrado
7790580129620,No encontrado
8480017259950,No encontrado
7622201682026,No encontrado
8480017259967,No encontrado
8480017558374,No encontrado
8480017259929,No encontrado
7790580129576,No encontrado
7622201745707,294296
7622201745936,No encontrado
8480017259943,No encontrado
8480017558343,No encontrado
7622201746018,No encontrado
7790580129927,No encontrado
7790580129958,No encontrado
7622201703202,No encontrado
7622201745738,No encontrado
7790580129880,No encontrado
7622210813244,No encontrado
7790580129286,No encontrado
7790580129392,No encontrado
7790580129637,No encontrado
7790580129644,No encontrado
7790895647123,118526
7790895643866,272942
7790580129699,No encontrado
7798290580120,698022
7790580129705,No encontrado
7790580129712,No encontrado
7622201746490,No encontrado
7790895643842,244994
7798290580052,No encontrado
7790154008351,No encontrado
7790895643835,272940
7798290580083,No encontrado
7790895641800,232908
7798290581691,No encontrado
7790154008375,No encontrado
7790895646560,111627
7790895000737,171163
7790895000720,No encontrado
7798290580090,698021
7798290580113,No encontrado
7790895641596,No encontrado
7790154008283,No encontrado
7790154008290,No encontrado
7798259430138,No encontrado
7790154008368,No encontrado
7790154008306,No encontrado
7790036000572,No encontrado
7790895009846,265615
7790895009815,264088
7790036000565,No encontrado
7793360106064,No encontrado
7790036000619,No encontrado
7798085681490,No encontrado
7798259439506,296349
7798259439087,No encontrado
7798085681452,No encontrado
7798290580151,No encontrado
7798324540038,286337
7798085681469,No encontrado
7790895641534,232911
7790895647017,No encontrado
7790895643743,No encontrado
7790895643767,No encontrado
7790895643750,No encontrado
7793360106095,No encontrado
7790895648441,No encontrado
7790895648427,No encontrado
7790895643729,No encontrado
7798259430084,No encontrado
7790895641794,No encontrado
7790154008344,No encontrado
7798085681568,No encontrado
7798085681216,No encontrado
7790895648267,No encontrado
7790154008344,No encontrado
7798259430084,No encontrado
7798161722277,No encontrado
7798085681568,No encontrado
7790895643729,No encontrado
8480017222800,No encontrado
7790036000343,No encontrado
7790036000367,No encontrado
7790580005405,No encontrado
7790580105389,No encontrado
7790895065217,No encontrado
7790895641541,No encontrado
7790895647024,No encontrado
7793360106101,No encontrado
7793360246609,No encontrado
7793360296000,No encontrado
7794000791886,No encontrado
7794000791916,No encontrado
7794000792487,No encontrado
7794000792494,No encontrado
7794000792562,No encontrado
7798161722253,287617
7794000792579,No encontrado
7794000792586,No encontrado
7798085681445,No encontrado
7798085681513,No encontrado
7798085681537,No encontrado
7798085681575,No encontrado
7798161722260,No encontrado
7798349430048,No encontrado
8480017002815,No encontrado
8480017006912,No encontrado
8480017192578,No encontrado
8480017192820,No encontrado
8480017192844,No encontrado
7790036000329,No encontrado
7790895641749,No encontrado
7793277000400,No encontrado
7793277000196,No encontrado
7790895641732,No encontrado
7798161722154,No encontrado
7793360294600,No encontrado
7790036000336,No encontrado
7790895642470,No encontrado
7793817001003,No encontrado
7790895642029,No encontrado
7790036000466,No encontrado
7790154008313,No encontrado
7790895643491,No encontrado
7798161722802,No encontrado
7798161722833,No encontrado
7798259439094,No encontrado
7798259439100,No encontrado
7798259439209,No encontrado
7798259439223,No encontrado
7798259439308,No encontrado
7790895009853,No encontrado
7790365012963,No encontrado
7790365012956,No encontrado
7790365012949,No encontrado
7793360106040,No encontrado
7790036002576,No encontrado
7790036002545,No encontrado
7790036000602,No encontrado
7793360475108,No encontrado
7790036000596,No encontrado
7798290581721,No encontrado
7798290581745,No encontrado
7798290581783,No encontrado
7798290581806,No encontrado
7798290581837,No encontrado
7790036000589,No encontrado
7796435005859,No encontrado
7798324540052,295359
7796435005996,No encontrado
7796435006047,No encontrado
7798083731647,No encontrado
7798324540069,295360
7791913000968,No encontrado
7791913000210,No encontrado
7791913000951,No encontrado
7798324540076,295358
7798324540083,295357
7790895643828,No encontrado
7790895643507,No encontrado
7798085681599,No encontrado
7798085681605,No encontrado
7798085681612,No encontrado
7798085681636,No encontrado
7798085681650,No encontrado
7791913000753,296617
8480017783035,No encontrado
7798060140059,No encontrado
7798060140509,No encontrado
7798065734314,No encontrado
8480017275301,No encontrado
7798060850095,713685
7790742141101,707566
7790742141309,707479
8480017285638,No encontrado
7790742141606,708264
7790742141705,708265
7791913000333,No encontrado
7793759320552,No encontrado
7793759320620,No encontrado
7790742014122,714486
7798105589577,No encontrado
7798060850101,713687
7790742141903,708938
7790742011701,707609
7798113301529,No encontrado
7793913013436,713456
7790742142009,714485
7501059240605,191287
7790398000265,150203
7793913013443,713458
7798338291070,No encontrado
7794820902967,710617
7790787030132,230939
7790398000272,157224
7790787949083,710277
7798338291087,No encontrado
7793913000337,186918
7798338291063,No encontrado
8480017276940,No encontrado
7798060852723,No encontrado
8480017186621,No encontrado
7791337007253,713666
8445290490889,No encontrado
7794820902974,No encontrado
7790080033199,No encontrado
7798338291094,No encontrado
7791337007260,713665
7791337008410,714795
7791337008403,714796
7798270241164,No encontrado
7790787030125,No encontrado
7790616045252,No encontrado
7790787002672,258302
7790787172566,770540
7798338291049,No encontrado
8445290900654,309661
7790742333605,708520
7798338291056,No encontrado
7798158708802,No encontrado
7798290581936,No encontrado
7798290581943,No encontrado
7790742352002,712096
7790742363107,714117
7790742335401,708861
7790742358608,710007
8445290883858,No encontrado
7790742363206,714118
8480017016652,No encontrado
7793913012996,No encontrado
7798338290035,No encontrado
7790742335609,No encontrado
7798338290271,No encontrado
7790742358509,No encontrado
7790742192103,No encontrado
7790742348005,No encontrado
7790742335807,No encontrado
7794820903117,714705
7790742335302,No encontrado
7798338290301,No encontrado
7790742358400,No encontrado
7790742192202,No encontrado
8480017286314,No encontrado
8480017005045,No encontrado
8480017277848,No encontrado
8480017286291,No encontrado
8480017286307,No encontrado
7798024393668,No encontrado
7798338290479,713113
7790742335906,No encontrado
7799120001037,No encontrado
7790742363008,713868
7798012820312,No encontrado
7798270244042,No encontrado
7793913001822,230420
7790787002535,No encontrado
7790742192301,712697
7794820903100,714703
7791058000816,No encontrado
7790787002528,770523
7790742335500,No encontrado
7791620187778,714667
7790398100088,163613
7790742348302,No encontrado
7790742348203,No encontrado
7791620187822,714661
7791058000731,No encontrado
8480017006080,No encontrado
7793940052002,102956
7798024394085,No encontrado
7793940305009,No encontrado
7798060850026,707649
7790742357205,No encontrado
7798060850019,713237
7791620187761,714665
7791620187808,714660
7791620187839,714662
7790398100071,135722
7791620187754,714668
7794990879557,163614
7790787960668,715133
7791620187815,714663
7793940054006,No encontrado
7798085370080,No encontrado
7798060852044,716814
8904150128107,No encontrado
7798060853041,714882
7790742345707,No encontrado
7798060852747,No encontrado
8480017092557,No encontrado
7794480000454,No encontrado
7798060852037,No encontrado
8904150126264,No encontrado
7798344910279,706550
7798344910286,706551
7798085370073,No encontrado
7790616000725,No encontrado
7798085370127,No encontrado
7798085370752,No encontrado
7798153715218,No encontrado
7791337008458,714793
7791337008106,714785
7791337008472,714823
7793913013450,713470
7798153715225,No encontrado
7798312320284,No encontrado
7791337008113,714766
7793913013474,713471
7793913013467,713472
7790787087204,704310
7790080010879,No encontrado
7790080010862,No encontrado
7794480000461,No encontrado
7790787087181,700930
7793913000504,No encontrado
7791337008434,No encontrado
7791058000960,No encontrado
7791337008441,No encontrado
8480017297938,No encontrado
8480017297945,No encontrado
7798001562261,717496
7791058002445,No encontrado
7791337008076,714676
7791058000977,No encontrado
7798114470057,717565
7791337008175,714706
7791337008199,No encontrado
7790787087174,700929
7791337008090,No encontrado
7793913001662,196639
7790787087198,No encontrado
7790787087334,No encontrado
7790787087341,No encontrado
7791337008083,No encontrado
7798111062156,No encontrado
7798111062149,No encontrado
7798111062163,No encontrado
7798111062170,No encontrado
7798111062187,No encontrado
7798111062194,No encontrado
7798114470231,717573
7790742324009,713604
7798060853003,713677
7794990879656,163617
7798060852990,713681
7798060852945,713151
7798111062279,No encontrado
7798111062286,No encontrado
7790742324108,713605
7798111062378,No encontrado
7790742373205,710152
7790787087167,No encontrado
7794990878925,704929
7790742373304,710153
7798270244332,No encontrado
7798335284020,No encontrado
7790742373809,710232
7790742373908,710233
7791337061361,714609
7791337061422,714580
7791337061385,714579
7791337061439,714587
7794990878932,704930
7790742321701,710144
7790742321800,710145
7794990878871,No encontrado
7791564012488,725625
7798060853034,713682
7791564012501,725641
7791564012495,725633
7794820903063,714843
7791564013355,785814
7794990879663,163618
7798060852822,712810
7793913013627,713824
7798060853010,713683
7794990878888,704927
7790244941605,715022
7793913013610,713823
7793913013719,714115
7793913013726,714116
7798060853119,No encontrado
7794990879717,No encontrado
7794990000012,157229
7794990880201,No encontrado
7790244941582,715021
7794990879823,190574
7790244941599,No encontrado
7793913013634,713825
7793913013412,714599
7793913013658,No encontrado
7794820014967,No encontrado
7793913001013,155315
7794820014981,No encontrado
7793913013207,710684
8480017233387,No encontrado
7794820000182,No encontrado
8480017233615,No encontrado
7793913013405,No encontrado
8480017301277,No encontrado
7790244941612,No encontrado
8480017062574,No encontrado
8480017104328,No encontrado
8480017121110,No encontrado
7794990880522,No encontrado
7794990880683,No encontrado
7798060852556,No encontrado
7794820015056,No encontrado
7791564136580,No encontrado
7798060853072,714840
7791564136573,No encontrado
7793913013641,713826
7791564136566,No encontrado
7798060853096,714841
7791564136559,No encontrado
7794990879526,122054
7798060853027,No encontrado
7794990000043,No encontrado
7793913013214,710683
7791337008229,714583
7794820903056,714647
7791564012525,No encontrado
7791337008243,714582
7794990878918,No encontrado
7791337007185,714164
7794820902899,714370
7791337007192,714355
7794820902714,713653
7794820902707,713652
7794820015001,No encontrado
7794820902264,710943
7896359015139,No encontrado
7794820902257,711221
7793913013597,713463
7793913013603,713462
7794820015018,No encontrado
7793913013573,713461
7790742665010,714912
7794820903049,No encontrado
7794820902905,714371
7790742665027,714913
7793913013580,713460
7790787960552,714686
7791337008267,714586
7793913013375,715137
7794820902240,711220
7793913013368,No encontrado
7793798000255,No encontrado
7794396046782,No encontrado
7793798000248,No encontrado
7793798000231,No encontrado
7791337008342,No encontrado
7791337008052,No encontrado
7790787960569,No encontrado
7790787960538,No encontrado
7790787960521,No encontrado
7790787960514,No encontrado
7798111062125,No encontrado
7798125300817,No encontrado
7798136870255,No encontrado
7798136870309,No encontrado
7798321151046,No encontrado
7798136870613,No encontrado
7798335282378,No encontrado
7793913013757,No encontrado
7798335282361,No encontrado
7798136870675,No encontrado
7798136870620,No encontrado
7793913013771,No encontrado
7798136870682,No encontrado
7793913013696,No encontrado
7791337007666,No encontrado
7791058004159,No encontrado
7794820902844,No encontrado
7794820902837,No encontrado
7793913013788,No encontrado
7790787960477,No encontrado
7793913013252,No encontrado
7791058004166,No encontrado
7794820902158,No encontrado
7793913013795,No encontrado
7793913013764,No encontrado
7790787960347,No encontrado
7790787960330,No encontrado
7794820902165,No encontrado
7790787110551,No encontrado
7798335282354,No encontrado
7791337007383,No encontrado
7798001560816,No encontrado
7790787960484,No encontrado
7790787960354,No encontrado
7791337007390,No encontrado
7793913013702,No encontrado
7794820902820,No encontrado
7798335282248,No encontrado
7791337007789,No encontrado
7791337007864,No encontrado
7794820902813,No encontrado
7798136870705,No encontrado
7798111062361,No encontrado
7790787035007,No encontrado
7798136870644,No encontrado
7791337007246,No encontrado
7791337007628,No encontrado
7791337007611,No encontrado
7793913013535,No encontrado
7791337008236,No encontrado
7793913013528,No encontrado
7793913013566,No encontrado
7793913013238,No encontrado
7791337008212,No encontrado
7794820902790,No encontrado
7794820902721,No encontrado
7798136870545,No encontrado
7791337007345,No encontrado
7798136870606,No encontrado
7793913013559,No encontrado
7794820902806,No encontrado
7791337007604,No encontrado
7791337007178,No encontrado
7791337007161,No encontrado
7791058790359,No encontrado
7791337007598,No encontrado
7793913013689,No encontrado
7791058790342,No encontrado
7791337007208,No encontrado
8480017300645,No encontrado
7793913013245,No encontrado
8480017300515,No encontrado
8480017300621,No encontrado
8480017300638,No encontrado
7790787960453,No encontrado
7790787960378,No encontrado
7790787004461,No encontrado
7798001560632,No encontrado
7793913013542,No encontrado
7790787960446,No encontrado
7791337007772,No encontrado
7790787960361,No encontrado
7790787110513,No encontrado
7798111062255,No encontrado
7790787110520,No encontrado
7798136870569,No encontrado
7798111062231,No encontrado
7798136870552,No encontrado
7798335282064,No encontrado
7790787004478,No encontrado
7798136870583,No encontrado
7798335284013,No encontrado
7798335284037,No encontrado
7793913013122,No encontrado
7791337007574,No encontrado
7798335282071,No encontrado
7791337007437,No encontrado
7791337007352,No encontrado
7793913002423,No encontrado
7798335282330,No encontrado
7798335282347,No encontrado
7798018851341,No encontrado
7790813957280,No encontrado
7798018851211,No encontrado
7790813444469,No encontrado
7790813150131,No encontrado
7793591040144,No encontrado
8480017080943,No encontrado
7790813110401,No encontrado
7798018850184,No encontrado
7790813900989,No encontrado
7790115000028,No encontrado
7790115000011,No encontrado
7790115000035,No encontrado
7798001880464,No encontrado
7794573000026,No encontrado
7798018850566,No encontrado
7794573000019,No encontrado
7795145000116,No encontrado
8480017242211,No encontrado
7798001880488,No encontrado
7798135420048,No encontrado
8004690087633,No encontrado
7795293104100,No encontrado
8480017631336,No encontrado
8480017558169,No encontrado
8480017242075,No encontrado
7798024399820,No encontrado
7791664001283,No encontrado
8480017242068,No encontrado
7798135420062,No encontrado
7798270246657,No encontrado
7790236001768,No encontrado
7791664000668,No encontrado
7795711000076,No encontrado
7791664001337,No encontrado
7795711000885,No encontrado
7791664000224,No encontrado
7795711000069,No encontrado
8480017242150,No encontrado
7795711000168,No encontrado
8480017020390,No encontrado
8480017286468,No encontrado
8480017286420,No encontrado
8480017242198,No encontrado
8480017286437,No encontrado
8480017242167,No encontrado
7794055001640,No encontrado
8480017242181,No encontrado
7794055001657,No encontrado
8480017286444,No encontrado
8480017066626,No encontrado
7794055001879,No encontrado
8480017147523,No encontrado
7790522002509,No encontrado
7791664000316,No encontrado
8480017242174,No encontrado
8480017147516,No encontrado
8480017148537,No encontrado
8480017148520,No encontrado
8480017118158,No encontrado
7790522002882,No encontrado
8480017242099,No encontrado
7795711005279,No encontrado
7790522118033,No encontrado
7794055000285,No encontrado
7790522002875,No encontrado
7791664001269,No encontrado
7798024399806,No encontrado
7794055000933,No encontrado
7798024399783,No encontrado
7795711000038,No encontrado
7791664000873,No encontrado
7798024399790,No encontrado
7791664001252,No encontrado
7794055000278,No encontrado
7795711000151,No encontrado
7794055000964,No encontrado
7794055000407,No encontrado
7791664001016,No encontrado
7791664000477,No encontrado
7794055001664,No encontrado
7795293000174,No encontrado
7795293106210,No encontrado
7795293106111,No encontrado
7795711000045,No encontrado
7795711001189,No encontrado
7795711003862,No encontrado
7795711000397,No encontrado
7795711003619,No encontrado
7798135420017,No encontrado
7798135420024,No encontrado
7791869000067,No encontrado
7790606085343,No encontrado
7798135420031,No encontrado
7790236018353,No encontrado
7790236018346,No encontrado
7791664000071,No encontrado
7790522000048,No encontrado
7791664000330,No encontrado
7791664001313,No encontrado
7791869000609,No encontrado
8480017046826,No encontrado
7792052180047,No encontrado
7791869030484,No encontrado
7791869030828,No encontrado
8480017241979,No encontrado
8480017085047,No encontrado
8480017242013,No encontrado
8480017084859,No encontrado
8480017073914,No encontrado
8480017560766,No encontrado
7794055000216,No encontrado
7790606085336,No encontrado
7798105510342,No encontrado
7798105510687,No encontrado
7798135420079,No encontrado
7798135420086,No encontrado
7798105510137,No encontrado
7798105510144,No encontrado
8480017562210,No encontrado
7790606000254,No encontrado
7799044004275,No encontrado
7795293101116,No encontrado
7790079022128,No encontrado
7798270245087,No encontrado
7790079022104,No encontrado
7798153713528,No encontrado
7798270245049,No encontrado
7790079022111,No encontrado
7798270245056,No encontrado
7798270243298,No encontrado
7798105510120,No encontrado
7798105510083,No encontrado
7790606085428,No encontrado
8480017241993,No encontrado
7791664001320,No encontrado
8480017084774,No encontrado
7795711000120,No encontrado
7790522012188,No encontrado
7795293101123,No encontrado
8480017009920,No encontrado
8480017170880,No encontrado
8480017241986,No encontrado
7790522000062,No encontrado
8480017215130,No encontrado
7790606085411,No encontrado
7795293101314,No encontrado
7795711000113,No encontrado
7790079022135,No encontrado
7794055000230,No encontrado
7791869000029,No encontrado
7791869000784,No encontrado
7798270245094,No encontrado
7798270245070,No encontrado
7790079021374,No encontrado
7798270245063,No encontrado
7798105510168,No encontrado
7794297012183,No encontrado
7798135420123,No encontrado
7794297012039,No encontrado
7794297012138,No encontrado
7794297012015,No encontrado
7793762098202,No encontrado
7793762098219,No encontrado
7794297012244,No encontrado
7797232006117,No encontrado
7794321003743,No encontrado
7791231001159,No encontrado
7794440994663,No encontrado
7797232006124,No encontrado
7798081191764,No encontrado
7791231959009,No encontrado
7793762098127,No encontrado
7790773003010,No encontrado
7792459000146,No encontrado
7790900002558,No encontrado
7790560002165,No encontrado
7794321882010,No encontrado
7790773003300,No encontrado
7790900002657,No encontrado
7796717000015,No encontrado
7796753000215,No encontrado
7796753000314,No encontrado
7896001035010,No encontrado
0051131651418,No encontrado
7794440007035,No encontrado
0051131651425,No encontrado
0051141347011,No encontrado
7792459007282,No encontrado
7794440017133,No encontrado
7896001000407,No encontrado
7794440007042,No encontrado
7792459002140,No encontrado
7792459002249,No encontrado
7798059389162,No encontrado
7798059389155,No encontrado
7798059381104,No encontrado
7806810007702,No encontrado
7792459000382,No encontrado
8480017276254,No encontrado
8480017276247,No encontrado
0754697468987,No encontrado
8480017276230,No encontrado
0656750725580,No encontrado
7896001000834,No encontrado
7793416000025,No encontrado
7792459007169,No encontrado
7792459017304,No encontrado
0656750749289,No encontrado
7793416000032,No encontrado
7793416001114,No encontrado
7793416026117,No encontrado
7793416026186,No encontrado
7794440070022,No encontrado
7793416007017,No encontrado
7799044003216,No encontrado
7799044003223,No encontrado
7799044003247,No encontrado
7799044003230,No encontrado
7896001001671,No encontrado
7794321058255,No encontrado
7790560001762,No encontrado
7794440007059,No encontrado
7790345708107,No encontrado
7790345196003,No encontrado
7790345111303,No encontrado
7896001002050,No encontrado
7798071000502,No encontrado
7790345109003,No encontrado
7790345111006,No encontrado
7798105581502,No encontrado
7798153715096,No encontrado
7896001016354,No encontrado
0754697468925,No encontrado
7798154470307,No encontrado
7792459007275,No encontrado
7792459002225,No encontrado
7792459002188,No encontrado
0754697468918,No encontrado
7792459001778,No encontrado
0656750749296,No encontrado
7792459201161,No encontrado
7790345108006,No encontrado
7893576805017,No encontrado
7790345107207,No encontrado
7790345104206,No encontrado
7896001001008,No encontrado
7793253092276,No encontrado
7794440994212,No encontrado
7794440994205,No encontrado
7793416009264,No encontrado
7794440994199,No encontrado
7794440000098,No encontrado
7794440003341,No encontrado
7794440000210,No encontrado
7793253038526,No encontrado
7792459161021,No encontrado
7891040221059,No encontrado
7794440045921,No encontrado
7793253038106,No encontrado
7793253386160,No encontrado
7792459161007,No encontrado
7794440002399,No encontrado
7891040003167,No encontrado
7794440045938,No encontrado
7794440045914,No encontrado
7794440003440,No encontrado
7793253000349,No encontrado
7891040142712,No encontrado
8480017405074,No encontrado
8004200128702,No encontrado
7792459456134,No encontrado
7793253209537,No encontrado
7793253000363,No encontrado
7793253000370,No encontrado
7793253385712,No encontrado
7794440000104,No encontrado
7794321006546,No encontrado
7794440002238,No encontrado
7794440003303,No encontrado
7794440003310,No encontrado
7794440994229,No encontrado
7891040113491,No encontrado
7798059384518,No encontrado
7798059384815,No encontrado
7896001000544,No encontrado
7896001004566,No encontrado
7896001004528,No encontrado
7896001000568,No encontrado
7896001000551,No encontrado
7896001004511,No encontrado
8480017328984,No encontrado
8004200128900,No encontrado
8004200128801,No encontrado
7896001004870,No encontrado
8480017328991,No encontrado
7798059384631,No encontrado
7798008381513,No encontrado
7896001000582,No encontrado
7891040001316,No encontrado
7896001000575,No encontrado
7792459456127,No encontrado
0754697468819,No encontrado
0754697468826,No encontrado
0754697468833,No encontrado
7794321006539,No encontrado
7792459161052,No encontrado
7792459164015,No encontrado
7798270240839,No encontrado
7798270240846,No encontrado
7798270240822,No encontrado
4023103094383,No encontrado
7896001004504,No encontrado
7891040028931,No encontrado
7790560001113,No encontrado
7794440051670,No encontrado
8410435841024,No encontrado
7794440051694,No encontrado
7794440051687,No encontrado
7793253002633,No encontrado
7792459161069,No encontrado
7794440003372,No encontrado
7798008381506,No encontrado
7794440045426,No encontrado
7794440045433,No encontrado
7793253002626,No encontrado
7798008381537,No encontrado
7798008381520,No encontrado
7896001001107,No encontrado
7792459161038,No encontrado
7792459165036,No encontrado
7798123135497,No encontrado
7798270240815,No encontrado
7790528001124,No encontrado
7798123136845,No encontrado
7793253000523,No encontrado
7793253000509,No encontrado
8480017328892,No encontrado
7794440005109,No encontrado
8480017237088,No encontrado
8480017285713,No encontrado
7791053460004,No encontrado
8480017328922,No encontrado
8480017328939,No encontrado
7794440005345,No encontrado
7791053170002,No encontrado
7794440005116,No encontrado
7790528003029,No encontrado
7791053001153,No encontrado
7798158709953,No encontrado
7798136921698,No encontrado
7790117001481,No encontrado
7790528003203,No encontrado
7794440005352,No encontrado
8480017237071,No encontrado
7798024450163,No encontrado
7790927813281,No encontrado
7798024450606,No encontrado
7790927813083,No encontrado
7798024450378,No encontrado
7790528003098,No encontrado
7791053001016,No encontrado
7790927813243,No encontrado
7791053610003,No encontrado
7791053001184,No encontrado
7791053017574,No encontrado
7790528003180,No encontrado
7791290647176,No encontrado
7798158702510,No encontrado
7791290792951,No encontrado
7798158702527,No encontrado
7798158702534,No encontrado
7798158702541,No encontrado
7798158702572,No encontrado
7798158702558,No encontrado
7798158702565,No encontrado
7798158702589,No encontrado
0681131544016,No encontrado
0681131544009,No encontrado
7798123139549,No encontrado
7790528001070,No encontrado
7790560000802,No encontrado
7790560003803,No encontrado
7792489425117,No encontrado
7790927812932,No encontrado
7790927812901,No encontrado
7794440000203,No encontrado
7793253000516,No encontrado
7798008381544,No encontrado
7798105582592,No encontrado
7798024450118,No encontrado
7798105582608,No encontrado
7798105582615,No encontrado
7798105582622,No encontrado
7798105582639,No encontrado
7798105582646,No encontrado
7798105582684,No encontrado
7798105582653,No encontrado
0681131543996,No encontrado
7798105582677,No encontrado
7798105582691,No encontrado
7798153716246,No encontrado
7798153717052,No encontrado
7798270246497,No encontrado
7798153716253,No encontrado
7798270246503,No encontrado
7798270246770,No encontrado
7798270246787,No encontrado
7798270246763,No encontrado
7798270246794,No encontrado
7798270246800,No encontrado
7798270246862,No encontrado
7799044002981,No encontrado
7798012210977,No encontrado
7896001050051,No encontrado
7792459000634,No encontrado
7792459013115,No encontrado
7794440007189,No encontrado
7896001012516,No encontrado
7792459000337,No encontrado
7793416020061,No encontrado
7896001001138,No encontrado
7799044003315,No encontrado
7793416000193,No encontrado
7793416003187,No encontrado
7793416000155,No encontrado
7799044003285,No encontrado
7793416020405,No encontrado
7799044003292,No encontrado
7896001001268,No encontrado
7799044003308,No encontrado
7793416020344,No encontrado
7793416020436,No encontrado
7790925001031,No encontrado
7794440007318,No encontrado
7790925000065,No encontrado
7790345176005,No encontrado
7798153717069,No encontrado
7790560001946,No encontrado
7792459004106,No encontrado
7798105581526,No encontrado
7792459013160,No encontrado
7790925001048,No encontrado
7793416000186,No encontrado
7798153717083,No encontrado
7790925008887,No encontrado
7798184581677,No encontrado
7790900017460,No encontrado
0754697468864,No encontrado
7798184581653,No encontrado
7798184586139,No encontrado
7793253004231,No encontrado
7790520996015,No encontrado
7790520998262,No encontrado
7793253004248,No encontrado
7790520995971,No encontrado
7790520995988,No encontrado
7790520996053,No encontrado
7790520996169,No encontrado
7790520996237,No encontrado
7793253004262,No encontrado
7790520998187,No encontrado
7790520996077,No encontrado
7790520996152,No encontrado
7790520996138,No encontrado
7790520995964,No encontrado
7793253004316,No encontrado
7793253004309,No encontrado
7790520998194,No encontrado
7790520998279,No encontrado
7790520017956,No encontrado
7793253004323,No encontrado
7793253004279,No encontrado
7790520019820,No encontrado
7790520998286,No encontrado
7790520996008,No encontrado
7790520997708,No encontrado
7790520998200,No encontrado
7790520995995,No encontrado
7790520019868,No encontrado
7793253004293,No encontrado
7790520996022,No encontrado
7793253004255,No encontrado
7793253002299,No encontrado
7790520999535,No encontrado
7790520990884,No encontrado
7501032920142,No encontrado
7790520999528,No encontrado
7790520011565,No encontrado
7793253001575,No encontrado
7793253041571,No encontrado
7793253170639,No encontrado
7790520998255,No encontrado
7790520999498,No encontrado
7790520996220,No encontrado
7790520011725,No encontrado
7790520019851,No encontrado
7790520996145,No encontrado
7790520996145,No encontrado
7501032920142,No encontrado
7799044030045,No encontrado
7798273210037,No encontrado
7501032920173,No encontrado
7790520986856,No encontrado
7790520018076,No encontrado
7790520011626,No encontrado
7790520995162,No encontrado
7790520019851,No encontrado
7790520996039,No encontrado
7790520019103,No encontrado
7793253001568,No encontrado
7793253001568,No encontrado
7793253001551,No encontrado
7791130065825,No encontrado
7790520999573,No encontrado
7790520019127,No encontrado
7790520999511,No encontrado
7798184680226,No encontrado
7798184680189,No encontrado
7798184680288,No encontrado
7798184680462,No encontrado
7793253411800,No encontrado
7798184680622,No encontrado
7798184680387,No encontrado
7798184680684,No encontrado
7798184680110,No encontrado
7798184680912,No encontrado
7798184681032,No encontrado
7799044029933,No encontrado
7798273212321,No encontrado
7798273210211,No encontrado
7799044029957,No encontrado
7799044029940,No encontrado
7798273212185,No encontrado
7798273212178,No encontrado
7798273210822,No encontrado
7798273212352,No encontrado
7798184682091,No encontrado
7796399000921,No encontrado
7799044030021,No encontrado
7501058766557,No encontrado
7796399590613,No encontrado
0400019459149,No encontrado
7798112169465,No encontrado
7501058766540,No encontrado
7796399000907,No encontrado
7798112160349,No encontrado
7798112164354,No encontrado
7798112160493,No encontrado
7798279510063,No encontrado
7793253041588,No encontrado
7793253170622,No encontrado
7798139049849,No encontrado
7798180811839,No encontrado
7798180810191,No encontrado
7798180813659,No encontrado
7798139040549,No encontrado
7798139049863,No encontrado
7798180814366,No encontrado
7798180813642,No encontrado
7798180813635,No encontrado
7798180810252,No encontrado
7798279510124,No encontrado
7798273210488,No encontrado
0400019457183,No encontrado
0037000962564,No encontrado
0037000811145,No encontrado
7798273211379,No encontrado
7798279510162,No encontrado
7798332210176,No encontrado
7798332216116,No encontrado
0037000811138,No encontrado
7798239338829,No encontrado
7798239339628,No encontrado
7798239339604,No encontrado
7798239332742,No encontrado
7798279510032,No encontrado
7798239332872,No encontrado
7798239339635,No encontrado
7798239332858,No encontrado
7798239332520,No encontrado
7798239332766,No encontrado
7791905004134,No encontrado
7791905004127,No encontrado
7791905023180,No encontrado
7791905004141,No encontrado
7791130002165,No encontrado
7790911005050,No encontrado
7793253001520,No encontrado
7798239339642,No encontrado
7791905023197,No encontrado
7791905024781,No encontrado
0400019459071,No encontrado
7790911005029,No encontrado
7790911004893,No encontrado
7793253001605,No encontrado
7790911004763,No encontrado
7790911004817,No encontrado
7790911004718,No encontrado
7790911004091,No encontrado
7790911004770,No encontrado
7790911004046,No encontrado
7793253005054,286297
7790520995285,250819
7793253005238,287314
7790911003261,No encontrado
7790911003247,No encontrado
7790911003223,No encontrado
7790520999559,No encontrado
7793253005061,No encontrado
7790520995315,No encontrado
7790520996978,No encontrado
7790520995292,No encontrado
7790520996961,299483
7790520995308,250822
7790520996947,No encontrado
7793253005337,No encontrado
7790520996930,No encontrado
7790520007223,No encontrado
7793253005221,No encontrado
7793253005078,No encontrado
7790520989949,No encontrado
7790520989932,286332
7790520995322,No encontrado
7792023921501,No encontrado
7792389000056,No encontrado
7791130963343,309221
7793253004729,284922
7790520997654,293967
7790520025777,308967
7790520995179,No encontrado
7798184581080,No encontrado
7791130963350,No encontrado
7790520986160,104898
7793253004699,No encontrado
7791130962186,No encontrado
7793253004743,No encontrado
7793253005726,No encontrado
0033200000204,No encontrado
7790520025746,308970
7790520999436,No encontrado
8480017419538,No encontrado
7790520010155,No encontrado
7792389000568,No encontrado
7792961022018,No encontrado
7792389080171,No encontrado
7792961001068,No encontrado
7790791041155,No encontrado
7793253003333,No encontrado
0000077901026,No encontrado
7790520025869,299484
7790791000299,No encontrado
7790520997623,291723
7790791041131,No encontrado
0000077901019,No encontrado
7792023920467,No encontrado
7792023920917,No encontrado
7792023921754,No encontrado
7790520508607,165285
7790520995360,282587
7790520025753,No encontrado
7793253005153,No encontrado
7790520995377,No encontrado
7790520009746,233481
7793253005146,No encontrado
7790520997678,No encontrado
7793253005122,No encontrado
7790520994356,No encontrado
7790520025845,308966
8480017775436,No encontrado
7790520997432,287596
8480017419545,No encontrado
8480017079701,No encontrado
7790520999429,No encontrado
8480017191335,No encontrado
7790520025838,No encontrado
7790520004376,No encontrado
7790520025715,291087
7790520009494,233487
7790520025722,308969
7790520028662,No encontrado
7790000695803,No encontrado
7790520025395,292530
7790791000459,No encontrado
7790520998958,294019
7792389081277,No encontrado
7790520998934,No encontrado
7790520025814,No encontrado
7790520161055,No encontrado
7790520998965,No encontrado
7793094000454,No encontrado
7794207083890,No encontrado
7794207083906,No encontrado
7790047000196,No encontrado
7798008967632,No encontrado
7790520997470,No encontrado
7791274200274,315336
7793253003807,286412
7790839000014,No encontrado
7790839000533,No encontrado
7793253003869,286442
7790839980750,No encontrado
7790839980767,No encontrado
7798184581059,266598
7793253003791,No encontrado
7793253003838,No encontrado
7793253003814,No encontrado
7790132098459,139874
7793253002589,266621
7793253003821,No encontrado
7793253003715,282762
8480017163226,No encontrado
7793253003722,282764
7793253003876,No encontrado
7793253003753,282765
7798131250380,299266
7793253005856,No encontrado
7793253005863,No encontrado
7798270245445,No encontrado
7793253003234,279930
7793253003746,282763
7791905023203,311857
7793253003784,No encontrado
7793253003777,No encontrado
7793253003739,No encontrado
7798131250397,No encontrado
7791905023210,311858
7791905003663,311862
7798238110204,No encontrado
8480017252869,No encontrado
7793253003760,No encontrado
8480017253057,No encontrado
8480017253064,No encontrado
7798238110211,No encontrado
7791905000037,437312
8480017240699,No encontrado
7798131250502,299268
7791905023227,No encontrado
6001298008123,205240
7798238110228,No encontrado
7790117000231,176508
7798238110235,No encontrado
7798238110242,No encontrado
7790117000200,176478
7791905000020,No encontrado
7790117061843,284321
7791905000372,No encontrado
7790117061836,284341
7798270247142,No encontrado
7798270247159,No encontrado
7790117061850,284322
7794321801172,275851
7794321550209,256888
7790520989956,No encontrado
7790117061881,No encontrado
7794321550216,256890
7790117000033,104574
7790117061294,No encontrado
7790117061270,No encontrado
7790520989963,No encontrado
7790117000347,No encontrado
8480017072634,No encontrado
7790117002594,No encontrado
7790117061300,278501
8480017558701,No encontrado
7799044001311,No encontrado
7501032990053,No encontrado
7790117000958,No encontrado
7790117000965,No encontrado
7792459405026,No encontrado
7792459425024,No encontrado
7792459446111,No encontrado
7798024392623,No encontrado
7798024392630,No encontrado
7798024397321,No encontrado
7798102570509,No encontrado
7798102572398,No encontrado
7798102572404,No encontrado
7798102572411,No encontrado
7798102572886,No encontrado
7799044001304,No encontrado
0025700712008,No encontrado
7799044001328,No encontrado
7799044002066,No encontrado
7799044002073,No encontrado
7799044002080,No encontrado
7790117061829,281259
7799044003155,No encontrado
7798105581403,No encontrado
7798153714709,No encontrado
7798153714716,No encontrado
7798160469098,No encontrado
0736373854437,No encontrado
7806810240444,No encontrado
7790117061546,No encontrado
7790117061515,No encontrado
7790117002679,No encontrado
7790117002587,No encontrado
7790117000590,No encontrado
7794321001770,256892
7790117000583,No encontrado
7790117000576,No encontrado
7790520991430,No encontrado
7794321801196,275853
0736373854451,No encontrado
7798102578413,No encontrado
7798105581380,No encontrado
7791290794108,289629
7791290794054,289628
7791290794115,289632
7791290794061,289631
7791290794078,316435
7501032908720,No encontrado
0790757845664,No encontrado
7791290794276,296508
0736373854796,No encontrado
7791130002431,262815
7798105581397,No encontrado
7798131250533,284498
7805000321970,292185
7791290794085,No encontrado
7791290794092,No encontrado
7791290794122,No encontrado
7805010002258,No encontrado
7791290794269,No encontrado
7798184581622,No encontrado
7798131250472,279988
7798131250540,No encontrado
7798131250526,No encontrado
7790990999868,284425
7798184586177,No encontrado
8000580203329,No encontrado
8480017328281,No encontrado
8480017328298,No encontrado
7791130963312,322437
7798184581646,No encontrado
7891035024368,266720
7798184581639,No encontrado
7798124362182,No encontrado
8480017702821,No encontrado
8480017069986,No encontrado
3059946160139,No encontrado
7798131250458,No encontrado
7805010002265,No encontrado
7792389081208,No encontrado
7792389081185,No encontrado
7792389080997,No encontrado
7792389080980,No encontrado
7792389080935,No encontrado
7790990999875,No encontrado
7790990999851,No encontrado
7790773034014,213447
7790773034915,213448
7792389002722,No encontrado
8002910006938,No encontrado
7790900006617,276325
7792052046053,No encontrado
7791130962902,No encontrado
7790773034021,213443
7790773034502,213450
7798131250489,No encontrado
7798131250465,No encontrado
7790900002053,No encontrado
7790773034090,No encontrado
7790900006570,No encontrado
7798158702619,No encontrado
0070330609723,No encontrado
7794536417816,No encontrado
6902004095218,No encontrado
7790590016439,No encontrado
7790520998927,291645
7790590016446,No encontrado
0070330605282,No encontrado
7791130002752,258943
7791290794221,289622
0070330628465,No encontrado
7790520998842,288855
7791290793804,308670
7791290793378,309422
7791190003607,No encontrado
7791290793781,308669
3086123312654,No encontrado
7794536000599,No encontrado
7791290794238,289626
7790132009158,No encontrado
7793253003579,282253
7793253005313,287312
7790520998903,290551
7790520998880,290552
7798184583015,No encontrado
7790520010308,245469
7790132072206,No encontrado
7790520012524,No encontrado
7790990000656,No encontrado
7798124360348,No encontrado
7791905004387,311872
7790520998866,No encontrado
7793253003593,282255
7790520998835,No encontrado
7790990001998,No encontrado
7791130144544,No encontrado
7791130146913,No encontrado
7791130962551,No encontrado
7790520001245,No encontrado
7791130006910,No encontrado
7790520018618,249158
7793253400163,No encontrado
7798125153604,No encontrado
7793253005306,No encontrado
7798125150740,No encontrado
7798125154588,No encontrado
7790520018656,239055
7791290795624,No encontrado
7794440007127,222304
7791905004363,311874
7792459000856,No encontrado
7790520012500,No encontrado
7790520006714,No encontrado
7791130962575,No encontrado
7790520011831,No encontrado
7793416170063,No encontrado
7896001019812,No encontrado
7791190000088,279763
7790911000185,No encontrado
7896001019218,No encontrado
7790345148002,No encontrado
8480017099716,No encontrado
7793244000860,No encontrado
7790590016361,No encontrado
7798161649468,No encontrado
7792389042971,No encontrado
7798112162374,No encontrado
7798112163692,No encontrado
7798112165221,No encontrado
7798112168956,No encontrado
7798112169021,No encontrado
7798139040013,No encontrado
7798139041003,No encontrado
7798139041027,No encontrado
0400019471394,No encontrado
7798139041058,No encontrado
7798161649475,No encontrado
7798239332445,No encontrado
7798239332469,No encontrado
7798239332476,No encontrado
7798239332490,No encontrado
7798239332506,No encontrado
7798239332773,No encontrado
7798239332797,No encontrado
7798239332803,No encontrado
7791130001212,114028
7798239332889,No encontrado
7798239332902,No encontrado
7798239332919,No encontrado
7798239339062,No encontrado
7798139041041,No encontrado
0400019471462,No encontrado
0400019471530,No encontrado
7790590016354,No encontrado
7896001002500,284712
7792389001411,No encontrado
7793253003418,No encontrado
7791130001137,No encontrado
8480017243034,No encontrado
7793253003432,No encontrado
7791290793460,294327
7792459004113,No encontrado
7896001001152,No encontrado
7791290793453,294326
7790990001813,292431
8480017353979,No encontrado
7792459401080,No encontrado
7896001002012,No encontrado
7896001001145,No encontrado
7790990001776,292434
7794218106328,No encontrado
7794218106854,No encontrado
7791290792104,290062
7790990001769,No encontrado
7790990001790,No encontrado
7790990001806,No encontrado
7798182250612,No encontrado
7790990001783,No encontrado
7790990001820,No encontrado
7794218000084,No encontrado
7794218106120,No encontrado
7790828103344,No encontrado
7790990002230,298687
7791290793545,292989
7791290792159,290065
7791290793446,No encontrado
7791290792050,No encontrado
7791290792142,No encontrado
7791290792074,No encontrado
7791290792081,290061
7791290795020,299958
7791290791770,No encontrado
7791290791749,No encontrado
7790990002261,No encontrado
7790990001912,No encontrado
7790990001905,No encontrado
7790990002278,298686
7791290792067,290058
7791290792098,290060
7791290795105,No encontrado
7790990001936,No encontrado
7791290791787,No encontrado
7798153714600,No encontrado
7790990001929,No encontrado
7790990001943,No encontrado
7790990002254,No encontrado
7791290792043,290071
7790990002315,No encontrado
7791290792036,290069
7791290792012,290067
7791290794290,296507
7791290795013,No encontrado
7791290794306,296506
7798153714594,No encontrado
7790990001899,No encontrado
7791290794283,299465
7791290792838,No encontrado
7791290792814,No encontrado
7791290795112,299963
7791290795259,No encontrado
7791290792791,No encontrado
7791130001649,266879
7798184586351,No encontrado
7798184585019,No encontrado
7791290795129,No encontrado
7798124362229,No encontrado
7798131250496,No encontrado
7798131250519,282578
7791130003643,No encontrado
7798124362359,No encontrado
7790990001844,No encontrado
7791290795273,No encontrado
7791290794313,296509
7790990001509,No encontrado
7791290795143,No encontrado
7790990001851,299538
7791290795280,308666
7798124361550,No encontrado
7798124362243,No encontrado
7790990001882,No encontrado
7798124362342,No encontrado
7798131250427,279998
7791290794320,No encontrado
8480017277992,No encontrado
7790990002162,No encontrado
7791290792173,No encontrado
7791290795136,No encontrado
7791905003366,311878
7791290795297,308667
8480017277893,No encontrado
8480017277909,No encontrado
8480017277916,No encontrado
8480017277923,No encontrado
7791290792968,No encontrado
7791130962407,No encontrado
0037000138754,No encontrado
7790990002186,No encontrado
7790990001868,No encontrado
7790911000215,No encontrado
7509546668543,No encontrado
7798270246336,No encontrado
7792389000063,No encontrado
7792389080850,No encontrado
7793253003272,280803
7798124362083,No encontrado
7793253098766,141463
7798124362106,No encontrado
7798124362304,No encontrado
7793253099060,163462
7793253003050,280928
7798124362649,No encontrado
7791290792845,No encontrado
7793253003289,280805
7793253099077,No encontrado
7793253003296,280806
7793253098773,No encontrado
7793253098803,141460
7793253099084,No encontrado
7793253098711,166058
7798273211232,No encontrado
7799044000352,No encontrado
7798184680066,No encontrado
7798273211171,No encontrado
7798273211188,No encontrado
7798273211294,No encontrado
7798279510551,No encontrado
7798279510544,282125
7793253003241,279929
7793253001186,239347
7793253401030,225820
7793253004774,284918
7798279510339,No encontrado
7791130001748,231064
7791130002240,244630
7798279510384,No encontrado
7798184682169,No encontrado
7501058753441,193457
7798270248088,No encontrado
7793253003265,279711
7793253003258,279931
7702626214832,265337
7793253001162,239346
7891035040276,271342
7791130001762,231066
7702626214825,No encontrado
7702626217048,317742
7501058753458,No encontrado
7791130002271,244629
7793253004781,No encontrado
7793253003425,282595
7791130962025,No encontrado
7791130001786,No encontrado
8480017192066,No encontrado
7702626217031,No encontrado
7791130001731,No encontrado
7791130001854,No encontrado
7791130015219,No encontrado
7791130105835,No encontrado
7793253002565,266623
7793253051204,No encontrado
7793253175634,No encontrado
7793253189006,No encontrado
7891035040191,No encontrado
7791130001830,No encontrado
7791130014137,No encontrado
7791130015004,No encontrado
7891150000971,294328
7793253174200,No encontrado
7790990000397,No encontrado
7791130001755,No encontrado
7791290793682,294337
7791130962773,No encontrado
7791290793583,294329
7506195143834,277602
7791130015011,No encontrado
7791130962629,No encontrado
7791130001892,No encontrado
7791290793675,294338
7798125150757,No encontrado
7791290793576,294331
7500435201292,No encontrado
7891150045460,No encontrado
7798131250038,436547
7506195143858,284985
7791290793613,No encontrado
7790990000588,No encontrado
7506339332643,No encontrado
7798124361543,No encontrado
7500435201285,309407
7891150039001,No encontrado
7798124362540,No encontrado
7798131250021,No encontrado
7790990000625,No encontrado
7790990000618,No encontrado
7790990000601,No encontrado
7791290793606,No encontrado
7791905003373,No encontrado
7791905000921,311884
7798124362489,No encontrado
7798124362496,No encontrado
7791905002567,No encontrado
7798158708901,No encontrado
7790990000595,No encontrado
7798124362564,No encontrado
7798124362052,No encontrado
7798124362526,No encontrado
7791290793729,No encontrado
7791290793712,No encontrado
7798124362533,No encontrado
7791290791343,No encontrado
7798270245377,No encontrado
7791290793750,No encontrado
7791290793774,No encontrado
7791290793866,No encontrado
7791905002598,No encontrado
7790520006479,265541
7792389079977,No encontrado
7791290793736,No encontrado
7506339389876,No encontrado
7500435233385,No encontrado
7790520011176,No encontrado
7790520992574,286405
7790520012531,No encontrado
7790520005069,No encontrado
7790520011152,No encontrado
7790520005168,No encontrado
7791905023036,No encontrado
7791130962568,No encontrado
7791130681391,244506
7791130001083,No encontrado
7791130004022,No encontrado
7791130004305,No encontrado
7791130001397,No encontrado
7791130004176,No encontrado
7793253005467,No encontrado
7790520992697,No encontrado
7793253005283,287313
7791130963299,No encontrado
7791130681421,246809
7798184583039,No encontrado
7790520990013,No encontrado
7791130146883,No encontrado
7790520999269,No encontrado
7791130681438,246810
7793253005474,No encontrado
7791130002776,265102
7798124360355,No encontrado
7790990000663,No encontrado
7791130963305,No encontrado
7793253005276,No encontrado
7791130681414,No encontrado
7790520999252,No encontrado
7791905004400,311873
7791130001090,No encontrado
7791130016681,No encontrado
7791130104326,No encontrado
7791130104333,No encontrado
7790520010285,245467
7790520990020,No encontrado
7793253300081,117528
7790990002001,No encontrado
7791130001113,No encontrado
7790520010292,245468
7793253005290,No encontrado
7793253002534,254413
7790520014863,253809
7790520020819,260179
7790520023353,No encontrado
7790520024510,271436
7790520999313,No encontrado
7790520010506,239060
7793253002541,No encontrado
7791130003544,No encontrado
7790520552839,No encontrado
7790520008909,No encontrado
7790520008916,No encontrado
7790520992710,280918
7790520009029,No encontrado
7793253002527,254412
7790520552808,No encontrado
7790520552815,No encontrado
7790520005953,No encontrado
7791130003582,265340
7793253001667,No encontrado
7791130001687,231075
7793350000907,266853
7793253001674,No encontrado
7792389080324,No encontrado
7793350000402,178938
7792389080331,No encontrado
7793350000150,No encontrado
7793350000891,178937
7793350102304,266627
0000077958945,927910
7791130001694,No encontrado
7791130001700,No encontrado
7501058743145,No encontrado
7793350992950,162412
0000077958952,927929
7793350000167,No encontrado
7793350000433,178940
7790520995650,282755
7793350000419,No encontrado
7790613071544,269428
7790520995605,282554
7790613071537,269427
7790520993090,290617
7790613071087,128609
0000077958969,No encontrado
7793350000440,No encontrado
0000077927415,No encontrado
7790520992963,No encontrado
7790613071520,269426
7790613071100,696434
7790520992987,No encontrado
7790520995599,No encontrado
7790613000254,226856
7793253003548,281705
7791130683524,244477
7790520995582,No encontrado
7790613001091,No encontrado
7793253003500,281704
7790613070639,No encontrado
7790520995667,282556
7791130683791,244494
7790613000230,No encontrado
7793253003456,282602
7790613000247,No encontrado
7798184581332,276064
7791130683760,244488
7790520024954,278081
7793253003555,No encontrado
7793253003647,No encontrado
7791130683661,No encontrado
7793253000905,234012
7791130683753,No encontrado
7793253003944,312732
7793253003517,No encontrado
7798184581103,No encontrado
7793253003951,282611
7791130683777,244489
7791130683784,244492
7791290793354,No encontrado
7793253004705,284923
7790520993120,No encontrado
7791130683678,244483
7793253003586,No encontrado
7793253003470,282603
7793253003654,No encontrado
7790520024947,278425
7793253003487,No encontrado
7791130683845,244502
7798184581783,282884
7798184581073,No encontrado
7791290793330,No encontrado
7791130683883,No encontrado
7793253003524,281708
7793253003463,282607
7791130683838,No encontrado
7793253000912,No encontrado
7791130683852,244498
7798184581066,No encontrado
7793253003562,No encontrado
7790520993045,285972
7790520024978,No encontrado
7791130683722,No encontrado
7791130683814,No encontrado
7791130136662,No encontrado
7791130136365,No encontrado
7791130026024,No encontrado
7791130136273,No encontrado
7791130136242,No encontrado
7791130146029,No encontrado
8480017103338,No encontrado
8480017243515,No encontrado
8480017243522,No encontrado
8480017243539,No encontrado
7791130148009,No encontrado
7791130148016,No encontrado
7791130148030,No encontrado
7791130148047,No encontrado
7791130001991,No encontrado
7790520993045,285972
7791130148108,No encontrado
7791130148245,No encontrado
7791130004541,No encontrado
7791290793361,292987
7791130148368,No encontrado
7791130148665,No encontrado
7791130136365,No encontrado
7791130136006,No encontrado
7791130963374,No encontrado
7798184581554,276067
7791130136013,No encontrado
7798184581738,282885
7791130136037,No encontrado
7791130136044,No encontrado
7791130136105,No encontrado
7790410203179,No encontrado
7791130683876,244500
7791130136242,No encontrado
7791130683685,244485
7791130136273,No encontrado
7798131250212,279992
7790613072183,No encontrado
7791130136136,No encontrado
7791130146135,No encontrado
7798184581097,276066
7790613071131,No encontrado
7793253004750,No encontrado
7791130683531,244479
7791130148283,No encontrado
7791290793347,No encontrado
7793253003616,No encontrado
7798184581547,No encontrado
7793253003449,No encontrado
7791130136280,No encontrado
7792389001022,No encontrado
7790613000278,No encontrado
7791130029407,No encontrado
7791130029414,No encontrado
7791130133456,No encontrado
7791130133494,No encontrado
7791130136099,No encontrado
7791130136358,No encontrado
7791130683869,244499
7791130143455,No encontrado
7791130962193,284835
7791130143493,No encontrado
7791130962230,294025
7791130962254,284837
7791130146180,No encontrado
7791130148092,No encontrado
7791130148351,No encontrado
7791130684330,No encontrado
7791130816816,No encontrado
7791905023791,No encontrado
7791905023906,No encontrado
7791905023999,No encontrado
7792389000315,No encontrado
7792389000667,No encontrado
7792389000698,No encontrado
7792389042575,No encontrado
7793253000929,No encontrado
7793253004712,No encontrado
7793253004736,No encontrado
7791290792777,291578
7791290792753,291577
7798131250175,No encontrado
7790520028709,308961
7798131250182,No encontrado
7798131250335,No encontrado
7791290792760,291581
7798184581523,No encontrado
7798270246039,No encontrado
7790520028723,308963
7798270246053,No encontrado
7791290792784,291580
7798270246114,No encontrado
7791290795471,309289
7791290795464,309288
7790520028716,No encontrado
7790065000017,216660
7790613000315,No encontrado
8480017301482,No encontrado
8480017294388,No encontrado
0790757845633,No encontrado
7790117000422,No encontrado
7790117002310,No encontrado
0790757845626,No encontrado
7790250054962,312656
7798024397338,No encontrado
7790250054344,311462
7798105581410,No encontrado
7798123132366,No encontrado
7798282170148,No encontrado
7790117060549,No encontrado
7798187652114,No encontrado
7798245695473,No encontrado
7798182253842,No encontrado
7798182251886,No encontrado
7799044031073,No encontrado
7798302946883,No encontrado
7798182251879,No encontrado
7799044031080,No encontrado
7793344000456,303400
7798270243984,No encontrado
7798302945756,No encontrado
7790250000358,No encontrado
7799054008928,No encontrado
7798153716062,No encontrado
7798153716482,No encontrado
7798153716499,No encontrado
7798153716505,No encontrado
7798184230032,No encontrado
7798182253859,No encontrado
7790065000734,216661
7798184230070,No encontrado
7798184230308,No encontrado
7790250016182,308825
8480017194596,No encontrado
8480017280725,No encontrado
7790117060532,No encontrado
7790117001849,No encontrado
7793344904228,135309
0790757845602,No encontrado
7798282170131,No encontrado
7798123132403,No encontrado
7793344904990,171787
7798102570691,No encontrado
0790757845640,No encontrado
7790250026105,308826
7790250015840,No encontrado
7790250026075,No encontrado
7790250015857,299918
7791828000046,313120
7793344904150,No encontrado
7791070000696,No encontrado
7791070003215,No encontrado
8480017201546,No encontrado
7791070005103,No encontrado
7791828000077,No encontrado
7793344000333,No encontrado
7793344904143,No encontrado
8480017008343,No encontrado
7791828000657,696750
8480017154255,No encontrado
8480017169495,No encontrado
8480017169501,No encontrado
7790250092438,No encontrado
7798158708857,No encontrado
7791070000078,269955
7793344000517,No encontrado
7793344904396,No encontrado
7793344905003,No encontrado
7790250019008,No encontrado
7798143072260,No encontrado
7798153710084,No encontrado
7793344001132,No encontrado
7793344901036,104878
7798153718400,No encontrado
7798153718486,No encontrado
7791828000664,No encontrado
7791828900049,No encontrado
7793344009206,274000
7791828900377,313119
7798270240129,No encontrado
7798153714679,No encontrado
7790250016205,No encontrado
7790250026013,No encontrado
7790250056881,No encontrado
7793344009305,280875
7793344904013,No encontrado
7791070003222,No encontrado
7790250056980,240701
7791070005615,No encontrado
7798130889703,No encontrado
8480017091123,No encontrado
8480017258922,No encontrado
7798158708871,No encontrado
7793344009237,280053
7793344902057,805688
7791828900025,No encontrado
7790250056966,No encontrado
7791828900384,No encontrado
7790250023845,308823
7791828000428,313118
7791070005714,No encontrado
7791828000299,No encontrado
7790250022459,No encontrado
7793344009633,278117
7798123137231,No encontrado
7791828000442,313116
8480017043337,No encontrado
8480017169464,No encontrado
8445290057433,289674
7798158708864,No encontrado
7798270240044,No encontrado
8445290584984,299565
7798270240051,No encontrado
7790250023814,No encontrado
8445290068705,289678
7791828000404,No encontrado
8445290070647,289682
7791828900032,No encontrado
7790250023197,No encontrado
8445290585004,299566
8445290067401,No encontrado
8445290585240,No encontrado
8445290585042,No encontrado
8445290068507,No encontrado
8445290069313,No encontrado
7797453972352,No encontrado
7797453972291,277740
7797453001472,No encontrado
7798073177301,No encontrado
7797453972345,277743
7797453972284,No encontrado
8445290057365,No encontrado
7797453972406,277739
8445290068682,No encontrado
7797453000406,159405
7797453000413,185888
7797453972260,No encontrado
7797453000543,198273
7797453000550,185889
7797453972307,No encontrado
7613287229977,No encontrado
7613287230386,No encontrado
7798073177295,No encontrado
7797453000437,No encontrado
7797453000420,185887
7797453972253,No encontrado
7798139796675,No encontrado
7891000295991,No encontrado
7891000120774,No encontrado
7891000241080,No encontrado
7891000241134,No encontrado
8445290667571,No encontrado
7797453972338,No encontrado
7797453972383,No encontrado
7797453973083,No encontrado
7798073177233,No encontrado
8445290067623,No encontrado
7798139791779,No encontrado
7798139791786,No encontrado
7613287230362,No encontrado
8445290573629,No encontrado
7891000244074,274088
8480017696922,No encontrado
7798073177226,No encontrado
7798139793070,No encontrado
7891000244012,No encontrado
7798073177264,No encontrado
7891000244036,No encontrado
7791416066836,274128
7798088564578,No encontrado
7798139791793,No encontrado
7891000295717,No encontrado
7797453972390,277745
7791416001318,130730
7798139796811,No encontrado
7798139796682,No encontrado
8445290070623,No encontrado
7791416001301,No encontrado
7797453973090,287826
8445290572905,No encontrado
7791416065990,No encontrado
7791416066089,No encontrado
7791416066096,No encontrado
7791416069257,No encontrado
7791416072530,No encontrado
7797453001489,No encontrado
7798073174102,No encontrado
7797453973120,No encontrado
8445290572851,No encontrado
8445290572875,No encontrado
7798156721179,No encontrado
7798156720981,No encontrado
7798156720615,No encontrado
7798139791847,No encontrado
7798139790048,No encontrado
7798139790024,No encontrado
7797453971751,216528
7798139790017,No encontrado
7798073177240,No encontrado
7798073177219,No encontrado
7798073174096,No encontrado
7797453973137,No encontrado
7797453973106,No encontrado
8445290888181,No encontrado
7791416078518,280963
7613287230423,No encontrado
7797453971744,No encontrado
7797453971737,No encontrado
7797453971720,No encontrado
7797453001496,No encontrado
7791416960158,No encontrado
8445290926722,309684
7791416960103,No encontrado
7798182081650,No encontrado
7798156721186,No encontrado
7613287613356,No encontrado
7613287613431,No encontrado
7797453001564,264591
7613287613226,No encontrado
7613287613264,No encontrado
7613287613455,No encontrado
8445290944429,No encontrado
7613287225191,No encontrado
7797453001502,No encontrado
7797453001571,264592
7891000115695,274086
7798139791731,No encontrado
7613287614971,No encontrado
7613287613240,No encontrado
7797453001533,No encontrado
8445290944801,No encontrado
7797453001519,No encontrado
7797453000468,No encontrado
7797453000796,No encontrado
7798073177370,No encontrado
7797453000482,No encontrado
7797453001526,264587
7797453000475,No encontrado
7797453001557,No encontrado
7797453972499,281513
7613287613288,No encontrado
7797453000802,No encontrado
7797453001595,No encontrado
7798139796668,No encontrado
7798139791755,No encontrado
7798073177387,No encontrado
7797453971843,273621
7798073174089,No encontrado
7613287224897,No encontrado
7791416065679,No encontrado
8445290094841,No encontrado
7613287225511,No encontrado
7797453971850,No encontrado
7797453971799,273630
8445290595447,No encontrado
7797453971867,No encontrado
7891000244722,No encontrado
8445290595492,No encontrado
7797453971805,No encontrado
7798139793056,No encontrado
7797453000338,No encontrado
7797453971768,No encontrado
7791416065648,175403
7613287227294,No encontrado
7797453971874,No encontrado
8445290094841,No encontrado
8445290595447,No encontrado
7797453971829,273620
7797453971836,273622
8480017088390,No encontrado
8445290595492,No encontrado
7791416001257,134479
7797453972505,285695
8445290595348,No encontrado
7797453001588,No encontrado
7613287225535,No encontrado
7797453971812,No encontrado
8445290594587,No encontrado
8445290595317,No encontrado
7798073173860,No encontrado
7791416001240,No encontrado
7798073177431,No encontrado
7798073177486,No encontrado
7798073177516,No encontrado
8445290595508,No encontrado
7613287228017,No encontrado
7791416069202,No encontrado
7791416066720,No encontrado
7791416065983,No encontrado
7791416065686,No encontrado
7791416065969,No encontrado
7791416065662,No encontrado
7797453001540,No encontrado
7797453973472,No encontrado
7791416960479,No encontrado
7613287225375,No encontrado
7790142196992,No encontrado
7791416960127,280948
7790142000145,No encontrado
7798073177394,No encontrado
7798073177417,No encontrado
7613287225115,No encontrado
7797453000369,No encontrado
7791416960189,No encontrado
7798088560839,No encontrado
7798088562307,No encontrado
7798088563229,No encontrado
7798139790031,No encontrado
7798139790062,No encontrado
7798139790178,No encontrado
7798139790185,No encontrado
7791416001271,274131
7790142000107,No encontrado
7791416090008,No encontrado
7790142000084,No encontrado
7797453971706,216524
7798139793063,No encontrado
7797453000703,No encontrado
7791416001677,No encontrado
7798156720073,No encontrado
7797453971690,No encontrado
7797453971713,No encontrado
7798158671182,No encontrado
8445290926968,No encontrado
7613287225351,No encontrado
7798158671205,No encontrado
7797453971881,273623
7798158671649,No encontrado
7798158671717,No encontrado
7791416960462,295022
7798180830137,No encontrado
7798180830267,No encontrado
7791416065655,No encontrado
7791293047508,306697
7791293050355,309293
7613287225313,No encontrado
7791293047515,306701
7791293045948,307539
7500435202732,307965
7797453972468,No encontrado
7791416960196,No encontrado
7797453972529,No encontrado
7509552876482,308023
7797453972536,No encontrado
7791293047522,306699
7797453972543,No encontrado
7798139793414,No encontrado
7500435230018,308240
7509552791280,307454
7791293049755,309423
7790740000363,306662
7509552902341,308004
7509552922233,309655
7500435229814,308244
7509552902358,308003
7791293047072,306689
7791293046433,307542
7509552902815,No encontrado
7791293046464,307543
7790740000318,306656
7509552922226,No encontrado
7791293045931,307538
7798140257745,308175
7791293050423,309299
7790740000349,306660
7790740000486,306930
7509552791457,307453
7791293047492,306704
0190679000187,304127
7791293047058,306692
7501006721317,158009
7509552902891,308007
7791293045955,307583
7791293045856,307532
7509552874099,307330
7509552902440,308154
7509552903416,312775
7509552920871,309654
7509552903423,308006
7791293049762,309424
7790740608309,No encontrado
7791293046426,No encontrado
7791293046013,307549
7791293047065,No encontrado
7509552876536,308162
7500435106412,259309
7509552840353,306490
7509552903423,308006
7509552920871,309654
7791293046013,307549
7791293045863,307533
7791293047577,306713
7791293046471,No encontrado
7509552816204,307163
7509552874068,307328
7790740000493,No encontrado
7791293046457,No encontrado
7500435147569,304924
7509552902365,308002
7798140257752,308174
7790740001421,308259
7509552902433,308155
7792640007718,310206
7792640001167,399256
7509552876420,308022
7791293045979,307541
7791293047607,No encontrado
7509552790160,307012
7791293047584,No encontrado
7500435147507,304919
7500435159234,No encontrado
7791293046440,311767
7500435230117,307969
7792640008111,298242
7791293047591,No encontrado
7790740608217,305765
7509552790443,No encontrado
7790740000325,306658
7500435147583,305015
7791293027876,232197
7791293045962,307540
7791293045986,307546
7791293045993,307547
7798139793407,No encontrado
7509552844405,307961
7509552874129,307332
7792640001419,No encontrado
7798140256755,307252
7791293050447,309921
7500435138222,No encontrado
7509552902471,308157
7791293045870,No encontrado
7509552876550,308024
7791293045894,No encontrado
7798140256731,307245
7798140256656,307244
7798140256793,307250
7791293046020,307584
7790740000332,No encontrado
7500435106382,259303
7791293050379,309295
7791819000093,No encontrado
7792640002829,No encontrado
7509552902976,No encontrado
7509552890464,No encontrado
7798140256670,307251
7798140256779,307243
7791293046006,No encontrado
7500435229807,No encontrado
0190679000118,304125
8480017108135,No encontrado
7509552836554,306492
7791274200687,No encontrado
7509552877106,307334
7791274200694,No encontrado
7500435229852,No encontrado
7790740608231,317650
7791293045887,307534
7509552922301,No encontrado
7509552791273,No encontrado
7509552823912,No encontrado
7509552849677,No encontrado
7790740000479,No encontrado
7790740608286,No encontrado
7791293050362,No encontrado
7792640001815,No encontrado
7791293045191,No encontrado
7791293043579,No encontrado
7791293042053,No encontrado
7791274199905,No encontrado
7792640000313,365092
0000077982735,No encontrado
7791001001778,No encontrado
7790740608293,No encontrado
7792640004496,310205
7790740000509,No encontrado
7790375269753,No encontrado
7790375269746,No encontrado
7793008017738,312195
7790375269739,No encontrado
7790375269722,No encontrado
7509552902860,308008
8906038786157,No encontrado
7790375269715,No encontrado
7509552922349,No encontrado
7798140256717,307253
7501006721294,158008
0000077982728,No encontrado
7793008017721,No encontrado
7793008017745,No encontrado
7798140256465,No encontrado
7798140256472,No encontrado
7509552902853,No encontrado
7798140257769,308173
7509552816273,No encontrado
7500435230025,No encontrado
7500435230001,No encontrado
7791293050577,309899
7791293050553,309897
0190679000194,No encontrado
7798140256915,No encontrado
0190679000125,No encontrado
0022796900111,No encontrado
7791293050546,309896
7891150087453,315875
7509552923162,309657
7791293047478,No encontrado
7791293047690,No encontrado
7791274196430,264810
7500435191548,307187
7509552902525,308158
7509552902372,No encontrado
7509552920949,No encontrado
7791274189340,No encontrado
7509552920956,309681
7791274189326,No encontrado
7791274189333,No encontrado
7791274196300,No encontrado
7791274189197,No encontrado
7792321010457,No encontrado
7792640003079,No encontrado
7509552902884,308027
7791274190490,No encontrado
7791274196287,No encontrado
7791274196294,No encontrado
7798270247333,No encontrado
7791274196331,No encontrado
7509552923179,309658
7798270247340,No encontrado
7791274196454,No encontrado
7509552844641,No encontrado
7792321010433,No encontrado
7792321010440,No encontrado
7790371005355,No encontrado
7790375269784,No encontrado
7791001001020,No encontrado
7791199004070,No encontrado
7791199004063,No encontrado
7791274199899,No encontrado
7791940020007,No encontrado
7791940123562,No encontrado
7792640004601,No encontrado
7792640004618,No encontrado
7796285283100,No encontrado
7796285283117,No encontrado
7791293048659,309304
7796285283186,No encontrado
7796285288730,No encontrado
7798074284503,No encontrado
7791293048642,309302
7791293048635,309301
7791293049793,309735
7798074284527,No encontrado
7798193950099,No encontrado
7509552874204,307326
7791293050492,310317
7798193950655,No encontrado
7509552902464,308159
7791293049809,309734
7791293049014,309305
7798193951119,No encontrado
7509552902822,308613
4005900399953,303782
7791293049021,309306
7509552902389,No encontrado
7791442038562,No encontrado
7791442039644,No encontrado
7793008007012,No encontrado
7791442006639,No encontrado
7791442006691,No encontrado
7509552836592,304542
7791001009743,No encontrado
7791001009866,No encontrado
7792640000368,339768
7791001012163,No encontrado
7792640001914,304146
7791001005585,No encontrado
7793008017394,310685
7791001004366,No encontrado
7791001004007,No encontrado
7509552874044,No encontrado
7791001005790,No encontrado
7793008017417,No encontrado
7899884203934,No encontrado
7899884208618,No encontrado
7899884208625,No encontrado
7509552874006,309679
7899884209325,No encontrado
0000077954978,No encontrado
7899884209431,No encontrado
7509552876437,308028
7500435171212,No encontrado
7792640001822,215761
7500435191531,No encontrado
7509552902877,No encontrado
7509552902921,No encontrado
7790375269760,No encontrado
7790375269777,No encontrado
7791001003505,No encontrado
7791001003543,No encontrado
7791001004465,No encontrado
7792640000399,No encontrado
7793008017370,310683
7793008017387,310684
7793008017455,312188
7792700002486,No encontrado
7793008010494,No encontrado
7793008017462,312191
7793008017479,312192
7793008017486,312189
7793008017493,312190
7793008010500,No encontrado
7793008010555,No encontrado
7793008010562,No encontrado
7793008016427,No encontrado
7500435229821,308237
7500435202695,307964
7791293047102,306698
7793008017400,No encontrado
7500435019880,304390
7791293045733,307562
7791293047164,306702
7791293047171,306700
7500435202671,307962
7794268004667,No encontrado
7791293045740,307563
7500435159210,305832
7798260050226,No encontrado
7791293050324,309296
7798382382205,No encontrado
7509552902112,308012
7509552902327,308011
7790740000288,306654
7509552902518,No encontrado
7790740000233,306648
7791293045542,307309
7791293045665,307557
7791293050386,309300
7791293045757,307585
7791293050393,309895
7500435209694,No encontrado
7891150025929,303301
7790740000264,No encontrado
7791293047003,No encontrado
7509552859126,307455
7798140257714,308178
0190679000088,304122
7791293046372,307567
7798140257721,308177
7791293049731,309428
7509552903461,308015
7509552902419,308152
7500435138000,No encontrado
7500435019491,304400
7509552876444,No encontrado
7509552907759,308014
7791293049724,309426
7791293046365,No encontrado
7791293046983,306693
7791293046990,306715
7509552922288,No encontrado
7509552874105,307331
7500435019873,304391
7509552922271,309653
7509552874136,307333
7791293047447,306705
7500435159241,305834
7501006721133,No encontrado
7791293046402,No encontrado
7792640004557,No encontrado
7792640001150,399230
7509552890969,No encontrado
7500435019545,No encontrado
7500435019545,No encontrado
7500435142557,305012
7791293045795,307573
7509552922271,309653
7791293046419,No encontrado
7509552920857,309652
7791293045771,307566
7790740001414,No encontrado
7509552902532,312774
7791293045764,307565
7500435142564,No encontrado
7500435229845,308238
7790740000240,306650
7791293045801,No encontrado
7509552902334,308010
7792640002805,307710
7509552902402,No encontrado
7792640007725,310200
7791293045658,307555
7509552815269,307162
7500435155847,305234
7509552790498,306489
7791293045825,307575
7791293047652,No encontrado
7791293045511,307308
7792640008104,320514
7798140256724,307239
7509552859133,No encontrado
7791293047645,No encontrado
7791293047621,No encontrado
7798140256762,307236
7509552902495,308150
7509552876659,308160
7792640002812,307711
7500435019705,304385
7509552823806,307960
7791293027869,232200
7792640000283,365076
7509552902501,No encontrado
7792640007749,No encontrado
7500435019705,304385
7501056344092,214440
7500435209632,No encontrado
7791293047638,No encontrado
7791293045689,No encontrado
7791293027869,232200
7791293045788,307586
7791293050331,309297
7798140256748,307258
7798140256663,307257
7791293046396,No encontrado
7509552790191,No encontrado
7500435209632,No encontrado
7509552876260,308020
7500435155830,305232
7791293046396,No encontrado
7791293047638,No encontrado
7798140256786,No encontrado
7791293027883,232199
7501056344047,No encontrado
7798139793346,No encontrado
7791293050409,No encontrado
7791293046389,311765
7791293045818,No encontrado
7792640000320,341282
7509552874082,No encontrado
7792640000269,365050
7500435229838,No encontrado
8480017108210,No encontrado
7792640001808,No encontrado
7792640000276,365068
7509552836585,306497
0190679000019,304120
8480017092090,No encontrado
7500435191418,No encontrado
7501056342944,214431
7509552922325,No encontrado
7792640001945,304147
7509552791860,No encontrado
7792640001907,304145
7509552902914,No encontrado
7891150025950,No encontrado
7792640003383,No encontrado
7500435229999,No encontrado
7792640000191,No encontrado
7792640002744,No encontrado
7792640000443,No encontrado
7792640000245,No encontrado
7791001004359,No encontrado
7791001004441,No encontrado
7791001005578,No encontrado
7791001009668,No encontrado
7791001009859,No encontrado
7791001009736,No encontrado
7791001003604,No encontrado
7791001011425,No encontrado
7791001011432,No encontrado
7791001011500,No encontrado
7791001011517,No encontrado
7791001011524,No encontrado
7791001012156,No encontrado
7791274087615,No encontrado
7791274087622,No encontrado
7791274192593,No encontrado
7792640000290,No encontrado
7791001003574,No encontrado
7791001003529,No encontrado
7791293045832,307587
7791001003512,No encontrado
7791001002775,No encontrado
7791293045672,No encontrado
7791001000276,No encontrado
7790740000257,No encontrado
7500435138017,No encontrado
7509552874143,No encontrado
8906038783057,No encontrado
7501006721119,158012
0000077982704,No encontrado
0022796917515,No encontrado
0190679000026,No encontrado
0190679000095,No encontrado
3337875574358,No encontrado
7500435019521,No encontrado
7500435019712,No encontrado
7509552791297,No encontrado
7509552823868,No encontrado
7509552902426,No encontrado
7509552902839,No encontrado
7509552922332,No encontrado
7790375269661,No encontrado
7790375269678,No encontrado
7790375269685,No encontrado
7790375269692,No encontrado
7790375269708,No encontrado
7790740001384,No encontrado
7791001000436,No encontrado
7791001000924,No encontrado
7791001002614,No encontrado
7791001003482,No encontrado
7791001003611,No encontrado
7791001003628,No encontrado
7791001010732,No encontrado
7791001010794,No encontrado
7791293045696,No encontrado
7791293047461,No encontrado
7791293047782,No encontrado
7791984000331,No encontrado
7792640003352,No encontrado
7798140256700,307259
7793008016397,No encontrado
7792640004564,No encontrado
7793008017684,No encontrado
7798140257738,308176
7793008017707,No encontrado
7798140256137,No encontrado
7798140256144,No encontrado
7798140256489,No encontrado
7509552924121,310187
7798140256908,No encontrado
7899884203927,No encontrado
7899884203958,No encontrado
7899884203972,No encontrado
7899884209332,No encontrado
7899884209424,No encontrado
7509552923858,310176
0000077982698,No encontrado
7509552899207,309339
7509552899191,309337
7899026462571,265065
7793008012801,No encontrado
7793008012740,No encontrado
7509552923896,No encontrado
7509552899214,309340
7793008012771,No encontrado
7509552923889,310179
7899026462670,304759
7509552923865,310177
7899026462533,304766
7793008012597,No encontrado
7793008012634,No encontrado
7793008012764,No encontrado
7793008012641,No encontrado
7509552899177,309335
7793008012610,No encontrado
7509552899153,309333
7793008012603,No encontrado
7793008012726,No encontrado
7793008007029,No encontrado
7899026462625,304762
7793008031413,No encontrado
7899026462601,304764
7898587770699,No encontrado
7793008012757,No encontrado
7793008012825,No encontrado
7793008012665,No encontrado
7793008012733,No encontrado
7509552898835,No encontrado
7509552844764,No encontrado
7793008030591,No encontrado
7899026462557,304765
7793008001928,No encontrado
7793008012627,No encontrado
7793008012658,No encontrado
7509552899184,No encontrado
7509552844771,305115
7509552806229,No encontrado
7509552917390,303753
7793008030478,No encontrado
7793008018322,No encontrado
7793008030430,No encontrado
7793008018155,No encontrado
7793008002901,No encontrado
7793008018247,No encontrado
7509552913514,No encontrado
7792640008180,No encontrado
7792640008203,No encontrado
7792640008210,No encontrado
7792640008234,No encontrado
7792640008241,No encontrado
7792640008258,No encontrado
7792640008272,No encontrado
7792640008302,No encontrado
7792640008319,No encontrado
7792640008326,No encontrado
7792640008357,No encontrado
7792640008364,No encontrado
7793008005452,No encontrado
7793008012702,No encontrado
7793008012719,No encontrado
7793008012788,No encontrado
7793008017196,No encontrado
7793008018179,No encontrado
7793008018193,No encontrado
7793008018216,No encontrado
7793008018254,No encontrado
7793008018261,No encontrado
7793008018285,No encontrado
7899026462656,238010
7793008018292,No encontrado
7899026462687,304756
7793008018315,No encontrado
7793008018339,No encontrado
7793008030454,No encontrado
7793008030485,No encontrado
7898587770651,No encontrado
3614225108723,175424
7899026462663,No encontrado
3614225108785,175421
3614225108747,128689
7899026462724,No encontrado
7899706126915,No encontrado
3614225108846,175427
3614225108853,304805
7899706127080,No encontrado
3614225108877,175426
3614225108907,128696
7899706127097,No encontrado
3614225108716,No encontrado
3614225108945,128698
7899706127158,No encontrado
3614225109034,No encontrado
7501080111226,No encontrado
7501080111424,No encontrado
7501080111455,No encontrado
7509552844450,No encontrado
7501080111448,No encontrado
7509552844474,No encontrado
7509552917390,303753
7509552909869,No encontrado
7509552899146,No encontrado
7509552910711,No encontrado
7509552917413,303756
7509552917437,303758
7509552923834,310175
7509552913514,No encontrado
7509552917406,No encontrado
7509552917420,No encontrado
7791080112006,No encontrado
7791080112037,No encontrado
7791973004364,No encontrado
7791973004333,No encontrado
7791973004463,No encontrado
7792321003169,No encontrado
7792321003176,No encontrado
7792321003183,No encontrado
7792321003190,No encontrado
7792321003206,No encontrado
7792321003213,No encontrado
7792321003244,No encontrado
7792321003268,No encontrado
7792321003251,No encontrado
7792321003275,No encontrado
7792321003435,No encontrado
7792321003480,No encontrado
7790064001909,339075
7790064000261,227372
7792321003527,No encontrado
7792321003541,No encontrado
7790064002029,304208
7790064000124,454310
7891010560737,367443
7790773007063,165178
7792321008645,No encontrado
7792321008676,No encontrado
7790773007124,125800
7790064001701,661694
7792640008159,No encontrado
7790064000230,180934
7790773007117,302453
7798101910016,No encontrado
7790940000040,No encontrado
7790064001718,No encontrado
7790940000033,No encontrado
7790064001725,No encontrado
7891010337438,No encontrado
7790064104716,305587
7790064000131,No encontrado
7790940003034,No encontrado
7798245693400,No encontrado
7798101910214,303730
7798245695589,No encontrado
7798245695596,No encontrado
7790064001954,264657
7790064000247,No encontrado
7790064104662,308045
7799054048986,No encontrado
7798101910207,No encontrado
7790940003089,No encontrado
7790940801067,No encontrado
7791274197963,306402
7798245693417,No encontrado
7791274199653,No encontrado
7790064001664,No encontrado
7790940000026,No encontrado
7790940003065,No encontrado
7790940112996,No encontrado
7791274005237,No encontrado
7798096051022,188037
7791274200670,No encontrado
7799054004982,No encontrado
7798096051107,305527
7799054004999,No encontrado
7799054039977,No encontrado
7794440080519,107307
7799054040898,No encontrado
7799054040904,No encontrado
7794440008025,329878
4005800137556,232143
7798096051053,No encontrado
7791600962159,No encontrado
7793008018759,310333
7794440018208,No encontrado
4005808515592,436678
7794440018246,No encontrado
7798096051046,No encontrado
7794640173073,306625
7791293033006,230109
7798096051459,No encontrado
7794440008018,No encontrado
7794440008063,No encontrado
7794640173127,307179
4005808890590,385069
4005900399946,303619
4005808315093,No encontrado
7793742008252,316125
7794640173080,306626
7794640173097,307367
7794640173141,307176
4005808319695,No encontrado
7891010253820,No encontrado
7791293033020,230113
7702031310914,No encontrado
7798140254423,305457
4005900717238,No encontrado
7793008018766,310337
8480017260673,No encontrado
7793008018780,310338
7793008018797,310335
7509552840339,304676
0000042429142,311258
7791274004414,No encontrado
7798140251712,No encontrado
7793008018803,310339
4006000011158,No encontrado
7794640173158,307178
7804955003634,No encontrado
7794640173066,306624
4005900528223,304163
8480017260666,No encontrado
4005900470935,303977
7791293033013,230112
7891010253905,307954
7891010253936,No encontrado
7793742007392,316124
7501056326142,302999
7790375267285,No encontrado
7891010253929,306007
7891010253257,No encontrado
4005800137679,318216
4005900984609,307885
4005900984616,No encontrado
7891010253899,No encontrado
7899706181815,No encontrado
7899706181877,No encontrado
7794640173134,No encontrado
3337875549615,No encontrado
4005800326134,No encontrado
4005900470928,No encontrado
7791293033051,458273
7791293033068,233874
7702031399858,No encontrado
7790375004378,No encontrado
7790375004385,No encontrado
7790375245054,No encontrado
7793008018773,310334
7793008018124,308992
7790375268787,No encontrado
7790375268954,No encontrado
7791293033099,No encontrado
0000042277095,322370
7792175009775,No encontrado
7792175009799,No encontrado
7792175010023,No encontrado
7792175010481,No encontrado
7798140251309,304636
7798140251514,304634
7798140251583,304635
7793742007361,No encontrado
7793742007668,No encontrado
7793742007996,No encontrado
7798140251705,304632
7798140251729,304647
7794640173165,No encontrado
7794640173172,No encontrado
7798024570199,No encontrado
7798140254485,305978
7798140259107,309986
7798024570205,No encontrado
7798382383134,308693
7798140259992,307929
7798382383141,308694
7798382383158,308695
7798140254409,No encontrado
7791600090135,305173
7798140254416,No encontrado
7791293049472,308682
7798140258285,No encontrado
4005900036759,175364
4005808257553,303157
7791293043791,306874
7506339390230,304112
7791600127237,No encontrado
7791600595340,No encontrado
7791293012063,163385
7791293049496,No encontrado
7791600173357,No encontrado
7791969029807,No encontrado
7791293049700,308164
7791293043807,306875
7791600060589,305152
4005900353054,No encontrado
0000078944800,307290
7791293049595,No encontrado
7791293049502,No encontrado
7791293043845,307276
4005808979677,No encontrado
7791293025780,No encontrado
4005808979813,No encontrado
7500435129947,322053
0079400052919,184141
7791293022581,324075
7791293028781,No encontrado
7791293020297,196771
0000078933354,304116
7791293012087,163387
7791600018450,437597
7791293025797,No encontrado
4005808980239,No encontrado
7891150089983,308094
7791600028657,152096
7791600603465,445892
7794490630511,330485
7791293022819,No encontrado
7791600037345,152238
7791293022567,324074
7791293049458,No encontrado
7794640630491,453296
7501001163983,302006
7794490630245,302244
7791600087234,696664
7791293049717,308165
7791293046792,No encontrado
7791293049649,No encontrado
4005808257621,154882
0079400300546,258282
7791293049489,No encontrado
7500435140591,No encontrado
7702018913688,No encontrado
4005808816101,No encontrado
7791293049465,No encontrado
7791600192488,No encontrado
7798175718037,No encontrado
7891150081215,No encontrado
7500435113465,No encontrado
7791293048024,307870
7798332021642,No encontrado
7798175711632,305791
8412300816106,No encontrado
7791293022635,324076
7500435141833,No encontrado
7798175711649,305789
7791293025889,306741
7798332020607,No encontrado
4005808816101,No encontrado
7702018913688,No encontrado
7791600022358,310529
7791905004226,311904
7798175719997,No encontrado
7798332020850,305775
7798175718471,305786
7798175718860,305777
7791293025537,No encontrado
7798322503622,No encontrado
7791600018344,No encontrado
7798175719928,305776
7702018913664,231728
7791293046815,No encontrado
7798175714732,No encontrado
7791600174767,305153
7798175714749,No encontrado
7798175719140,No encontrado
7791293048031,No encontrado
7702018913671,No encontrado
0000078944794,307288
7500435156875,305336
7791600071585,No encontrado
7791600174651,No encontrado
7791600192372,No encontrado
7500435141840,No encontrado
7791293046808,307274
7791600571641,No encontrado
7791600596460,No encontrado
7791293049601,No encontrado
7791293049625,308123
7791600022570,310532
7791293038261,No encontrado
7791293043746,No encontrado
0000078925519,163389
7791293043838,No encontrado
0000075069209,No encontrado
0033200197928,No encontrado
0033200197249,No encontrado
7798332020263,No encontrado
7791600596576,305171
7791600060473,No encontrado
7791600071417,No encontrado
7791600164522,No encontrado
7791600167738,No encontrado
7791600253547,No encontrado
7791600253653,No encontrado
7791600512361,No encontrado
7791905004219,311906
7791905024354,311907
7791600742584,No encontrado
7791600778132,No encontrado
7791600778576,No encontrado
7791600841959,No encontrado
7791600952853,No encontrado
7791905004202,No encontrado
7791905024378,No encontrado
4005900036704,175368
7794640630507,No encontrado
7798045219282,No encontrado
7798045219299,No encontrado
4005900130785,243842
7791293049571,308677
7798175718877,No encontrado
7791293048482,307074
7798175719829,No encontrado
7791293048505,307077
7506309864839,No encontrado
7506306214989,308089
7506306241183,303225
4005900122186,No encontrado
0000077987983,305226
4005808257669,303159
7891150089952,308092
7791293048475,No encontrado
7506306241176,116708
7791293049588,308678
7791293049564,308675
7506306214972,308090
0000078924468,312720
0000078924529,116709
7791293033266,No encontrado
7791293049632,No encontrado
4005808837311,No encontrado
7791600024345,452915
7791293049557,No encontrado
7794640171376,303279
7791293049618,No encontrado
7791293049533,No encontrado
7794640171239,234154
7891150064300,No encontrado
0079400301161,No encontrado
7794640171246,303280
7791293039640,No encontrado
4005808257584,303158
0079400052926,184140
7891150068735,308093
7791293049540,No encontrado
7791600295356,305165
7791600064563,305155
7791293049519,No encontrado
0000078944855,307287
7791600154363,No encontrado
7791600030452,No encontrado
7791293049526,308671
7791600059248,No encontrado
7791293032467,324070
7791600065478,No encontrado
7791600045593,No encontrado
7791600042042,No encontrado
7791600049461,No encontrado
7791600057268,No encontrado
7791293032481,324071
7791600064563,305155
7791600843250,No encontrado
4005808837359,No encontrado
0079400110695,254027
7791600066444,354007
7791600619251,305086
7794640171093,226281
7791600065478,No encontrado
7791600059248,No encontrado
7791600057268,No encontrado
8412300816113,No encontrado
4005808816118,No encontrado
7791293035727,No encontrado
7791293048536,No encontrado
7791293048529,No encontrado
7791600049355,No encontrado
7791293032498,324072
7791600049577,No encontrado
7791293048499,No encontrado
7791600049782,No encontrado
7791293048468,No encontrado
7791293038254,No encontrado
7791600064457,No encontrado
7791293035734,No encontrado
0000077976499,No encontrado
7791600078256,No encontrado
7791600102388,No encontrado
7791600106249,No encontrado
7790740500696,No encontrado
7791600186272,No encontrado
7791600203139,No encontrado
7790740500689,No encontrado
7791600311247,No encontrado
7791600400231,No encontrado
7791905023746,311914
7791905023777,311913
7791600400781,No encontrado
7791600521356,No encontrado
0000077976468,No encontrado
7791600779139,No encontrado
7791600779573,No encontrado
7790740500672,No encontrado
0000078944848,307285
7791905023753,No encontrado
7791905023760,No encontrado
0000078926523,324073
4005900901323,No encontrado
0000077976239,No encontrado
7791600022020,310524
4005900901316,No encontrado
7794218106564,312599
7898422746827,119414
0037000808220,No encontrado
7798175718426,No encontrado
7798332020515,No encontrado
7791293046884,307862
7509546683393,307414
4005900683830,317854
7791600024239,No encontrado
7791600030346,No encontrado
7891150026025,303303
7891024034781,307358
7798339190112,305398
7891150019560,303311
7794218000190,312601
7891150075382,No encontrado
7791293046914,No encontrado
0650240035401,304655
7790990000878,306670
7794218106373,No encontrado
7891150046481,303547
7509546683386,307413
7791293046891,307861
7798339190068,No encontrado
7791293049205,No encontrado
7798339190051,305394
7891010035976,254205
7891150025998,303304
7891150034075,No encontrado
7509546683379,307412
7891024034897,317573
7791293049182,307848
7791293046877,307863
7798339190082,305397
7791293046907,No encontrado
7791293049212,No encontrado
7798140259442,304625
0650240004643,304637
7791293046860,No encontrado
7794218106229,No encontrado
7798339190136,305399
7891150063105,No encontrado
7891024024249,240357
4005900620569,No encontrado
7793100292163,No encontrado
7790828105058,No encontrado
7798339190143,No encontrado
7794218000152,312598
7798339190129,No encontrado
7794218000176,No encontrado
7790990000823,306666
7794218106489,No encontrado
7790990000830,No encontrado
7509546683409,307415
7794218000046,No encontrado
7790740000707,No encontrado
7791293049175,No encontrado
0650240007828,No encontrado
7790990000786,306664
7798302946630,No encontrado
7891010781668,No encontrado
7790740000691,No encontrado
7790740000714,No encontrado
7790740000721,No encontrado
7790740000738,No encontrado
7790740000752,No encontrado
7790990000847,No encontrado
7790990000854,No encontrado
7794218000138,312594
7791293049168,No encontrado
7794218000183,312590
7794218106557,312591
7791520004120,No encontrado
7791520004144,No encontrado
7791520077247,No encontrado
7791520077278,No encontrado
7791520077285,No encontrado
7794218000039,No encontrado
7794218000169,No encontrado
7794218106236,No encontrado
7794218106632,No encontrado
7794218106892,No encontrado
7794218106908,No encontrado
7794218106915,No encontrado
7798153717946,No encontrado
7798153717960,No encontrado
7798153717953,No encontrado
7798339190075,305395
7798270241386,No encontrado
7891150035881,303318
7798270241393,No encontrado
7798270241409,No encontrado
7891150035874,303306
7798270244653,No encontrado
7798270244660,No encontrado
7798270245681,No encontrado
7791293046136,307867
7509546070988,303928
7791293046150,No encontrado
7791293046129,No encontrado
7702010420320,No encontrado
7891024027226,305050
7891024027257,305047
7791293049427,No encontrado
7791293049410,No encontrado
7891150025981,303307
7891024028995,305327
7791274196010,No encontrado
7891150029293,No encontrado
7791293046112,307864
7791274196041,No encontrado
7798339190280,No encontrado
7791274196003,No encontrado
7791293041841,No encontrado
7791293041803,No encontrado
7891024112861,No encontrado
7791293041858,No encontrado
7798092840538,No encontrado
7791199004230,No encontrado
7509546665818,No encontrado
7791293041865,306376
7791199003356,No encontrado
7891024039618,307788
7891024117903,300804
7791199004261,No encontrado
7791274198458,No encontrado
7791274198465,No encontrado
7791293041810,No encontrado
7791293049434,No encontrado
7798092840385,No encontrado
7509546665801,305881
7891150025967,No encontrado
7891150029309,No encontrado
8480017133922,No encontrado
8480017134080,No encontrado
8480017134097,No encontrado
8480017279910,No encontrado
7798339190266,No encontrado
7791293041797,No encontrado
7791293049403,No encontrado
7790740503727,No encontrado
7798096053248,No encontrado
7702010420313,No encontrado
7791293049441,No encontrado
7798339190495,No encontrado
7509546053776,249568
7790740503710,No encontrado
7891024026472,No encontrado
7791293046143,307865
7798339190464,No encontrado
7798339190488,No encontrado
7791274000713,No encontrado
7791274000577,No encontrado
7791274000485,No encontrado
7891024039571,No encontrado
7791274193415,No encontrado
7791274193408,No encontrado
7792175010221,No encontrado
7792206000238,No encontrado
7792206000252,No encontrado
7792206000245,No encontrado
7798024550511,No encontrado
7798092840507,No encontrado
7798092840514,No encontrado
7798092840521,No encontrado
7790740000455,306936
7791274193392,No encontrado
7798270243946,No encontrado
7798339190259,No encontrado
7791274000737,No encontrado
7791600603137,306211
7798339190297,No encontrado
7798339190310,No encontrado
7791600037123,393398
7790740000448,No encontrado
7500435148061,No encontrado
7791600018122,445883
7791600595128,No encontrado
7791600044053,233418
7791600028015,344362
7790740000431,306934
8480017260789,No encontrado
7791600040147,178951
7791600060145,No encontrado
7791600050092,300314
8480017260796,No encontrado
7791600173029,238811
7791600024123,No encontrado
7791600064235,No encontrado
7791600030230,No encontrado
7500435148047,No encontrado
7791600295134,No encontrado
7791600154141,No encontrado
7791600174439,No encontrado
7798140256151,No encontrado
7791554091707,No encontrado
7791600042844,No encontrado
7791600087012,232209
7791600042257,No encontrado
7791554001621,No encontrado
7791600024680,696647
7791600043247,No encontrado
3605532612690,No encontrado
7791600041830,No encontrado
7791600106133,No encontrado
7791600024017,303939
7791600078034,No encontrado
3605521172587,No encontrado
3360373063697,No encontrado
7791600065256,No encontrado
7791600064129,No encontrado
7791600059033,No encontrado
7791600057046,No encontrado
3365440787858,No encontrado
7791600049690,No encontrado
7791600049249,No encontrado
7791600067021,No encontrado
7791600049133,No encontrado
7791600049027,No encontrado
7791554091752,No encontrado
7791600596248,305169
7791600045418,No encontrado
7791600619145,305085
7791600668518,152472
7791600400675,No encontrado
7791600512033,No encontrado
7791600571429,No encontrado
7791600593346,No encontrado
7791600596354,No encontrado
7791600620134,No encontrado
7791600742256,No encontrado
7791600778026,No encontrado
7791600778460,No encontrado
7791600952631,No encontrado
7791600779467,No encontrado
7791908105081,No encontrado
7798140256168,307354
7791908105104,No encontrado
7793487014693,No encontrado
7795513167106,No encontrado
7795513167120,No encontrado
7795513167366,No encontrado
7797599000490,No encontrado
7798175712646,No encontrado
7798175712639,No encontrado
7798175714022,No encontrado
7798175714039,No encontrado
7798175718051,No encontrado
7798175718419,No encontrado
7798175718556,No encontrado
7798175718792,No encontrado
7798175719232,No encontrado
7798175719713,No encontrado
7798175719812,No encontrado
7798175719843,No encontrado
7798175719973,No encontrado
7798332020164,No encontrado
7798332020201,No encontrado
7798332020317,No encontrado
7798332020324,No encontrado
7798332020430,No encontrado
7798332020454,No encontrado
7798332020461,No encontrado
7798332020478,No encontrado
7798332020522,No encontrado
7798332020638,No encontrado
7798332020812,No encontrado
7798332020843,No encontrado
7798332021031,No encontrado
7798332021635,No encontrado
7798332021772,No encontrado
7798332021994,No encontrado
7798332022021,No encontrado
7798332022038,No encontrado
7798332022212,No encontrado
7798332022380,No encontrado
7798332022397,No encontrado
7798332022427,No encontrado
7798336942264,No encontrado
8410190609129,No encontrado
8410190612525,No encontrado
3349668515653,No encontrado
8410225543770,No encontrado
8410225543794,No encontrado
8411061000915,No encontrado
8411061697283,No encontrado
8411061697290,No encontrado
8411061711767,No encontrado
8411061722169,No encontrado
8411061722176,No encontrado
8411061777176,No encontrado
8411061783368,No encontrado
8411061783375,No encontrado
8411061823026,No encontrado
8411061823033,No encontrado
8411061876008,No encontrado
8411061923245,No encontrado
8411061972229,No encontrado
8433982018749,No encontrado
8410190623934,No encontrado
3360372012825,No encontrado
3360373063697,No encontrado
3360377032767,No encontrado
3365440787858,No encontrado
3605521172587,No encontrado
7791600024017,303939
3605532612690,No encontrado
3605533315347,No encontrado
7791554001621,No encontrado
7791600024680,696647
7791554091707,No encontrado
7791554091714,No encontrado
7791554091745,No encontrado
7791554091752,No encontrado
8002990292139,254447
7791600041830,No encontrado
7791600042257,No encontrado
7791600042844,No encontrado
7506460101057,319271
7794728011174,683531
7791600043247,No encontrado
7791600044275,No encontrado
7791600045142,No encontrado
7791580005082,386588
7791600045340,No encontrado
7791600045418,No encontrado
7794728013840,302720
7791600049027,No encontrado
7794728011273,683558
7791580002029,323357
7791580005051,323349
7805010002135,225241
7794728001120,683540
7791580005143,305403
7791580005136,No encontrado
7794728001229,No encontrado
7798094421001,No encontrado
7798094421032,No encontrado
7798094421025,No encontrado
7791580005068,683370
7794728001526,No encontrado
7794728002011,No encontrado
7501058769541,No encontrado
8002990292092,254448
7791580003040,323209
7794728041171,No encontrado
7798339190433,307462
7794728041270,No encontrado
7797222000767,No encontrado
7804923066418,310332
7798094421018,No encontrado
7790010002899,308031
7790010002806,308113
7804923025187,No encontrado
7794626011498,306682
7804923025248,No encontrado
7804923025255,No encontrado
7804923025279,No encontrado
7790010002790,308112
7790010002813,308029
7794728001472,No encontrado
7794728001465,No encontrado
7790010002820,308032
7794728001519,No encontrado
7790010002851,308873
7790010002837,308033
7790770601998,308624
7790010002882,308034
7790010002868,No encontrado
7790010002875,308872
7790010002844,308119
7790010002905,308122
7500435233019,No encontrado
7500435233033,No encontrado
7793620003560,No encontrado
7790770601875,308628
7794626011405,No encontrado
7790250097495,No encontrado
7790940233240,No encontrado
7790940233011,No encontrado
7790940235077,No encontrado
7790770601974,308623
7500435233026,No encontrado
7790770602230,No encontrado
7790770602032,308626
7790770602049,311739
7500435233040,No encontrado
7790770602186,310349
7790770602209,308622
7793620003553,307958
7790250097501,307481
7790940233257,312518
7790770602056,311738
7790770602247,No encontrado
7793620003126,No encontrado
7794626011412,No encontrado
7798187659083,No encontrado
7790770602001,310346
7798187659090,No encontrado
7799044030113,No encontrado
7799044030106,No encontrado
7790770602018,306633
7500435233057,No encontrado
7794626011375,No encontrado
7790010002271,No encontrado
7790770602193,311742
7896007547210,No encontrado
7790770602063,No encontrado
7798302948160,No encontrado
7798302948184,No encontrado
7790770600977,No encontrado
4006000016719,310014
7790770600960,No encontrado
4005808944385,307174
7790940233264,No encontrado
7790010002325,No encontrado
7793620003119,No encontrado
7799054009727,No encontrado
7793008017998,308988
7319470066793,304272
7793742004681,307143
7793742003790,307127
7790010002301,No encontrado
7793008018131,308995
4006000016740,310016
7793008018025,308989
7793742004711,No encontrado
7702003008511,309438
7793742004650,No encontrado
7793742003707,No encontrado
7793742004728,No encontrado
4006000003870,No encontrado
4006000016726,No encontrado
4006000016702,No encontrado
4006000016733,No encontrado
7702003008504,No encontrado
7790047000509,No encontrado
7790047000516,No encontrado
7790047000523,No encontrado
7790299003525,No encontrado
7790299003532,No encontrado
7790299003549,No encontrado
7790299003556,No encontrado
7790375268398,No encontrado
7790375268411,No encontrado
7790375268428,No encontrado
7790375268435,No encontrado
7791274002830,303768
7790375268831,No encontrado
7790375268848,No encontrado
7793008017950,308984
7793008017967,321238
7790375268886,No encontrado
7793008017981,308985
7790375269449,No encontrado
7793008018032,308990
7791274001956,No encontrado
7791274002847,No encontrado
7791274004117,No encontrado
7791274200625,No encontrado
7791274201059,No encontrado
7793008018100,308993
7793742003738,303752
7793742003776,303748
7793008018049,No encontrado
7793008018056,No encontrado
7793008018063,No encontrado
7793008018070,No encontrado
7793008018087,No encontrado
7793742004735,306014
7793742004759,319917
7793008018094,No encontrado
7793742003233,No encontrado
7793742003264,No encontrado
7793742024627,310428
7793742004520,No encontrado
7793742004568,No encontrado
7793742007316,No encontrado
7793742024603,No encontrado
7793742024610,No encontrado
7796045000985,No encontrado
7796045102276,No encontrado
7796045102344,No encontrado
7796045102559,No encontrado
7796045102603,No encontrado
7796045102627,No encontrado
7796045102733,No encontrado
7796045102931,No encontrado
7796045108124,No encontrado
0075486021641,No encontrado
7796045109022,No encontrado
0075486021689,No encontrado
0075486033187,No encontrado
0075486087999,No encontrado
0075486088637,No encontrado
0075486089580,No encontrado
4005900954541,317847
0075486090289,No encontrado
0075486091286,No encontrado
7790416066426,223057
7790416066525,223058
0075486091736,No encontrado
0079656525243,No encontrado
7791274005329,297886
7790416066631,223062
3337871310714,No encontrado
3337871323622,No encontrado
4005808555727,No encontrado
7790416066624,223059
7790416066433,No encontrado
7791274005275,307725
7790416018616,310012
7790416066532,No encontrado
7791274198069,304690
7791274198045,304688
7791293044484,306750
7791274198052,310510
7790416018609,No encontrado
7791293044477,306749
7791293044491,306751
7790416012591,No encontrado
7791293044460,No encontrado
7791274200038,No encontrado
7791274187742,No encontrado
7791274009532,No encontrado
7791293044507,No encontrado
7798270247470,No encontrado
7791274196416,No encontrado
7791274198076,No encontrado
7791274198113,No encontrado
7891010254773,306110
7791274198120,No encontrado
7791520009675,No encontrado
7891010254780,306111
7791520009682,No encontrado
7891010254803,306824
7891010254797,306146
7891010254766,306447
7798270247463,No encontrado
7702026194697,307841
7702425543966,321405
4005800317798,No encontrado
7702026194581,No encontrado
7702425808041,No encontrado
7702425808058,No encontrado
7799044030168,No encontrado
7796285285999,No encontrado
7796285285135,No encontrado
7799054034637,No encontrado
7799054034644,No encontrado
7799054034651,No encontrado
7799054034668,No encontrado
7702026194703,307842
7799054034675,No encontrado
7799120001051,No encontrado
7798270242307,No encontrado
0662425026821,No encontrado
0662425026845,No encontrado
0662425027132,No encontrado
7702026194710,No encontrado
7702026194727,No encontrado
7500435229562,307946
7796285286002,No encontrado
7798270242291,No encontrado
7790010002769,308118
7790010002776,308040
7790770602292,308635
7794626010842,305799
0662425026791,No encontrado
7500435229517,309376
7790010002653,308121
7798270242314,No encontrado
7790010002615,308871
7799054034224,No encontrado
7799054034231,No encontrado
7790010002660,No encontrado
7790770601912,308629
7500435229500,309375
7794626010828,305933
7790010003162,310423
7790010002752,308039
7500435229487,309373
7790770601851,308634
7500435229494,309374
7500435229531,No encontrado
7790010002684,No encontrado
7790010002677,308041
7790010003179,310424
7500435229609,309379
7790010002646,308114
7790770601899,308632
7790010002721,308116
7794626011566,306955
7500435229586,No encontrado
7790010002738,308117
7790940216151,No encontrado
7500435229579,No encontrado
7790010002783,308042
7500435229654,309380
7790010002707,308115
7790010003186,310426
7790770602070,308619
7790010002714,308043
7790010002639,308036
7794626011504,No encontrado
7790010002622,308035
7790010002691,No encontrado
7790770602087,308620
7896007551002,No encontrado
7790940216212,304900
7896007552757,No encontrado
7794626010880,No encontrado
7794626010811,No encontrado
7790940216045,No encontrado
7790940216113,No encontrado
7790940216243,No encontrado
7500435229593,No encontrado
7794626010330,No encontrado
7500435229548,No encontrado
7794626011733,No encontrado
7794626010347,No encontrado
7798187659151,No encontrado
7798187659175,No encontrado
7799044030175,No encontrado
7798187659120,No encontrado
7790770602100,No encontrado
7799044030182,No encontrado
7799044030199,No encontrado
7790770601059,No encontrado
7794626011481,No encontrado
7790250097426,No encontrado
7794626011559,No encontrado
7790010570770,No encontrado
7790940518033,312511
7790940518026,312510
7790010570763,No encontrado
7790940518040,312515
7790770602148,No encontrado
7790770601882,310342
7790010002745,308038
7790770602094,No encontrado
7790940216144,No encontrado
7790940216236,No encontrado
7891010976262,304068
7798140257547,308168
7798140253372,304963
7509552912005,303250
7509552912012,303251
7799054009734,No encontrado
7799054009741,No encontrado
7798140259978,304966
7798140259985,304965
7798140255024,306676
4005900086426,298275
0019100171428,No encontrado
3337875660617,No encontrado
8470003245913,No encontrado
7501027232311,364312
7501056332075,No encontrado
7798140257554,308166
4005900806161,306268
4005808553846,No encontrado
7899706194273,313199
4005900938534,317852
7891010251048,307956
7798140257530,308167
3337871328795,No encontrado
7798140256120,No encontrado
7509552844047,313200
7891010245214,304447
7798140256274,No encontrado
3337875607254,No encontrado
3337871328801,No encontrado
7509552905137,213418
7501056325442,235904
7501056330309,303499
3600542326414,305231
7793742005039,307878
7891010972226,No encontrado
7793742007576,446932
7793742007583,190579
7509552849646,306902
7891010882983,No encontrado
7798140257578,308172
7798140257592,308169
4005900806154,No encontrado
7891010099725,303474
4005900713636,317850
8480017260635,No encontrado
4005900713629,317067
7891010253844,306961
7793742007118,No encontrado
7798008966482,308689
7798008966505,308690
7798140250371,304640
7798140257561,308171
7804955890593,No encontrado
7891010245191,No encontrado
7798140259435,No encontrado
7798270247319,No encontrado
7798270247326,No encontrado
7793742108587,No encontrado
3337875774017,No encontrado
3337875774161,No encontrado
4005900786470,No encontrado
7509552796131,317433
4005900786487,No encontrado
7509552905366,213415
4005900887818,No encontrado
7509552911992,303249
7501056330484,No encontrado
7506078984172,No encontrado
7793742002922,190425
7793742007897,182892
7790375268855,No encontrado
7792175010085,No encontrado
7792175010276,No encontrado
7793742002915,No encontrado
7793742007606,No encontrado
7793742007620,No encontrado
7793742007958,No encontrado
7793742007965,No encontrado
7793742008306,No encontrado
7793742008313,No encontrado
4005900773821,306264
7509552455557,304259
7793742008542,No encontrado
4005900773838,306267
4005900359261,306968
7793742008566,No encontrado
7793742008573,No encontrado
3337875757669,No encontrado
7793742208539,No encontrado
7501054541172,317851
7796285288990,No encontrado
0650240051630,305852
0650240051647,305853
7796285289003,No encontrado
7501056324889,302997
7509552800098,304096
7790773008473,216052
0000042277132,No encontrado
7891010245160,304214
7790773008435,307509
0000042211051,No encontrado
7791274197710,310516
7793742007415,307876
7793742007934,318545
4005900773845,306265
8480017260765,No encontrado
8480017260772,No encontrado
7509552798005,313202
3600541744523,No encontrado
7509552843705,No encontrado
7509552842319,321328
7702018072477,197652
7500435178570,307803
7702018001071,157221
7891010251055,No encontrado
7702018983872,242466
7500435211635,307937
7702018072392,197665
7702018072217,241790
7798140255611,No encontrado
0070330734395,304998
3600541358485,No encontrado
7506339315905,252408
7500435219334,307940
0070330731769,305210
7500435225366,307938
7500435219648,307766
0070330731745,245661
7506339337525,242483
7702018037803,No encontrado
7500435224604,307768
7500435219655,307765
7506309841762,No encontrado
7500435173100,307485
7702018983902,242481
7702018874729,128947
7702018072408,197667
7500435204026,309416
7500435203975,No encontrado
0047400179240,No encontrado
7702018053469,307767
7500435173223,307486
7702018874750,128948
4005808229123,304316
7500435178587,307804
7702018037896,304279
7702018037865,304278
8715200813061,152147
0070330745889,305209
7506339315486,252407
7500435144223,304877
7500435219662,307770
7702018874781,128949
0070330728509,306082
0070330721838,306084
0070330371002,306085
7500435144230,304878
7506339337532,242486
0070330732339,251900
0070330728547,306083
7506339398175,No encontrado
0070330717510,121714
0070330717527,121715
7500435110020,No encontrado
4005808817405,No encontrado
7500435125239,298431
0070330722279,No encontrado
7799054048474,No encontrado
7506339315899,No encontrado
7506339398052,No encontrado
7791274000928,No encontrado
7791274191930,No encontrado
7791969076634,No encontrado
0070330713406,No encontrado
7793970550707,No encontrado
7798153714129,No encontrado
7799054009543,No encontrado
7500435160674,306415
8412300813006,152078
7799054009550,No encontrado
7799054009567,No encontrado
7799054022368,No encontrado
7799054034217,No encontrado
7799054035139,No encontrado
7501843502926,307757
7500435198110,No encontrado
7506339337549,315880
7500435110013,No encontrado
7501791601993,No encontrado
7506339389500,314640
7501791602006,No encontrado
7501791657686,No encontrado
7501791657693,No encontrado
7501843502919,No encontrado
0070330734401,305000
7500435105699,No encontrado
0070330717565,305213
7506339315479,No encontrado
4005900071279,No encontrado
7891024183083,134447
0070942306805,303421
7891024183120,301611
0070330736559,No encontrado
7794640171758,304869
7794640171741,303282
0070330731806,No encontrado
7702018330126,No encontrado
7794640171765,303281
7702018382323,No encontrado
0070330717534,No encontrado
7891024183182,307357
0070942303194,305246
7794640172731,No encontrado
0070942304344,No encontrado
7794640171420,No encontrado
7891024183236,No encontrado
7794640171734,No encontrado
7794640173219,No encontrado
7794640173240,No encontrado
7798034742760,No encontrado
7798097320066,No encontrado
7798097320158,No encontrado
7798097326679,No encontrado
7798097328000,No encontrado
7798158489589,No encontrado
7798158489596,No encontrado
7798364400095,No encontrado
7798364400101,No encontrado
7804900000251,No encontrado
7891024183014,No encontrado
0047701000717,No encontrado
7896009490651,No encontrado
0047701002032,No encontrado
0047701002834,No encontrado
7794640171703,320019
0070942001953,No encontrado
0070942304733,No encontrado
7509546075242,307230
0070942507233,No encontrado
5900273001566,301201
7591083011098,302605
7500435129749,No encontrado
0070942003308,304934
7509546671536,No encontrado
7792175008174,No encontrado
7794640171444,No encontrado
0099176316565,164172
0099176369226,303715
7509546073453,303910
0070942003117,254379
7794640171710,No encontrado
7702010631207,173535
0070942004114,254390
7798142356385,306375
7702010631405,No encontrado
7798142356392,307976
7891024078174,No encontrado
7891024116128,303571
7753442000390,317768
7793100151224,233656
7509546653143,No encontrado
7794640172984,320018
7509546061689,No encontrado
7509546673042,No encontrado
0070942122863,No encontrado
3014260019723,303722
0070942501248,305242
7501086453955,248147
7591083011081,No encontrado
0070942001595,No encontrado
7501086494262,306618
7509546668659,No encontrado
7794640172366,No encontrado
0070942002110,No encontrado
7794640172977,No encontrado
0070942303286,No encontrado
7500435113823,No encontrado
7702010630422,302111
7509546055152,No encontrado
7591083017793,No encontrado
7794640171772,No encontrado
7794640172960,No encontrado
7798142352110,No encontrado
0070942916127,No encontrado
8058664075218,No encontrado
0070942914147,No encontrado
7794640171697,307706
0070942303460,No encontrado
0070942302357,No encontrado
0070942125352,No encontrado
7794640171581,No encontrado
8906038788342,No encontrado
0070942124300,No encontrado
8906038788359,No encontrado
0070942004091,No encontrado
0070942003315,No encontrado
7798034744146,No encontrado
7798034744757,No encontrado
7798034747383,No encontrado
7798034748557,No encontrado
7798034748564,No encontrado
7798034749943,No encontrado
7798034749950,No encontrado
7798142350499,No encontrado
8906038788403,No encontrado
0070942003247,No encontrado
0070942003193,No encontrado
7798158483549,No encontrado
7798344320429,No encontrado
7798344320597,No encontrado
7798364400170,No encontrado
7891024019610,No encontrado
7891024020173,No encontrado
7891024020180,No encontrado
7891024020197,No encontrado
7891024020210,No encontrado
7891024064313,No encontrado
7891024068007,No encontrado
0070942002332,No encontrado
7891024131183,307744
0070942002141,No encontrado
7896015591823,No encontrado
7891024136409,303394
7891024030806,307752
7509546074399,No encontrado
8058664075201,No encontrado
7509546065465,No encontrado
7891010255312,309499
7891010255350,308876
7509546678733,No encontrado
7500435170970,No encontrado
7509546686622,316951
7891010255374,309502
7891010255237,No encontrado
7891024130940,233312
7509546686615,316950
7891010255367,No encontrado
7891010255251,No encontrado
7891010255398,No encontrado
7891010255299,No encontrado
7891024028018,No encontrado
7891010255275,No encontrado
7891024130957,211004
7891024025406,No encontrado
7509546679617,307743
7791274200847,No encontrado
7891010255244,309498
7891024179420,No encontrado
7509546666990,No encontrado
7891010255381,309503
7793100141393,No encontrado
7891024028834,No encontrado
7509546679532,No encontrado
7891010255282,309483
7793100141201,No encontrado
7891010255343,No encontrado
7891010255404,No encontrado
7891024027363,No encontrado
7891024039625,No encontrado
8718951193611,No encontrado
7891024027998,No encontrado
7891010255268,No encontrado
7798270246756,No encontrado
7792175007054,No encontrado
7891024036570,No encontrado
8718951193642,No encontrado
7792175001090,No encontrado
7509546686509,307783
7501086453016,No encontrado
7791274200854,No encontrado
7793100111891,243896
7891024131459,No encontrado
7891024134429,108635
7891024034095,303594
7509546686325,No encontrado
7891010255329,No encontrado
7509546686042,308001
7509546679525,No encontrado
7896015520045,303793
7891010255411,No encontrado
7509546686523,307782
7509546686516,No encontrado
7798142351205,306403
7509546687292,307740
7891024135020,245023
7891024005064,316949
7891024123027,187010
7509546654034,305059
7500435150248,305061
7506295388487,223043
7509546687278,No encontrado
7891037744257,362573
7509546056098,220703
7509546066776,696073
7896015591106,304030
7793100120275,251566
7509546665979,No encontrado
7793100120282,251567
7891024132647,No encontrado
7500435127363,304019
7896009419294,176802
7509546651057,305046
7509546686035,No encontrado
7896009419324,303391
7891024123362,304575
7891024131909,304287
7509546668055,305531
7896009498091,307594
7798142350222,307975
7798142356583,No encontrado
7896015527457,197061
6920354822193,304333
7794640170720,No encontrado
7896015591786,No encontrado
5054563054975,307119
0070942003551,No encontrado
3014260279165,No encontrado
7509546667577,306152
7891024123188,No encontrado
7506339398427,No encontrado
8906038784863,No encontrado
0070942003803,No encontrado
7509546056111,No encontrado
7509546069609,No encontrado
7509546653402,No encontrado
7509546677538,No encontrado
7509546677545,No encontrado
7509546688336,No encontrado
7509546688404,No encontrado
7792175001878,No encontrado
7792175001885,No encontrado
7792175001892,No encontrado
7792183486735,No encontrado
7793100111143,No encontrado
7793100130236,No encontrado
7793100130243,No encontrado
7794066000014,No encontrado
7794066000144,No encontrado
7794066000267,No encontrado
7794066000625,No encontrado
7794640170133,No encontrado
7794640170386,No encontrado
7891024124628,215175
7794640172472,No encontrado
7798032936765,No encontrado
7798034747406,No encontrado
7896009498589,310189
7896015527433,305045
7798142350468,No encontrado
7798142350567,No encontrado
7891024002490,No encontrado
7891024033715,No encontrado
7790139101053,286361
7790139003807,219323
7790139000400,219324
7896009498572,No encontrado
8718951193581,No encontrado
8906038782043,No encontrado
8906038783224,No encontrado
0033200180531,No encontrado
7790139003654,188195
7790139101435,No encontrado
7790139101428,No encontrado
7790139100797,No encontrado
7790139100964,No encontrado
7790139000288,211849
7790139000462,No encontrado
7790139100728,No encontrado
7799054040454,No encontrado
7790139100384,No encontrado
7790139100933,No encontrado
7790139101121,No encontrado
7798094424187,No encontrado
7799054040447,No encontrado
7790139100537,No encontrado
7790139000493,No encontrado
7791199004414,No encontrado
7791199004544,No encontrado
7791199004711,No encontrado
7791274199288,No encontrado
7791274199592,No encontrado
7792378001644,No encontrado
7792378001668,No encontrado
7792378001712,No encontrado
7792378001729,No encontrado
7792378001767,No encontrado
7799054036457,No encontrado
7790139100940,No encontrado
7702003010781,307350
7702003010736,306417
7790139101046,No encontrado
7790139100858,No encontrado
7798245696517,No encontrado
7501054542896,321252
7792378113620,No encontrado
7792378113637,No encontrado
7798024570557,No encontrado
7702003010774,317843
7702003010743,317068
7501054550044,311280
7798024570564,No encontrado
7501054550648,No encontrado
7501054550631,No encontrado
7501054550990,No encontrado
7702003010750,No encontrado
7702003010798,No encontrado
7790773090058,No encontrado
0051131222908,No encontrado
7805070400872,No encontrado
0051131223004,No encontrado
4005900942791,317842
7501054550563,317844
0051131223257,No encontrado
7791519702105,193069
7791519704642,306178
4005800208690,No encontrado
4005900899002,No encontrado
7791519704659,306181
7798171946502,305025
7791519704635,306182
7798171946328,No encontrado
7791519702099,No encontrado
7791519704604,307037
7791519200045,No encontrado
7798171946410,No encontrado
7791519701061,No encontrado
7798171946397,No encontrado
7791519704611,No encontrado
7791519704598,No encontrado
7791519702112,No encontrado
7798171946489,No encontrado
0000002674407,No encontrado
7798171946434,No encontrado
7791519000676,No encontrado
7791519000072,No encontrado
7791014001321,No encontrado
7791014001154,No encontrado
7791014001338,No encontrado
7791014001550,No encontrado
7791519000096,No encontrado
7791519000102,No encontrado
7791519200069,No encontrado
7791519200076,No encontrado
7791519700637,No encontrado
7791519700699,No encontrado
7791519701085,No encontrado
7791519701030,No encontrado
7791014121906,304940
7791519701856,No encontrado
7791519704673,No encontrado
7791519704734,No encontrado
7798171946281,No encontrado
7791519001338,No encontrado
7791519702129,No encontrado
7791519702754,No encontrado
7791519702785,No encontrado
7791519702778,No encontrado
7791519702792,No encontrado
7791519702921,No encontrado
7791519704581,No encontrado
7791014121371,No encontrado
7791014090332,No encontrado
7791014090325,No encontrado
7791519704628,No encontrado
7791014001802,No encontrado
7791014001536,226850
7791014001772,No encontrado
7791014001765,No encontrado
7798194560037,No encontrado
7791014001512,230117
7798194560051,No encontrado
7798171946267,No encontrado
7798171946496,305024
7798194560129,No encontrado
7791014001727,No encontrado
7798171946366,No encontrado
7791014001345,No encontrado
7791014001314,No encontrado
7791014001161,No encontrado
7798171946816,No encontrado
7798171946823,No encontrado
7798171946939,No encontrado
7790940515063,696529
7791519200090,No encontrado
7798171947141,No encontrado
7791519701160,No encontrado
7798194560013,No encontrado
7896007552955,308055
7896007552962,308057
7702026174149,307924
7791519200021,No encontrado
7702026174156,307923
7702026191269,No encontrado
7702026191276,No encontrado
7790940410252,312503
7702027440175,No encontrado
7793742004308,No encontrado
7794626011160,No encontrado
7794626011177,No encontrado
7794626011252,No encontrado
7896007547128,No encontrado
7896007547173,No encontrado
7790940516602,No encontrado
7791229000089,No encontrado
7791229003073,No encontrado
7791229003080,No encontrado
7791229152788,No encontrado
7791229152856,No encontrado
7791229152924,No encontrado
7791229153136,No encontrado
7794626011115,No encontrado
7794626011122,No encontrado
7794626013713,311959
7794626011153,No encontrado
7790940000071,No encontrado
7896007547203,No encontrado
7794626011184,No encontrado
7790940410245,312502
7794626011191,No encontrado
7794626011238,No encontrado
7702026181390,No encontrado
7794626013751,No encontrado
7702026180881,No encontrado
7790940516541,No encontrado
7790940516527,No encontrado
7790940516596,No encontrado
