codigo_interno,nombre_producto,precio_producto
188322,galletitas dulces cooperativa chips de chocolate 300grs,"3.319,00"
253486,azúcar ledesma clásica común tipo a 1kgs,"1.445,00"
708192,hummus de garbanzo vegano felices las vacas 220grs,"2.290,00"
188320,galletitas dulces cooperativa marmoladas 300grs,"3.319,00"
714799,puré de papas maggi original 125grs,"2.920,00"
312608,alimento en polvo a base de azúcar y cacao nesquik original 360grs,"6.150,00"
266423,cebada instantánea primer precio doypack 100grs,"2.590,00"
883530,puré de tomate primer precio 520grs,"750,00"
273997,producto a base de miel y glucosa lago epecuén osito 340grs,"3.690,00"
283203,lentejas primer precio secas 400grs,"1.490,00"
188319,galletitas dulces cooperativa sabor vainilla 300grs,"3.319,00"
298901,alimento infantil nestum multicereal sin azúcar agregada 125grs,"2.490,00"
855995,miel cooperativa frasco 500grs,"6.990,00"
145564,aceite de girasol cooperativa 1500cm3,"4.650,00"
241171,cebada el pocillo fortificada doypack 100grs,"3.562,00"
298899,alimento infantil nestum banana sin azúcar agregada 225grs,"6.190,00"
311091,azúcar primer precio común tipo a 1kgs,"1.279,00"
279502,miel primer precio pote 250grs,"2.690,00"
311152,alimento vitina espinaca 250grs,"2.350,00"
311151,alimento vitina clásica 250grs,"1.980,00"
714525,hummus de garbanzos kamar receta clásica 230grs,"4.890,00"
214460,paté de foie la negra 90grs,"935,00"
190373,nueces nogal dorado peladas 100grs,"5.199,00"
281758,arroz primer precio largo fino 00000 1kgs,"1.099,00"
296059,arroz gallo oro parboil 500grs,"1.120,00"
709159,magdalenas marmoladas don satur  200grs,"3.199,00"
129756,azúcar domino común tipo a 1kgs,"1.369,00"
311087,caldo de verdura knorr deshidratado 12 cubos 114grs,"2.849,00"
154964,cereales primer precio granola 350grs,"3.189,00"
957470,sal fina primer precio paquete 500grs,"1.219,00"
957453,sal gruesa primer precio  1kgs,"1.490,00"
309318,arroz gallo oro parboil selección 1kgs,"3.189,00"
318549, 90grs,"799,00"
279824,lentejas la abadía 400grs,"1.890,00"
208830,huevo de chocolate kinder celeste 20grs,"2.750,00"
317379,harina de trigo leudante cooperativa 1kgs,"1.099,00"
708170,untable a base de almendras felices las vacas sabor dulce de leche 250grs,"2.469,00"
881279,atún primer precio al natural 170grs,"1.350,00"
311475,puré de tomate arcor 520grs,"1.179,00"
317377,harina de trigo cooperativa 000 1kgs,"699,00"
714527,hummus de garbanzos kamar sésamo y pimentón 230grs,"4.790,00"
709157,magdalenas vainilla con dulce de leche don satur  220grs,"3.199,00"
312905,galletitas crackers traviata con un toque de kesitas sabor queso 96grs,"989,00"
716913,pan de hamburguesa schar sin gluten 130grs,"5.390,00"
315245,sémola de trigo candeal pureza 500grs,"1.790,00"
316965,cebada instantánea el pocillo intensa doypack 115grs,"3.820,00"
714529,hummus de garbanzos kamar olivas negras 230grs,"4.790,00"
129015,atún cooperativa trozos en aceite y agua 160grs,"2.890,00"
316789,atún cooperativa lomitos al natural 160grs,"3.250,00"
279503,miel primer precio pote 500grs,"5.890,00"
106020,almendras nogal dorado  100grs,"5.149,00"
881260,atún primer precio en aceite y agua 170grs,"1.350,00"
280504,aceitunas verdes cooperativa descarozadas 150grs,"2.550,00"
281595,dulce de leche primer precio clásico 400grs,"1.799,00"
283905,arroz dos hermanos no se pasa 1kgs,"1.999,00"
214461,picadillo de carne la negra 90grs,"935,00"
317765,barra proteica ena sabor chocolate brownie 46grs,"2.200,00"
275362,bicarbonato de sodio cooperativa 50grs,"640,00"
312607,alimento en polvo a base de azúcar y cacao nesquik original 150grs,"2.690,00"
312255,lentejones primer precio 400grs,"2.249,00"
447592,ciruelas desecadas rodriguez acacio sin carozo 250grs,"4.059,00"
265436,cebada primer precio instantánea fortificada pote 170grs,"4.575,00"
266265,cebada el pocillo fortificada 500grs,"14.877,00"
280499,aceitunas verdes cooperativa con carozo 180grs,"1.989,00"
322441,combo alimento infantil nestum multicereal + nestum trigo y miel 450grs,"13.990,00"
176477,paté de foie changuito 90grs,"890,00"
714528,hummus de garbanzos kamar sésamo y ajo 230grs,"4.790,00"
311632,sopa crema knorr choclo con puerro y cúrcuma 70grs,"1.590,00"
276739,coco rallado cooperativa 50grs,"1.250,00"
105725,lentejas cooperativa 400grs,"1.759,00"
231480,atún ecoop en trozos sin adición de sal 160grs,"2.950,00"
296731,pimentón paprika badia 56grs,"8.639,00"
266724,harina de trigo primer precio 0000 1kgs,"919,00"
316790,atún cooperativa lomitos en aceite y agua 160grs,"3.250,00"
321383,barra íntegra semillas y chocolate sin tacc 38grs,"1.700,00"
216871,cereales primer precio almohaditas rellenas chocolate 180grs,"2.409,00"
311083,caldo en cubos knorr balance verduras 114grs,"3.290,00"
316310,alimento en polvo a base de azúcar y cacao nesquik original 800grs,"12.590,00"
280503,aceitunas verdes cooperativa en rodajas 150grs,"2.380,00"
298837,granola berries kos food  400grs,"4.379,00"
285017,cereales primer precio almohaditas rellenas avellana 180grs,"2.409,00"
267119,dulce de leche cooperativa familiar 400grs,"2.549,00"
312904,galletitas crackers traviata con un toque de rex original 96grs,"989,00"
152056,pasas de uva rodriguez acacio sin semillas 100grs,"1.489,00"
316791,atún ecoop lomitos en agua sin adición de sal 160grs,"3.350,00"
272479,aceitunas verdes la toscana rellenas 150grs,"2.579,00"
294205,azúcar la providencia común tipo a 1kgs,"1.349,00"
281108,aceite mezcla siglo de oro 900cm3,"2.990,00"
298897,alimento infantil nestum trigo y miel sin azúcar agregada 225grs,"6.190,00"
279823,garbanzos la abadía 400grs,"1.690,00"
283205,maíz primer precio pisingallo 400grs,"949,00"
245511,cereales primer precio bolitas sabor chocolate 160grs,"1.609,00"
147548,té cooperativa manzanilla en saquitos x25 50grs,"1.390,00"
288629,choclo amarillo primer precio en granos enteros lata 300grs,"1.389,00"
916498,aceitunas verdes primer precio con carozo 170grs,"1.149,00"
264602,tomate triturado primer precio botella 970grs,"2.099,00"
104279,arroz molinos ala dorado parboil 1kgs,"1.990,00"
921912,bizcochos 9 de oro agridulces 420grs,"1.890,00"
288628,arvejas primer precio al natural 300grs,"689,00"
105727,maiz cooperativa pisingallo 400grs,"1.119,00"
289550,garbanzos cooperativa remojados 300grs,"1.179,00"
277766,duraznos al natural abeto en mitades 820grs,"3.450,00"
310145,polvo para preparar bizcochuelo exquisita vainilla 540grs,"3.629,00"
298839,granola tradicional kos food  400grs,"4.379,00"
311226,galletitas dulces chocolinas original 250grs,"2.589,00"
107689,esencia de vainilla don ubaldo 100cm3,"1.290,00"
310362,edulcorante en polvo ledesma con stevia x100 80grs,"3.750,00"
318539,mermelada cooperativa durazno frasco 454grs,"2.590,00"
317805,mermelada bc frutos rojos frasco 390grs,"5.460,00"
321258,pasta de sésamo tahina zeenny 250grs,"10.359,00"
208827,huevo de chocolate kinder rosa x2 40grs,"5.250,00"
311473,harina de maíz prestopronta instantánea 490grs,"1.715,00"
321255,duraznos al natural en mitades cooperativa bajas calorías 800grs,"3.190,00"
267121,dulce de leche repostero cooperativa 400grs,"2.649,00"
311086,caldo de gallina knorr deshidratado 12 cubos 114grs,"2.849,00"
311160,gelatina en polvo exquisita frutilla 25grs,"1.189,00"
312235,galletitas dulces rellenas oreo sin gluten 95grs,"1.790,00"
311144,aceite en aerosol cocinero fritolim clásico 120grs,"4.590,00"
317766,barra proteica ena sabor banana split 46grs,"2.200,00"
228025,conejo de pascua bon o bon chocolate con leche 110grs,"14.339,00"
105791,pasas de uva nogal dorado sin semillas 100grs,"1.939,00"
311143,bizcochos azucarados primer precio 150grs,"1.089,00"
850160,ciruelas desecadas rodriguez acacio 250grs,"2.699,00"
245510,cereales primer precio anillos frutales 160grs,"1.609,00"
274472,lentejas primer precio al natural tetra 340grs,"1.090,00"
134781,fideos cooperativa laminados al huevo 500grs,"3.049,00"
318519,caramelos clight sabor naranja  26grs,"760,00"
866750,bizcochos 9 de oro azucarados 210grs,"1.189,00"
295731,tostadas de arroz leiva aireadas dulces 150grs,"1.490,00"
317763,barra proteica ena sabor frutilla 46grs,"2.200,00"
313038,castañas de cajú el cosaco 120grs,"4.900,00"
311153,polvo para preparar bizcochuelo exquisita chocolate 540grs,"4.289,00"
221868,harina de trigo favorita 0000 1kgs,"1.489,00"
317279,vinagre de alcohol cooperativa sin gluten 500ml,"985,00"
317198,café nescafé gold signature 95grs,"19.660,00"
316698,caldo en cubos primer precio verdura 57grs,"849,00"
298984,edulcorante líquido cañuelas clásico 200cm3,"1.759,00"
310745,mix energético zyma 150grs,"2.850,00"
111708,pasas de uva nogal dorado sin semillas 250grs,"4.849,00"
320963,castañas de cajú zyma 150grs,"6.060,00"
709717,dulce de batata la campagnola lata 700grs,"6.900,00"
100786,cereales primer precio bolitas de chocolate 300grs,"2.149,00"
317760,fideos primer precio tirabuzón 500grs,"699,00"
279828,maíz la abadía pisingallo 400grs,"1.249,00"
253023,madalenas primer precio chips chocolate 250grs,"2.240,00"
289726,polenta cooperativa instantánea 500grs,"669,00"
216870,cereales primer precio almohaditas rellenas limón 180grs,"2.409,00"
315008,fideos wakas penne rigate maíz sin gluten 300grs,"3.550,00"
309888,cóctel de frutas piacere 4 frutas 820grs,"3.490,00"
266607,aceite de girasol primer precio 900cm3,"3.290,00"
299329,nachos doritos queso 129grs,"3.519,75"
320964,mix frutos secos sin pasas zyma bolsa 150grs,"5.049,00"
277300,tomate triturado abeto botella 950grs,"2.589,00"
176479,picadillo de carne changuito 90grs,"890,00"
310108,puré de papas maggi sabor finas hierbas 100grs,"3.740,00"
311172,gelatina en polvo exquisita durazno 25grs,"1.189,00"
105728,garbanzos cooperativa 400grs,"1.969,00"
298950,aceite de oliva cocinero  250cm3,"5.490,00"
268866,condimento para pizza cooperativa 25grs,"829,00"
312092,salsa lista knorr pomarola tipo casera 340grs,"1.499,00"
317955,polvo para preparar brownie exquisita chocolate 425grs,"4.790,00"
146713,sal marina gell singh 120grs,"2.287,00"
317287,chips de manzana roja fruch corte americano 25grs,"2.490,00"
309331,vainillas primer precio x12 148grs,"1.339,00"
280736,caldo en cubos safra verdura  114grs,"1.890,00"
263930,confites rocklets mini 150grs,"6.330,00"
288335,jardinera cooperativa al natural 300grs,"1.179,00"
281109,papas fritas cooperativa corte tradicional 250grs,"4.979,00"
231288,tomate triturado cooperativa botella 950grs,"2.390,00"
257972,snacks de arroz hornados dos hermanos sabor cebolla 80grs,"1.355,00"
311085,caldo en cubos knorr carne deshidratado 114grs,"2.849,00"
100326,lentejón olinto 400grs,"2.920,00"
289544,lentejas al natural ecoop sin sal agregada 300grs,"1.310,00"
288638,jardinera primer precio 300grs,"1.019,00"
293324,palitos de maíz cooperativa sabor queso 150grs,"1.728,00"
199287,mamón en almíbar flor de jardín frasco 400grs,"6.720,00"
715394,salsa narda lepes sriracha 380grs,"8.429,00"
715393,salsa pampagourmet tipo teriyaki con vino 285grs,"7.350,00"
320962,almendras zyma 150grs,"8.160,00"
310142,gelatina en polvo exquisita frambuesa 40grs,"1.190,00"
283201,arvejas primer precio partidas secas 400grs,"990,00"
268865,mezcla cooperativa para preparar chimichurri 25grs,"880,00"
311474,puré de tomate la campagnola 530grs,"1.349,00"
318536,fideos primer precio tallarines 500grs,"699,00"
313160,mix frutos secos zyma con maní 150grs,"4.169,00"
311984,aceite de girasol cooperativa 900cm3,"3.350,00"
189804,fideos bahía blanca laminados al huevo finos 500grs,"3.379,00"
315357,gomitas mogul moras 50grs,"1.290,00"
216449,harina de trigo pureza ultra refinada 0000 1kgs,"1.389,00"
100787,anillos de cereal primer precio sabor limón 300grs,"2.149,00"
136955,oblea bon o bon bañada leche 30grs,"1.350,00"
288338,mermelada la campagnola selección durazno frasco 380grs,"5.350,00"
253020,madalenas primer precio sabor limón 250grs,"1.959,00"
289555,porotos cooperativa secos remojados 300grs,"1.345,00"
217064,salsa de soja primer precio 280grs,"3.149,00"
182397,salsa blanca alicante deshidratada 40grs,"1.655,00"
317758,fideos primer precio mostachol 500grs,"699,00"
279829,porotos alubia la abadía 400grs,"2.690,00"
278550,té la virginia sabor maracuyá x20 40grs,"2.405,00"
290309,té negro virgin islands clásico en saquitos x25 25grs,"2.471,00"
273547,galletitas crackers cooperativa pack familiar x5 505grs,"2.490,00"
317315,papas fritas quento snacks queso crema y ciboulette 82grs,"1.807,00"
269746,huevo de chocolate kinder natoon 20grs,"2.750,00"
316238,pulpa tomate primer precio 520grs,"749,00"
299331,nachos doritos queso 77grs,"2.599,35"
309231,arroz gallo doble carolina 500grs,"1.890,00"
100617,azúcar impalpable don ubaldo 400grs,"2.190,00"
309880,duraznos al natural placere en mitades 820grs,"3.459,00"
311937,galletitas dulces rellenas rumba pack familiar x3 330grs,"4.399,00"
317929,aceitunas verdes oliovita rodajas 100grs,"2.249,00"
313443,copos de maíz cerealcoop tradicionales 150grs,"690,00"
309313,risotto gallo a la española 240grs,"4.190,00"
141927,té verde primer precio en saquitos x25 50grs,"999,00"
100327,lentejas olinto 400grs,"1.990,00"
315744,nachos cooperativa 70grs,"1.470,00"
138871,coco rallado don ubaldo 200grs,"5.090,00"
277532,esencia de vainilla don ubaldo 28cm3,"890,00"
104620,azúcar impalpable don ubaldo 200grs,"1.490,00"
277767,pimientos morrones cooperativa 180grs,"2.690,00"
317795,gomitas mogul moras 80grs,"1.899,00"
216872,cereales primer precio bastón de salvado bran 200grs,"1.905,00"
111716,pasas de uva nogal dorado sin semillas 50grs,"1.440,00"
313162,mix tropical zyma con maní 150grs,"4.329,00"
112808,aceitunas verdes primer precio con carozo 300grs,"1.990,00"
101367,lentejas la egipciana 400grs,"2.299,00"
321429,sazonador ajinomoto floppy con esencia del umami 36grs,"2.959,00"
321385,barra proteica íntegra pasta de mani y arándanos 43grs,"2.200,00"
316074,caramelos halls mentalyptus 25grs,"789,00"
280582,aceto balsámico la toscana suave 250cm3,"3.969,00"
309312,risotto gallo trattoria champiñones 240grs,"4.025,00"
227295,fideos san agustín tirabuzón 500grs,"899,00"
272343,rocío vegetal cañuelas girasol aerosol 150grs,"3.990,00"
277551,tostaditas de arroz cooperativa clásicas 100grs,"1.390,00"
317959,caramelos clight sabor frambuesa  26grs,"980,00"
317800,gomitas mogul eucaliptus 80grs,"1.899,00"
881325,té primer precio boldo x25 37grs,"1.249,00"
323079,sardinas gomes de costa con salsa de tomate  125grs,"2.390,00"
316699,caldo en cubos primer precio gallina  114grs,"1.099,00"
146737,cappuccino instantáneo primer precio tradicional doypack 125grs,"2.999,00"
310141,gelatina en polvo exquisita cereza 40grs,"1.190,00"
147549,té cooperativa mezcla de hierbas x25 37grs,"1.190,00"
317342,garbanzos primer precio secos remojados 340grs,"975,00"
288637,lentejas primer precio secas remojadas 300grs,"1.049,00"
317359,alfajor cooperativa negro con dulce de leche 40grs,"590,00"
152016,oblea bon o bon bañada blanco 30grs,"1.320,00"
254571,chocolate para taza águila semiamargo 60% cacao 150grs,"8.390,00"
310139,gelatina en polvo exquisita frutilla 40grs,"1.190,00"
312644,té la virginia equilibrio relajar 32grs,"2.352,00"
278681,palitos salados primer precio tradicionales 60grs,"639,00"
310664,batatas quento snacks 130grs,"3.450,00"
290444,maní cooperativa tostado con cáscara 300grs,"2.780,00"
298987,edulcorante líquido cañuelas con stevia 500cm3,"5.590,00"
294333,arroz molinos ala yamaní 500grs,"2.890,00"
227290,fideos san agustín mostachol 500grs,"899,00"
317931,aceitunas verdes oliovita enteras 120grs,"1.790,00"
280502,aceitunas verdes cooperativa rellenas 180grs,"3.290,00"
321739,aceitunas negras nucete doypack 100grs,"1.859,00"
312637,fideos wakas fusilli chía sin gluten 300grs,"3.550,00"
225265,aceite de canola ecoop 500cm3,"8.790,00"
312492,tomates peritas salsati pelados enteros 400grs,"1.919,00"
309315,risotto gallo primavera 240grs,"4.190,00"
318003,aceitunas verdes morixe descarozadas doypack 80grs,"1.459,00"
217066,salsa chumichurri primer precio 285cm3,"2.590,00"
197183,condimento para pizza primer precio 50grs,"1.490,00"
279514,fideos laminados cooperativa espinaca 500grs,"3.049,00"
266723,harina de trigo primer precio 000 1kgs,"849,00"
289542,choclo amarillo ecoop en granos enteros sin sal agregada 300grs,"2.020,00"
317796,gomitas mogul dientes 80grs,"1.899,00"
196789,chocolate para taza cooperativa 100grs,"3.490,00"
279822,arvejas la abadia partidas 400grs,"1.259,00"
317770,tostadas de arroz primer precio sin sal 150grs,"1.649,00"
289543,garbanzos ecoop remojados sin sal agregada 300grs,"1.349,00"
310351,chizitos cheetos original 140grs,"3.581,50"
134363,aceitunas verdes nucete descarozadas 80grs,"1.069,00"
872962,té negro primer precio en saquitos x25 50grs,"790,00"
310294,mermelada carmela artesanales frutos rojos frasco 460grs,"5.200,00"
298635,mermelada trini ciruela con stevia frasco 410grs,"8.489,00"
279949,harina de trigo chacabuco 0000 1kgs,"1.270,00"
298838,granola energética kos food  400grs,"4.379,00"
299330,nachos doritos queso 200grs,"5.751,85"
313444,copos de maíz cerealcoop azucarados 200grs,"740,00"
182327,premezcla universal dimax sin tacc 1000grs,"7.109,00"
317273,galletitas granix sin sal agregada pack familiar 3 en 1 600grs,"5.200,00"
316700,caldo en cubos primer precio carne  114grs,"1.099,00"
262619,sal fina marina gell singh bajo en sodio 120grs,"2.249,00"
278249,mermelada trini frutilla con stevia frasco 410grs,"8.489,00"
199286,higo en almíbar flor de jardín frasco 400grs,"12.239,00"
317286,chips de manzana verde fruch 35grs,"2.490,00"
296755,chile badia con lima 184grs,"22.719,00"
154393,coco rallado don ubaldo 25grs,"890,00"
147547,té cooperativa boldo x25 37grs,"1.429,00"
318524,galletitas dulces primer precio tipo maría pack familiar x3 360grs,"1.490,00"
312121,chizitos cheetos original 85grs,"1.923,35"
312087,caldo en cubos knorr verduras cero sodio 114grs,"3.659,00"
317272,galletitas granix sin sal agregada 200grs,"1.790,00"
310036,pasta box con salsas de quesos vaso 64grs,"2.950,00"
310038,pasta box con salsa rosa vaso 64grs,"2.950,00"
318407,dulce de membrillo carmela frasco 460grs,"4.890,00"
321388,granola íntegra frutos secos sin tacc 250grs,"8.500,00"
136956,laurel en hojas don ubaldo  10grs,"1.190,00"
318421,caramelos arcor menta y chocolate 80grs,"1.450,00"
317999,aceitunas verdes nucete en rodajas doypack 90grs,"1.859,00"
316955,aderezo de pescado ajinomoto hondashi 60grs,"2.790,00"
318535,fideos primer precio spaghetti 500grs,"699,00"
269429,champiñones laminados primer precio 400grs,"2.990,00"
313307,cóctel de frutas primer precio 4 frutas 820grs,"3.619,00"
281596,dulce de leche repostero primer precio 400grs,"1.799,00"
298988,edulcorante líquido cañuelas con sucralosa 200cm3,"2.469,00"
321266,premezcla para preparar pancake proteico molé sabor chocolate 450grs,"14.699,00"
313849,chizitos de maíz pehuamar maicitos 265grs,"5.900,00"
322567,sal parrillera entrefina dos anclas 500grs,"1.490,00"
269359,champiñones en trozos cooperativa 400grs,"2.990,00"
102385,pasas de uva rodriguez acacio con semillas 200grs,"1.999,00"
881333,té primer precio manzanilla x25 50grs,"1.219,00"
279795,chocolate para taza palmesano 100grs,"2.890,00"
100641,sardinas puglisi en aceite 170grs,"4.265,00"
318268,pochoclo hanks sabor chocolate 104grs,"2.799,00"
283204,porotos primer precio alubia 500grs,"2.299,00"
318541,mermelada cooperativa damasco frasco 454grs,"2.590,00"
309218,vainillas cooperativa x24 296grs,"3.150,00"
289554,porotos cooperativa al natural colorados 300grs,"1.345,00"
284575,palmitos cooperativa enteros al natural 270grs,"3.100,00"
318079,caramelos butter toffees chocolate 80grs,"1.490,00"
317434,harina de trigo leudante chacabuco 1000grs,"1.490,00"
317318,papas fritas quento sabor cheddar 82grs,"2.139,00"
208831,huevo de chocolate kinder celeste x2 40grs,"5.250,00"
208826,huevo de chocolate kinder rosa 20grs,"2.750,00"
312086,caldo en cubos knorr verduras cero sodio 57grs,"1.810,00"
268864,pimienta blanca molida cooperativa 25grs,"1.450,00"
147545,mate cocido cooperativa x25 75grs,"969,00"
317798,gomitas mogul anillos 80grs,"1.339,00"
321740,aceitunas negras nucete en rodajas doypack 90grs,"2.249,00"
135699,cóctel de frutas comai 4 frutas 820grs,"4.100,00"
269358,champiñones enteros cooperativa 400grs,"3.490,00"
276406,galletas de arroz dos hermanos slim sin sal agregada 100grs,"1.179,00"
317773,mini tostaditas de arroz primer precio con semillas 100grs,"1.359,00"
320966,pistachos zyma 100grs,"7.600,00"
217364,fécula de mandioca flor de jardín sin tacc 1000grs,"3.999,00"
146715,sal marina gell singh 750grs,"5.045,00"
112614,mermelada orieta frutilla light frasco 350grs,"4.390,00"
147544,té negro cooperativa en saquitos x50 100grs,"1.590,00"
321269,granola proteica molé con whey protein y sabor frutos rojos  400grs,"14.699,00"
105726,arvejas cooperativa partidas 400grs,"1.190,00"
311156,polvo para preparar bizcochuelo exquisita coco 540grs,"3.649,00"
313112,maní cooperativa frito salado sin piel 200grs,"1.990,00"
232151,palmitos cooperativa enteros al natural 400grs,"4.190,00"
318420,caramelos arcor rellenos con miel 80grs,"1.450,00"
287017,pickles en vinagre flor de jardín frasco 330grs,"5.985,00"
316428,cappuccino la virginia choco mocha doypack 125grs,"5.539,00"
317990,mermelada orieta ciruela pote 420grs,"1.750,00"
318294,fideos rina matarazzo spaguetti con espinaca 500grs,"3.150,00"
313113,maní cooperativa frito salado sin piel 400grs,"4.290,00"
317321,batatas fritas quento snacks 75grs,"2.269,00"
317190,cápsulas de café nescafé dolce gusto café au lait 100grs,"15.530,00"
311171,polvo para preparar bizcochuelo exquisita limón 540grs,"3.629,00"
318080,caramelos butter toffees surtidos 80grs,"1.490,00"
316064,gelatina en polvo bc cereza 18grs,"1.190,00"
315344,creatina micronizada ena sin sabor 150grs,"22.500,00"
288634,porotos primer precio remojados en lata 300grs,"1.109,00"
272237,yerba mate pipore sublime con palo 500grs,"2.390,00"
315408,galletitas dulces cerealitas granola 170grs,"2.075,00"
318422,caramelos arcor rellenos frutales 80grs,"1.450,00"
286081,café torrado instantáneo la virginia suave frasco 170grs,"8.390,00"
321308,pasta de maní king vita+ 350grs,"3.879,00"
316697,caldo en cubos primer precio carne  57grs,"849,00"
162713,nuez moscada molida primer precio 25grs,"1.659,00"
191713,mermelada la huerta familiar zapallo frasco 450grs,"4.800,00"
290445,maní tostado ecoop sin piel sin sodio agregado 200grs,"1.990,00"
281049,aceite de oliva cooperativa virgen extra 500cm3,"12.390,00"
235734,aceite de oliva cañuelas virgen extra intenso 500cm3,"15.200,00"
322974,aderezo hellmann's sabor asado doypack 250grs,"3.450,00"
147543,té negro cooperativa en saquitos x25 50grs,"849,00"
294769,palitos de maíz krachitos bastonitos sabor queso 150grs,"3.359,00"
321247,té hierbas del oasis manzanilla 50grs,"3.119,00"
317838,café en grano nescafé gold 250grs,"19.590,00"
317282,vinagre de manzana cooperativa sin gluten 500ml,"1.769,00"
320965,mix tropical frutos secos sin pasas zyma 150grs,"4.059,00"
312725,chizitos cheetos ondulados queso crema 85grs,"2.501,85"
315921,caramelos duros halls cherry 25grs,"930,00"
311749,cóctel de 4 frutas cooperativa durazo/pera/ananá/cereza 820grs,"3.700,00"
101974,garbanzos la egipciana 400grs,"2.390,00"
316793,papas fritas quento snacks sabor jamón serrano 82grs,"1.619,00"
299891,mermelada carmela artesanales frutilla frasco 460grs,"4.900,00"
323043,café en cápsulas starbucks espresso roast 55grs,"16.120,00"
321315,harina multicereal pureza con masa madre y levadura 1kgs,"3.650,00"
317804,lomo de atún la campagnola sabor ahumado 170grs,"5.890,00"
318424,bocadito cofler cups original con relleno sabor banana 17grs,"990,00"
277229,té negro hierbas del oasis orgánico x25 50grs,"3.660,00"
313691,yerba mate libre clásica 500grs,"3.349,00"
277771,papas fritas primer precio corte tradicional 50grs,"789,00"
162922,café torrado molido bonafide sensaciones intenso 250grs,"6.490,00"
227296,fideos san agustín ñoquis 500grs,"899,00"
299895,mermelada carmela artesanales frutilla y frambuesa frasco 460grs,"6.090,00"
292539,premezcla arcor para preparar brownie sin tacc 425grs,"5.990,00"
317761,fideos primer precio codo 500grs,"699,00"
102369,harina tostada beiramar 500grs,"1.440,00"
312089,salsa lista knorr pomarola balance 340grs,"1.499,00"
100333,porotos alubia olinto 400grs,"3.839,00"
283021,cous cous mole marroquí 180grs,"4.110,00"
271350,chocolate milka con leche mensajes 55grs,"5.180,00"
310279,tubitos de harina de maíz 3d mega queso 85grs,"3.900,00"
285261,salsa tau chimichurri 310grs,"4.049,00"
282619,yerba mate pipore suave clásica 1000grs,"3.990,00"
322961,dulce de leche ser pote 400grs,"4.290,00"
318077,caramelos butter toffees leche 80grs,"1.490,00"
289548,choclo blanco cremoso cooperativa lata 300grs,"1.095,00"
309758,fideos matarazzo tirabuzón sin tacc 500grs,"4.490,00"
112610,mermelada orieta durazno light frasco 350grs,"3.390,00"
191699,mermelada la huerta familiar durazno frasco 450grs,"4.549,00"
310647,papas fritas quento snacks clásicas 300grs,"5.100,00"
103039,té negro big ben en saquitos x25 50grs,"990,00"
290045,nachos ketsal receta original 250grs,"5.490,00"
881309,té primer precio mezcla de hierbas x25 37grs,"1.029,00"
282344,pimienta negra molida celusal 25grs,"1.399,20"
312642,té la virginia equilibrio fluir 42grs,"2.352,00"
289553,porotos cooperativa al natural negros 300grs,"1.339,00"
278552,copos de maíz azucarados primer precio  240grs,"1.849,00"
322357,tostadas de arroz integral leiva  150grs,"1.490,00"
277552,tostaditas de arroz ecoop semillas molidas 100grs,"1.390,00"
284867,cereales chocolino bolitas 200grs,"3.990,00"
444546,almidón de maíz don ubaldo 200grs,"1.290,00"
313301,galletitas dulces rellenas macucas sabor chocolate 110grs,"1.219,00"
309217,vainillas cooperativa x12 148grs,"1.690,00"
317791,fideos wakas penne rigate quinoa sin gluten 300grs,"3.550,00"
318270,pochoclo hanks sabor frutilla  104grs,"2.799,00"
312246,sopa menú box cañuelas pollo mini ramen 45grs,"2.065,00"
308653,galletitas dulces 9 de oro pepas con membrillo 350grs,"2.990,00"
872954,mate cocido primer precio x50 150grs,"1.690,00"
317957,caramelos confitados bubbaloo masticables 72grs,"1.889,57"
312124,papas fritas pringles original 37grs,"2.872,00"
317281,vinagre de vino cooperativa sin gluten 500ml,"1.429,00"
321259,papas fritas pehuamar acanalada 90grs,"2.749,00"
321248,té hierbas del oasis jengibre 25grs,"4.660,00"
313083,fécula de mandioca el cosaco sin tacc 400grs,"3.650,00"
145240,chupetines baby doll lheritier 24grs,"1.252,00"
317192,cápsulas de café nescafé dolce gusto lungo 70grs,"15.530,00"
280439,fideos san agustín mostachol integral 500grs,"1.869,00"
317355,obleas cooperativa sabor vainilla 100grs,"929,00"
290682,zapallo en almíbar flor de jardín frasco 400grs,"8.039,00"
310033,pasta box con salsa fileto vaso 64grs,"2.950,00"
317759,fideos primer precio ñoquis 500grs,"699,00"
317762,fideos primer precio ave maría 500grs,"699,00"
322358,salsa tau guacamole 290grs,"4.990,00"
291046,té la virginia sabor manzana y canela 40grs,"2.405,00"
283206,maíz blanco primer precio pisado 400grs,"1.690,00"
279371,galletitas dulces okebon leche clásicas 273grs,"1.785,00"
321314,premezcla para preparar chipá pureza sin gluten 250grs,"4.089,00"
313205,cápsulas de café la virginia extra intenso n°12 52grs,"9.200,00"
288889,cápsulas de café morenita tostado etiopía 52grs,"9.441,00"
138176,palmitos primer precio enteros al natural 400grs,"3.990,00"
299894,mermelada carmela artesanales mora frasco 460grs,"6.300,00"
316696,caldo en cubos primer precio gallina 57grs,"849,00"
310650,papas pay quento snacks 110grs,"2.249,00"
454590,choritos gomes da costa en aceite y agua 190grs,"4.990,00"
317021,caldo de verduras granulado knorr cero sodio 24grs,"1.729,00"
278791,galletitas dulces primer precio hojaldre triangulitos 150grs,"1.390,00"
322251,dulce de leche la serenisima zero lactosa 250grs,"3.300,00"
282134,tostaditas de arroz dos hermanos dulce 120grs,"1.100,00"
315031,té taragüi boldo x20 saquitos 30grs,"1.856,00"
322470,café tostado molido caffettino blend colombia zaffiro 210grs,"19.890,00"
317193,cápsulas de capuccino nescafé dolce gusto 117grs,"15.530,00"
317835,cápsulas de café starbucks blonde espresso roast descafeinado 55grs,"16.560,00"
316262,fideos cooperativa ñoquis 500grs,"1.089,00"
186830,maíz la egipciana pisingallo 400grs,"1.299,00"
284833,dulce de leche primer precio clásico sin tacc 1000grs,"3.999,00"
180220,azúcar impalpable kokito 200grs,"1.290,00"
321325,fideos matarazzo proteína plus tirabuzón 400grs,"3.890,00"
316328,maní salado king con piel 350grs,"4.190,00"
309432,aceite de coco el cosaco neutro frasco 360grs,"7.229,00"
231882,fideos san agustín dedalitos 500grs,"899,00"
283200,avena primer precio instantánea 350grs,"1.590,00"
290446,maní tostado ecoop sin piel sin sodio agregado 400grs,"4.290,00"
313159,pasta de aceitunas verdes cristo de los cerros 200grs,"4.668,00"
224329,nuez moscada molida don ubaldo 10grs,"1.190,00"
313029,fideos laminados primer precio morrón cinta ancha 500grs,"1.990,00"
317994,mermelada orieta frutilla pote 420grs,"2.090,00"
311148,fideos rina matarazzo spaguetti con morrón 500grs,"3.150,00"
311230,galletitas dulces surtido diversión 400grs,"2.900,00"
298986,edulcorante líquido cañuelas con stevia 200cm3,"2.990,00"
280737,caldo en cubos safra carne 114grs,"1.890,00"
317050,papas fritas quento snacks asado criollo 82grs,"1.539,00"
278250,mermelada trini durazno con stevia frasco 410grs,"8.489,00"
285003,mini tostadas twistos jamón ibérico 155grs,"4.900,00"
290481,zanahoria deshidratada knorr  100grs,"3.190,00"
290535,nescafé dolca mixes latte doypack 125grs,"4.830,00"
277521,café instantáneo nescafe gold cap colombia 100grs,"24.900,00"
155693,caballa puglisi en aceite sin sal agregada 380grs,"5.389,00"
321980,batatas quento snacks crema de roquefort 70grs,"2.290,00"
317386,aceite de oliva natura andino botella  500ml,"17.290,00"
107557,comino don ubaldo 50grs,"1.890,00"
319336,tostadas dr schar torradas sin gluten 100grs,"5.620,00"
317579,cápsulas de café nescafe dolce gusto espresso intenso 80grs,"15.530,00"
289546,jardinera ecoop sin sal agregada 300grs,"1.229,00"
317356,obleas cooperativa sabor chocolate 100grs,"929,00"
317049,papas fritas quento snacks onduladas 92grs,"1.619,00"
189936,fideos bahía blanca laminados espinaca finos 500grs,"3.379,00"
312472,galletitas dulces rellenas cofler bon o bon 85grs,"1.350,00"
282343,provenzal deshidratado celusal  25grs,"1.167,20"
318438,mix parrilla alicante para preparar chimichurri ahumado 25grs,"1.938,00"
311228,galletitas dulces chocolinas original 100grs,"1.230,00"
317343,pasta de legumbres wakas alubia y quinoa sin gluten 300grs,"5.490,00"
293927,malvavisco gongys trenza sabor vainilla 28grs,"590,00"
123381,dulce de leche trini sin tacc 400grs,"8.570,00"
317794,gomitas mogul oso extreme 80grs,"1.899,00"
193917,café torrado molido bonafide sensaciones suave 250grs,"6.490,00"
317069,conos cooperativa queso 70grs,"2.100,00"
315247,avena con almendras y chips de chocolate menú box  64grs,"2.500,00"
322468,café tostado molido caffettino blend brasil amazonia 210grs,"19.890,00"
317354,obleas cooperativa sabor frutilla 100grs,"929,00"
696780,alcaparras cumaná 100grs,"3.990,00"
287918,cappuccino la virginia espuma de vainilla doypack 155grs,"6.357,00"
317376,café tostado instantáneo la virginia doypack 150grs,"10.939,00"
277232,té rojo hierbas del oasis orgánico x25 50grs,"3.650,00"
276363,harina de arroz dos hermanos sin tacc 500grs,"1.890,00"
105729,porotos cooperativa alubia 500grs,"3.119,00"
257433,obleas tym sabor vainilla 100grs,"749,00"
313192,premezcla maizena para tapas de alfajor sin tacc 400grs,"3.250,00"
217065,salsa de ají picante primer precio 285grs,"3.149,00"
321386,galletitas dulces íntegra maní y almendras 200grs,"3.600,00"
317316,papas fritas quento clásicas 92grs,"2.190,00"
283900,gomitas yummy animalitos 30grs,"790,00"
232463,chocolate shot con maní 35grs,"2.550,00"
288636,porotos primer precio negros en lata                                                      300grs,"1.270,00"
292999,cóctel de frutas abeto 4 frutas 820grs,"3.990,00"
278403,copos de maíz primer precio  150grs,"1.299,00"
294408,galletitas leiva sándwich sin sal agregada pack familiar x3 330grs,"2.190,00"
112602,mermelada orieta durazno selección frasco 400grs,"2.890,00"
317792,fideos wakas penne rigati kale sin gluten 300grs,"3.550,00"
277549,tostadas de arroz ecoop sin sal 150grs,"1.845,00"
282515,alfajor turimar glaseado triple 60grs,"840,00"
311214,cereales formis estrellas sabor frutal 145grs,"2.090,00"
317389,aceite de oliva natura suave virgen extra pet 500ml,"14.890,00"
278200,té rojo hierbas del oasis orgánico en hebras doypack 100grs,"7.190,00"
321270,suplemento dietario molé a base de magnesio+vitamina c sabor naranja 120grs,"12.739,00"
315033,té taragüi tilo x20 saquitos 20grs,"2.590,00"
311967,polenta primer precio instántanea 500grs,"740,00"
294224,vinagre de vino favinco 1000cm3,"2.749,00"
313972,mini tapitas fachitas xs 140grs,"1.579,00"
312731,aderezo hellmann´s picante doypack 250grs,"3.450,00"
323708,nescafé dolca mixes caramel latte doypack 125grs,"4.969,00"
287927,capuccino la virginia mousse sobres x10 150grs,"7.559,00"
231883,fideos san agustín municiones 500grs,"899,00"
316259,fideos cooperativa mostachol 500grs,"1.089,00"
321260,papas fritas pehuamar lisa 90grs,"2.749,00"
162717,pesto primer precio  25grs,"1.090,00"
313204,condimento alicante para carnes blancas 25grs,"1.479,00"
317581,cápsulas de capuccino nescafé dolce gusto dulce de leche 170grs,"15.530,00"
322365,café en cápsulas starbucks toffee nut late 127grs,"16.560,00"
311966,polenta primer precio tradicional 1kgs,"1.199,00"
227294,fideos san agustín rigatti 500grs,"899,00"
279600,fideos morixe spaghetti 500grs,"1.290,00"
288631,choclo blanco cremoso primer precio lata 300grs,"1.019,00"
312484,galletitas dulces rellenas mellizas pack familiar x3 330grs,"4.399,00"
316060,gelatina en polvo godet frambuesa 25grs,"1.190,00"
889563,bizcochos 9 de oro sconcitos 200grs,"1.189,00"
269361,champiñones laminados cooperativa 400grs,"3.190,00"
311225,galletitas dulces chocolinas original 170grs,"1.989,00"
319419,dulce de leche milkaut con crema 320grs,"3.899,00"
225267,aceite de canola y oliva ecoop 500cm3,"10.415,00"
315428,romero la parmesana 15grs,"1.399,00"
277233,té hierbas del oasis arándanos x20 40grs,"4.300,00"
227291,fideos san agustín codito 500grs,"899,00"
294864,harina integral de trigo chacabuco más semillas 750grs,"2.049,00"
309645,tostadas 7 semillas riera libres 200grs,"1.995,00"
310431,papas fritas krachitos corte americano 275grs,"4.859,00"
293928,malvavisco gongys sabor frutilla 28grs,"590,00"
323711,sopa crema maggi de choclo 79grs,"2.290,00"
317836,cápsulas de café starbucks smooth caramel 51grs,"16.560,00"
279601,fideos morixe tallarín 500grs,"1.290,00"
308276,premezcla pureza para pizza masa madre 550grs,"2.290,00"
309659,remolacha cooperativa en cubos 300grs,"1.349,00"
312520,galletitas dulces rellenas duquesa pack familiar x3 345grs,"4.159,00"
311224,galletitas dulces rellenas amor pack familiar x3 330grs,"4.399,00"
285260,salsa tau ranch 300grs,"4.490,00"
162719,cebolla deshidratada primer precio 25grs,"999,00"
287917,capuccino la virginia mousse de chocolate y avellanas doypack 155grs,"6.357,00"
957461,sal entrefina primer precio 0.5kgs,"1.149,00"
277670,duraznos abeto light en mitades 820grs,"3.629,00"
315546,yerba mate mateando con palo suave 500grs,"2.450,00"
284576,palmitos primer precio enteros al natural 270grs,"2.750,00"
163264,galletitas snacks rex original 125grs,"2.289,00"
235731,aceite de oliva cañuelas virgen extra suave 500cm3,"15.200,00"
290310,té negro virgin islands clásico en saquitos x50 50grs,"4.253,00"
322944,galletitas crackers dr schar sin gluten 210grs,"10.050,00"
317991,mermelada orieta damasco pote 420grs,"1.750,00"
265673,mermelada el chañar ciruelas frasco 450grs,"5.140,00"
162705,provenzal primer precio 25grs,"990,00"
286085,orégano alicante 25grs,"1.519,00"
279603,fideos morixe mostachol 500grs,"1.290,00"
868159,aceite de girasol lágrimas del sol 1500cm3,"5.490,00"
321399,galletitas dulces cooperativa vainilla con chips pack familiar x3 357grs,"2.990,00"
285886,premezcla delicel pizza sin tacc 500grs,"4.320,00"
709147,rebozador natural sur con semillas sin tacc 350grs,"3.120,00"
318002,aceitunas verdes morixe enteras doypack 100grs,"1.149,00"
277181,premezcla arcor para bizcochuelo sabor chocolate sin tacc 500grs,"5.765,00"
284266,atún marbella desmenuzado 170grs,"1.990,00"
264159,mermelada el chañar de arándanos frasco 450grs,"6.696,00"
199561,pepas de membrillo dimax sin gluten 200grs,"4.179,00"
321231,galletitas snacks club social original 141grs,"3.119,00"
289556,soja cooperativa seca remojada 300grs,"1.165,00"
281653,yerba mate pipore selección especial con palo 1000grs,"4.490,00"
253957,mini crackers paseo sin sal 300grs,"1.590,00"
317696,comino molido la parmesana 15grs,"740,00"
317698,condimento para curry la parmesana 15grs,"880,00"
277230,té verde hierbas del oasis orgánico x25 50grs,"3.670,00"
312643,té la virginia equilibrio inspirar 32grs,"2.352,00"
887315,pimienta blanca don ubaldo en granos 25grs,"1.990,00"
285491,yerba mate cbse saborizada hierbas del litoral 500grs,"2.450,00"
264162,mermelada el chañar frutos rojos frasco 450grs,"7.440,00"
177580,lomos de atún marbella en aceite y agua lata 170grs,"3.490,00"
316794,palitos quento clásicos 85grs,"1.951,00"
282347,adobo para pizza celusal 25grs,"1.048,00"
317697,jengibre molido la parmesana 15grs,"1.140,00"
317196,cápsulas de café nescafé dolce gusto cortado 63grs,"15.530,00"
312912,fideos terrabusi mostachol mix de vegetales 500grs,"1.350,00"
298053,bizcochitos azucarados primer precio 200grs,"890,00"
309959,arroz gallo sabores del mundo curry asiático 240grs,"3.690,00"
231881,fideos san agustin ave maría 500grs,"899,00"
101128,galletitas dulces primer precio mini frolas 300grs,"1.849,00"
291902,galletitas dulces maná sabor vainilla 136grs,"1.300,00"
112612,mermelada orieta ciruela light frasco 350grs,"3.390,00"
156140,caballa puglisi al natural 380grs,"5.389,00"
278247,copos de maiz azucarados primer precio 500grs,"3.190,00"
313845,premezcla para bizcochuelo mamá cocina sabor chocolate sin tacc 450grs,"4.845,00"
311212,cereales formis tortugas sabor chocolate 145grs,"2.090,00"
317016,galletitas dulces delicel coco sin gluten 200grs,"2.969,00"
323111,papas fritas lays sabor asado de tira 77grs,"3.519,00"
100329,maíz pisingallo olinto 400grs,"1.340,00"
313153,galletitas dulces terepín surtipepas 360grs,"1.990,00"
290385,obleas tym sabor dulce de leche 100grs,"749,00"
313169,kimchi alcaraz fermentos clásico 310grs,"8.390,00"
272344,rocío vegetal cañuelas oliva virgen extra 150grs,"5.550,00"
282345,ají molido celusal 25grs,"999,20"
282342,orégano celusal 25grs,"1.188,00"
274956,choclos al natural primer precio tetra amarillo cremoso 340grs,"899,00"
312080,tostadas primer precio dulces 180grs,"1.449,00"
321324,fideos matarazzo proteína plus mostachol 400grs,"3.890,00"
293929,malvavisco gongys nubecitas sabor caramelo 28grs,"590,00"
310435,papas fritas krachitos tradicionales 105grs,"2.239,00"
312184,chocman cubierto con baño de repostería semiamargo 35grs,"890,00"
315227,alfajor animal kind vegano sabor pistacho 42grs,"1.469,00"
317029,mix de sabores knorr carne 24grs,"1.729,00"
321398,galletitas dulces cooperativa vainilla con chips 119grs,"1.059,00"
277772,papas fritas primer precio corte tradicional 100grs,"2.179,00"
318266,pochoclo hanks sabor cheddar 44grs,"2.210,00"
318265,pochoclo hanks sabor cebolla y crema 44grs,"2.799,00"
130885,nuez moscada entera don ubaldo x2 1uni,"1.890,00"
282520,fideos laminados primer precio espinaca cinta ancha 500grs,"1.990,00"
103871,yerba mate amanda saborizada naranja 500grs,"2.590,00"
311781,galletitas dulces tostex chips sabor chocolate 120grs,"1.315,00"
282115,yerba mate hierbas silvestres orgánica 500grs,"8.600,00"
278104,aceitunas verdes nucete rellenas  500grs,"11.349,00"
128252,granas don ubaldo colores 25grs,"590,00"
282346,pimienta blanca molida celusal 25grs,"1.727,20"
317022,mix de sabores knorr verduras  24grs,"1.729,00"
290311,té negro virgin islands clásico en saquitos x100 100grs,"8.335,00"
322594,café en cápsulas bonafide clásico intenso 45grs,"9.190,00"
317191,cápsulas de café nescafé dolce gusto espresso 60grs,"15.530,00"
320835,copos de maíz lasfor azucarados 500grs,"3.790,00"
322945,fideos dr schar spaghetti sin gluten 250grs,"5.999,00"
321268,granola proteica molé con whey protein y sabor chocolate 400grs,"14.699,00"
318423,bocadito cofler cups relleno con crema maní 17grs,"990,00"
319339,galletitas dulces schar maría sin gluten 125grs,"8.169,00"
315035,té taragui ensueños x20 saquitos 20grs,"1.950,00"
294863,harina integral de trigo chacabuco más legumbres 750grs,"2.049,00"
451327,yerba mate pipore selección especial 500grs,"2.249,00"
320355,sémola bonalma de trigo duro 500grs,"3.229,00"
289600,edulcorante líquido tuy la virginia sweet 200cm3,"2.331,00"
294538,galletitas dulces cachafaz avena y pasas de uva 225grs,"3.415,00"
285259,salsa caesar tau más liviano 310grs,"4.750,00"
310430,papas fritas krachitos tradicionales 275grs,"6.050,00"
289610,edulcorante en polvo tuy la virginia sucra 40grs,"1.781,00"
286083,café torrado instantáneo la morenita intenso frasco 170grs,"8.410,00"
280586,aceite de oliva la toscana virgen extra con ajo 250cm3,"12.492,00"
321700,café instantáneo nescafé tradiciónal 170 g + taza  170grs,"24.240,00"
100528,arvejas la egipciana partidas 400grs,"1.590,00"
437711,yerba mate amanda despalada 500grs,"2.659,00"
147546,mate cocido cooperativa x50 150grs,"1.849,00"
323044,chizitos cheetos ondulados sabor ketchup 80grs,"2.501,85"
310438,papas fritas krachitos corte americano 50grs,"1.800,00"
146515,chupetín chupetoncito lheritier 35grs,"1.438,00"
310035,pasta box con salsa bolognesa 64grs,"2.950,00"
318472,papas fritas lays panceta 77grs,"3.859,00"
322332,premezcla para pancakes granger keto vainilla 200grs,"11.700,00"
318441,mix parrilla alicante carnes grilladas 25grs,"1.938,00"
293919,café molido cabrales brasil tostado 250grs,"21.940,00"
318440,mix parrilla alicante para vegetales ahumados 20grs,"1.938,00"
315879,mermelada piacere damasco frasco 454grs,"2.650,00"
313899,mermelada piacere durazno frasco 454grs,"2.950,00"
294541,galletitas dulces cachafaz harina integral y algarroba 225grs,"3.415,00"
181919,caramelos alka cherry x100 200grs,"3.350,00"
315932,papas fritas primer precio corte tradicional 475grs,"7.999,00"
278251,mermelada trini naranja con stevia frasco 410grs,"8.489,00"
313081,galletitas dulces mini toddy chips 50grs,"1.140,00"
299591,mermelada las brisas orgánica light de arándanos 240grs,"6.939,00"
282994,texturizado de soja mole en trozos 70grs,"2.039,00"
319338,obleas wafers schar alla vaniglia sin gluten 125grs,"6.390,00"
315034,té taragüi mezcla de hierbas x20 saquitos 30grs,"1.740,00"
315341,whey protein ena sabor chocolate 907grs,"59.000,00"
298989,edulcorante líquido cañuelas con sucralosa 500cm3,"4.550,00"
321318,galletitas crackers 9 de oro crujitas cebolla y crema 120grs,"1.690,00"
280738,caldo en cubos safra gallina 114grs,"1.890,00"
322281,papas fritas quento clásicas 160grs,"3.266,00"
290046,nachos ketsal receta original 90grs,"1.883,00"
317319,papas fritas quento sabor salame 82grs,"2.190,00"
310436,papas fritas krachitos corte americano 105grs,"2.829,00"
319275,bombones serenata de amor caja 140grs,"5.040,00"
318439,mix parrilla alicante para hamburguesas 25grs,"1.938,00"
171378,huevo kinder joy 20grs,"2.280,75"
282518,fideos laminados primer precio al huevo cinta ancha 500grs,"1.990,00"
282519,fideos laminados primer precio al huevo cinta fina 500grs,"1.990,00"
299825,maní king tostado con cáscara 400grs,"3.949,00"
453459,mate cocido amanda x25 75grs,"999,00"
317997,aceitunas verdes nucete descarozadas doypack 90grs,"1.900,00"
317702,orégano la parmesana 35grs,"1.190,00"
278516,filetes de anchoitas cooperativa 90grs,"6.290,00"
285685,polvo para preparar bizcochuelo godet vainilla 480grs,"3.479,00"
323131,galletitas crackers traviata porteñitas azucaradas 96grs,"899,00"
312471,galletitas dulces rellenas cofler chocolate con vainilla 85grs,"1.350,00"
150206,mate cocido rosamonte 75grs,"1.619,00"
318269,pochoclo hanks sabor coco 98grs,"2.210,00"
281944,masitas trini limón + stevia sin tacc 120grs,"3.439,00"
268331,budín con chips de chocolate dimax sin tacc 185grs,"5.449,00"
100417,orégano primer precio 25grs,"889,00"
321735,manteca ghee entrenuts clarificada  300grs,"15.750,00"
322363,café en cápsulas nescafé dolce gusto chococino 160grs,"15.530,00"
322595,café en cápsulas bonafide espresso intenso 60grs,"9.190,00"
279976,galletitas dulces okebon dulce de leche 273grs,"1.785,00"
294664,palitos de maíz krachitos chizitos sabor queso 60grs,"1.330,00"
290908,té verde cooperativa x25 50grs,"1.129,00"
312508,bombones garoto surtido 250grs,"8.150,00"
162716,perejil primer precio 25grs,"895,00"
317700,polvo para hornear la parmesana 50grs,"1.940,00"
322330,premezcla para cupcakes granger proteicos chocolate 360grs,"15.590,00"
265299,chocolate tofi aireado con dulce de leche 70grs,"5.140,00"
289545,porotos ecoop sin sal agregada 300grs,"1.749,00"
292976,azúcar orgánica dicomere sin tacc 1000grs,"6.605,00"
277316,harina de arroz ying yang integral tostado 500grs,"3.399,00"
141790,fideos bahía blanca laminados al huevo 500grs,"3.929,00"
317806,mermelada la campagnola frutos rojos frasco 454grs,"5.510,00"
877085,maní confitado roig sabor chocolate 80grs,"1.090,00"
312473,galletitas dulces rellenas cofler sabor chocolate 85grs,"1.350,00"
318304,chocolate con leche nestle 45grs,"3.600,00"
100342,galletitas dulces primer precio surtidas 300grs,"1.519,00"
290384,obleas tym sabor vainilla y frutilla 100grs,"749,00"
310945,"galletitas dulces tostex avena, arándanos, pasas de uva y naranja 270grs","2.079,00"
321319,galletitas crackers 9 de oro crujitas queso 120grs,"1.690,00"
312155,galletitas dulces rellenas rumba 110grs,"1.639,00"
321741,maní king spicy hot 80grs,"1.249,00"
318415,mantecol untable 250grs,"5.690,00"
261307,sal fina condimentada celusal deli criollo 230grs,"5.357,00"
317788,alfajor chocotorta con dulce de leche 71grs,"2.190,00"
315208,café torrado molido nescafé dolca  190grs,"9.890,00"
309971,canela molida la parmesana 25cm3,"1.390,00"
285087,caldo caldiet safra con sal agregada verduras en sobres 50grs,"4.415,00"
320354,sémola rimacinata bonalma de trigo duro 1000grs,"6.349,00"
279980,galletitas dulces okebon chocolatada 273grs,"1.785,00"
286736,polvo para preparar bizcochuelo mamá cocina integral con semillas 540grs,"3.590,00"
294000,aceite de coco entrenuts neutro frasco  360cm3,"8.899,00"
284909,mini tostadas twistos queso 155grs,"4.099,00"
317387,aceite de oliva natura fuerte virgen extra pet 500ml,"14.890,00"
315426,cebolla en escamas la parmesana 15grs,"1.379,00"
292978,harina de arroz dicomere sin tacc 1000grs,"3.330,00"
128370,yerba mate piporé despalada 500grs,"2.450,00"
294547,galletitas dulces rellenas pamela vainilla pack familiar x3 291grs,"2.639,00"
315347,botella shaker ena premium 500ml,"6.650,00"
315224,galletitas dulces delicel sabor limón sin gluten 200grs,"2.969,00"
309444,harina de coco el cosaco sin tacc 200grs,"3.059,00"
322902,fideos wakas spaghetti sin gluten 400grs,"6.709,00"
295980,sopa molé energética sin tacc 150grs,"3.149,00"
309972,coco parmesana coco rallado 100grs,"2.480,00"
313174,"alimento a base de granola zafrán quinoa, manzana y nuez 230grs","6.600,00"
154385,canela molida don ubaldo 25grs,"1.290,00"
318437,chocolate arcor crispy 80grs,"4.320,00"
259134,ciboulette la parmesana 20grs,"1.140,00"
271511,café instantáneo nescafe gold alta rica 100grs,"24.900,00"
315878,mermelada piacere ciruela frasco 454grs,"2.690,00"
275835,galletitas dulces pepas primer precio batata 300grs,"1.919,00"
312733,galletitas dulces tostex avena y chips 270grs,"2.079,00"
285158,"galletitas dulces zafran avena, coco y lino 150grs","2.400,00"
281048,aceite de oliva cooperativa virgen extra 250cm3,"7.790,00"
322331,premezcla para pancakes granger salados queso 300grs,"15.590,00"
312465,chocolate cofler con rocklets 140grs,"9.100,00"
315425,pimienta negra molida la parmesana 15grs,"1.679,00"
317580,cápsulas de café nescafé dolce gusto latte macchiato 112grs,"15.530,00"
315706,fideos primer precio dobladitos al huevo 500grs,"2.390,00"
312081,tostadas primer precio sin sal 180grs,"1.449,00"
312902,galletitas snacks rex sabor original 225grs,"3.235,00"
195860,caramelos masticables pico dulce  500grs,"7.684,00"
173446,maní el mallín crocante sabor pizza 200grs,"3.290,00"
321387,galletitas dulces íntegra cacao y chocolate 200grs,"3.600,00"
238853,budín sabor vainilla dimax sin tacc 185grs,"3.814,00"
317907,alfajor 9 de oro dulce de leche blanco 45grs,"990,00"
321725,palitos de maíz krachitos bastonitos sabor ketchup 50grs,"1.439,00"
162715,albahaca deshidratada primer precio 25grs,"749,00"
315229,alfajor animal kind vegano dulce de frutos rojos  50grs,"1.999,00"
319337,galletitas dulces schar mini sorrisi sin gluten 100grs,"7.169,00"
321333,creatina raptor sin sabor  300grs,"40.590,00"
218493,hongos callieri secos trozados 25grs,"3.790,00"
294548,galletitas dulces rellenas pamela chocolate pack familiar x3 291grs,"2.639,00"
963283,merluza puglisi al natural 380grs,"3.855,00"
872970,té negro primer precio en saquitos x50 100grs,"1.389,00"
311934,galletitas dulces rellenas mellizas 110grs,"1.639,00"
256046,caldo en cubos safra verdura 57grs,"999,00"
277555,papas fritas primer precio jamón serrano 90grs,"2.019,00"
287656,mermelada las brisas orgánica arándanos y chía 260grs,"6.939,00"
259138,perejil la parmesana 25grs,"1.140,00"
312129,edulcorante en polvo liv clásico 80grs,"3.885,00"
318435,chocolate arcor dúo leche y blanco 80grs,"4.320,00"
319340,galletitas dulces schar choco chip cookies sin gluten 200grs,"11.199,00"
322719,bombones milka con crema de avellanas 110grs,"8.500,00"
285088,caldo caldiet safra sin sal agregada verduras en sobres 50grs,"4.415,00"
312132,dulce de leche primer precio reducido en grasas 400grs,"1.799,00"
710023,dulce de batata la campagnola lata 5kgs,"28.590,00"
314768,bizcochos dulces primer precio hojaldre con batata 200grs,"1.560,00"
321321,galletitas crackers 9 de oro crujitas hierbas de la huerta 120grs,"1.690,00"
316469,nachos ketsal sabor queso 70grs,"2.429,00"
312914,fideos terrabusi mostacholes rayados 500grs,"1.149,00"
191697,mermelada la huerta familiar damasco frasco 450grs,"4.549,00"
311188,premezcla bizcochuelo maizena vainilla 450grs,"6.490,00"
256047,caldo en cubos safra carne 57grs,"999,00"
317344,pasta de legumbres wakas alubia y garbanzos sin gluten 300grs,"5.490,00"
315240,garbanzos tostados fitbeans sabor queso 75grs,"1.499,00"
322329,premezcla para pancakes granger proteicos chocolate 400grs,"15.500,00"
102019,chocolate con leche primer precio 100grs,"4.590,00"
102020,chocolate primer precio blanco 100grs,"4.590,00"
313026,chocolate con leche bon o bon relleno 160grs,"8.090,00"
321271,"suplemento dietario molé isotónica a base de vitamina c, minerales y cúrcuma 300grs","16.659,00"
315342,whey protein ena sabor vainilla 907grs,"59.000,00"
322333,premezcla para omelette granger proteico jamón y queso 210grs,"15.000,00"
321856,café en cápsulas nescafé dolce gusto starbucks madagascar vanilla macchiato 132grs,"16.770,00"
313206,cápsulas de café la virginia equilibrado n°7 104grs,"16.400,00"
315767,yerba mate cachamai tradicional con palo 500grs,"2.450,00"
963275,merluza puglisi en aceite 380grs,"3.855,00"
279248,fideos de arroz blue patna fettuccini sin tacc 500grs,"5.569,00"
265656,mermelada flor de jardín de mamón frasco 425grs,"5.659,00"
282514,alfajor turimar chocolate triple 60grs,"840,00"
317908,alfajor 9 de oro frutos rojos 45grs,"990,00"
318267,pochoclo hanks sabor vainilla 98grs,"2.210,00"
282452,aceitunas verdes terrasana orgánicas 250grs,"7.099,00"
282450,pasta de aceitunas verdes terrasana orgánicas 235grs,"7.460,00"
322328,premezcla para pancakes granger proteicos vainilla 400grs,"15.500,00"
288635,porotos primer precio remojados colorados  300grs,"1.270,00"
284834,dulce de leche repostero primer precio sin tacc 1000grs,"4.799,00"
288493,aceite de maíz lira 900cm3,"6.990,00"
309332,vainillas primer precio x36 444grs,"4.890,00"
295979,polenta mole mediterranea sin tacc 200grs,"2.749,00"
254426,galletas dulces dimax sabor vainilla sin gluten 200grs,"3.940,00"
315239,garbanzos tostados fitbeans sabor jamón ahumado 75grs,"1.499,00"
281943,masitas trini cacao + stevia sin tacc 120grs,"3.439,00"
316470,nachos ketsal picantes sabor chile y limón 70grs,"2.429,00"
123290,cacao en polvo trini con stevia sin tacc 100grs,"4.700,00"
324581,chocolate shot con maní 90grs,"6.120,00"
318303,chocolate semiamargo nestle  50grs,"3.490,00"
322720,bombones milka con crema de vainilla 110grs,"8.500,00"
318443,mix parrilla alicante para preparar barbacoa 25grs,"1.938,00"
321426,gelatina vegetal sin sabor agar-agar gell singh sin tacc 10grs,"5.140,00"
227298,fideos san agustín nidos ancho 500grs,"1.689,00"
318525,galletitas crackers clásicas primer precio pack familiar x3 300grs,"1.190,00"
311147,fideos tallarín lucchetti n°7 al huevo 500grs,"2.100,00"
311240,copos de maíz lasfor 200grs,"2.090,00"
296140,miel entrenuts cremosa  500grs,"6.290,00"
309975,esencia artificial de azahar la parmesana 110grs,"1.940,00"
314945,papas fritas primer precio corte americano 180grs,"3.199,00"
120842,atún puglisi en aceite sin sal agregada 170grs,"4.295,00"
285114,bombones arcor surtido selección 228grs,"10.690,00"
309943,estragón la parmesana 20grs,"1.140,00"
317701,chimichurri la parmesana 15grs,"1.540,00"
277234,té hierbas del oasis coco y vainilla x20 40grs,"4.300,00"
314777,galletitas dulces primer precio sabor chocolate 170grs,"1.090,00"
275048,mayonesa heinz doypack 200grs,"1.439,00"
314767,bizcochos dulces primer precio hojaldre con membbrillo 200grs,"1.560,00"
321317,galletitas crackers 9 de oro crujitas clásicas 120grs,"1.690,00"
313082,alfajor toddy mousse 50grs,"1.249,00"
217482,caramelos menthoplus zero sabor cereza 26grs,"1.050,00"
102994,mermelada orieta naranja pote 500grs,"2.230,00"
312077,galletitas dulces primer precio con chips de chocolate 300grs,"2.069,00"
281251,harina de arroz integral yin yang tostado orgánico 500grs,"4.659,00"
299818,premezcla natural pop falafel sin tacc 210grs,"2.250,00"
872946,mate cocido primer precio x25 75grs,"859,00"
322975,aderezo hellmann's sabor asado 340grs,"4.650,00"
155694,caballa puglisi al natural sin sal agregada 380grs,"5.389,00"
278217,harina de algarroba ying yang 250grs,"5.449,00"
312244,pasta instantánea con salsa fileto mamá cocina  180grs,"3.990,00"
315225,alfajor animal kind vegano relleno con manteca de maní 42grs,"1.069,00"
287654,mermelada las brisas orgánica light zanahoria y naranja 240grs,"6.939,00"
323709,nescafé dolca mixes latte doypack 125grs,"4.969,00"
266487,chocolate cofler blockazo 1000grs,"41.410,00"
315343,whey protein ena sabor frutilla 907grs,"59.000,00"
312245,sopa menú box cañuelas vegetales mini ramen 45grs,"2.950,00"
317703,pimienta blanca la parmesana molida 15grs,"1.040,00"
290124,porotos la gringa secos remojados 300grs,"1.430,00"
286646,yerba mate cbse miel 500grs,"2.450,00"
191696,mermelada la huerta familiar ciruela frasco 450grs,"4.549,00"
191703,mermelada la huerta familiar manzana frasco 450grs,"4.800,00"
315557,salsa barbacoa hellmann's doypack 250grs,"2.698,00"
291517,yerba mate hierbas del oasis orgánica 500grs,"6.209,00"
264161,dulce el chañar de rosa mosqueta frasco 450grs,"7.440,00"
315039,galletitas dulces bauducco cookies sabor original 60grs,"1.100,00"
322705,nachos de maíz tostitos originales 100grs,"2.268,50"
315454,snack takis fuego 140grs,"4.999,00"
311161,gelatina en polvo exquisita cereza 25grs,"1.189,00"
321246,yerba mate hierbas del oasis tereré 500grs,"4.500,00"
321343,premezcla para falafel gula garbanzo sin tacc 210grs,"3.100,00"
298842,mix semillas buen día kos food doypack 150grs,"2.399,00"
295374,risoni wakas zanahoria sin tacc 300grs,"5.850,00"
312242,pasta instantánea con salsa de brócoli mamá cocina  180grs,"3.990,00"
321267,premezcla para preparar pancake proteico molé sabor vainilla 450grs,"14.699,00"
123294,postre sabor chocolate trini sin tacc 60grs,"2.470,00"
321724,conos krachitos sabor barbacoa 45grs,"1.890,00"
316062,gelatina en polvo mogul cereza 25grs,"1.090,00"
318431,confites rocklets picante 20grs,"1.020,00"
315424,ají molido la parmesana 15grs,"989,00"
123377,flan de vainilla trini con stevia sin tacc 30grs,"2.470,00"
123378,flan de chocolate trini con stevia sin tacc 30grs,"2.470,00"
321254,salsa liquida henderson relish 140ml,"11.549,00"
315345,starter protein ena sabor café 400grs,"35.000,00"
321332,creatina raptor sabor naranja  324grs,"40.590,00"
290118,jardinera la gringa al natural 300grs,"1.199,00"
281249,germen de trigo yin yang sin tostar 500grs,"2.069,00"
311149,fideos lucchetti spaghetti n°5 al huevo 500grs,"2.199,00"
299526,galletitas dulces mini pamela avena y chips 180grs,"1.615,00"
324100,galletitas dulces terrabusi variedad clásica más sabor chocolate 390grs,"3.745,00"
299811,premezcla natural pop falafel arvejas y quinoa sin tacc 200grs,"1.939,00"
296136,miel entrenuts líquida  500grs,"6.290,00"
315232,galletitas dulces animal kind vainilla veganas 170grs,"2.199,00"
298841,mix semillas ensalada kos food doypack 150grs,"2.399,00"
256045,caldo en cubos safra gallina 57grs,"999,00"
299821,rallado natural pop veg sin tacc 100grs,"1.800,00"
287655,mermelada las brisas orgánica arándanos 260grs,"6.939,00"
318429,cubanitos cofler sabor coco x2 29grs,"1.190,00"
316058,gelatina en polvo godet cereza 25grs,"1.190,00"
192988,caldo caldiet safra verduras sin sal agregada 200grs,"10.100,00"
318430,confites rocklets extreme 20grs,"1.020,00"
282449,aceite de oliva terrasana orgánico 500cm3,"33.610,00"
278199,té negro hierbas del oasis orgánico en hebras doypack 100grs,"7.190,00"
316432,chocolate milka mmmax almond caramel 300grs,"33.890,00"
281969,avena tostex grano entero 300grs,"2.089,00"
299522,galletitas dulces mini pamela limón 180grs,"1.419,00"
315418,caramelos duros primer precio menta  120grs,"990,00"
315421,caramelos duros primer precio rellenos de miel  120grs,"990,00"
321245,yerba mate hierbas del oasis compuesta 500grs,"4.830,00"
291518,yerba mate hierbas del oasis compuesta 500grs,"4.999,00"
243782,mermelada la huerta familiar pera frasco 450grs,"4.549,00"
191706,mermelada la huerta familiar membrillo frasco 450grs,"4.800,00"
321341,premezcla brownie gula porotos negros sin tacc 425grs,"5.090,00"
321342,premezcla para hamburguesa gula garbanzo sin tacc 250grs,"3.100,00"
316295,mermelada cuarto creciente con semillas ciruela frasco 400grs,"4.979,00"
315231,galletitas dulces animal kind algarroba veganas 170grs,"2.199,00"
311213,cereales formis tortugas sabor chocolate 245grs,"3.190,00"
150628,aceitunas verdes nucete con carozo 100grs,"1.400,00"
296527,galletitas dulces zafranito integrales vainilla 150grs,"2.259,00"
315364,snacks saladix horneados picante 100grs,"1.599,00"
248899,chupetines mister pops trompitos frutales 550grs,"10.490,00"
315358,caramelos butter toffees cream 99grs,"2.190,00"
281579,peladillas maní de colores bariloche 80grs,"1.890,00"
317998,aceitunas verdes nucete rellenas con pasta de morrón 100grs,"2.369,00"
280583,aceto balsámico la toscana reducción 250cm3,"6.259,00"
107549,coco rallado don ubaldo 50grs,"1.409,00"
281300,postre de maní lheritier 200grs,"5.890,00"
309721,calamar marechiare en aceite 180grs,"5.929,00"
309722,calamares marechiare en salsa de tomate 180grs,"5.929,00"
277228,mate cocido hierbas del oasis orgánico x25 75grs,"2.799,00"
100230,chocolate para taza primer precio 100grs,"3.790,00"
107212,ají molido don ubaldo 50grs,"1.990,00"
318425,cubanitos cofler sabor avellanas x2 29grs,"1.190,00"
318427,cubanitos cofler sabor chocolate con leche x2 29grs,"1.190,00"
294593,sopa instantánea knorr zanahoria 65grs,"2.959,00"
321403,papas fritas pringles garlic steak 100grs,"5.390,00"
321404,papas fritas pringles sweet bacon 100grs,"5.390,00"
318296,cápsulas de café nescafe dolce gusto mochaccino canela 172grs,"12.704,00"
312806,té saint gottard boldo x10 saquitos 15grs,"1.743,00"
318297,cápsulas de café starbucks blonde espresso roast 94grs,"20.873,00"
310946,galletitas dulces tostex avena y miel 270grs,"2.084,00"
317285,chips de manzana roja fruch 35grs,"2.490,00"
188269,echalotte 1uni,"2.990,00"
714886,queso cheddar cooperativa feteado envasado 150grs,"4.100,00"
710656,queso adler cheddar feteado envasado 144grs,"4.000,00"
736325,ciruela roja 1kgs,"3.990,00"
701428,pan para panchos ecoop 200grs,"2.415,00"
711138,budín cooperativa sabor vainilla 170grs,"2.225,00"
711104,bondiola paladini más finas feteado envasado 120grs,"6.800,00"
756733,leberwurst paladini  250grs,"2.950,00"
708126,milanesa de cerdo  1kgs,"14.500,00"
729841,grasa sombra de toro 1er jugo bovino  1kgs,"3.900,00"
703933,maní con cáscara 1kgs,"5.990,00"
179716,portobello abrantes en bandeja 200grs,"6.900,00"
132397,torta cooperativa sabor vainilla 600grs,"6.995,00"
179715,champignones abrantes bandeja 200grs,"6.500,00"
959707,milanesa de cuadrada sombra de toro  1kgs,"19.500,00"
715971,queso fontina vacalin trozado envasado 300grs,"4.990,00"
716233,salame tipo cantimpalo la casona feteado envasado 150grs,"4.035,00"
211563,torta cooperativa sabor chocolate 600grs,"6.995,00"
705603,pan flautita mamá cocina prehorneado congelado x6 462grs,"2.490,00"
725072,banana ecuador 1kgs,"1.990,00"
712890,rapiditas bimbo clásicas 275grs,"3.100,00"
965880,chorizo carne vacuna sombra de toro 1kgs,"12.900,00"
709405,pan de panchos primer precio 200grs,"1.699,00"
717364,primer jugo bovino sombra de toro 500grs,"2.100,00"
165436,bizcochuelo primer precio sabor vainilla 750grs,"5.899,00"
714544,queso provoleta paladini 160grs,"4.900,00"
730602,morcilla parrillera sombra de toro  1kgs,"10.500,00"
715060,leche la serenisima parcialmente descremada liviana 1% sachet 1lts,"1.925,00"
716257,pan para hamburguesa ecoop de papa 200grs,"2.855,00"
928941,tomate redondo 1kgs,"1.690,00"
705039,manzana red comercial 1kgs,"2.490,00"
730424,morcilla vasca sombra de toro  1kgs,"11.900,00"
716211,lomo ahumado sombra de toro feteado envasado 120grs,"1.776,00"
709474,leberwurst sombra de toro  250grs,"1.590,00"
701744,banana comercial 1kgs,"1.990,00"
701429,pan para hamburguesa ecoop 200grs,"2.415,00"
700993,morcilla bombón sombra de toro  1kgs,"11.900,00"
708267,pera 1kgs,"1.790,00"
716184,queso barra la paulina feteado envasado 200grs,"2.980,00"
700029,limón 1kgs,"1.990,00"
710358,salame tipo milán cagnoli feteado envasado 180grs,"6.500,00"
714509,nuggets notchicken notco  0.3kgs,"8.026,00"
709404,pan para hamburguesa primer precio 200grs,"1.510,00"
704733,naranja de jugo 1kgs,"1.592,00"
714939,bastoncitos de pescado rebozados granja del sol 300grs,"4.990,00"
165435,bizcochuelo primer precio sabor chocolate 750grs,"5.899,00"
708975,levadura levex con masa madre sobre 13grs,"800,00"
716547,queso provolone vacalin trozado envasado 250grs,"6.900,00"
701781,salamín fuet cagnoli 150grs,"6.900,00"
716103,chorizo fresco mezcla sombra de toro 1kgs,"11.900,00"
706435,panceta salada bacon paladini feteada envasada 150grs,"4.800,00"
715058,leche la serenisima clásica entera 3% sachet 1lts,"1.925,00"
705831,mix de lechugas la aldea hidropónica 1uni,"3.790,00"
746576,salchichas fela sin piel x6 225grs,"1.790,00"
710560,jamón crudo piamontesa feteado envasado 150grs,"12.500,00"
714213,pan dulce firenze matero con gotas chocolate y capa almendrada 350grs,"4.990,00"
716215,salchichón con jamón sombra de toro feteado envasado 150grs,"1.185,00"
706988,manteca cooperativa 200grs,"2.699,00"
982911,pelón blanco 1kgs,"4.990,00"
708562,pionono primer precio tradicional 150grs,"1.890,00"
184689,queso sardo el gauchito trozado envasado 1kgs,"19.800,00"
704741,naranja ombligo 1kgs,"1.592,00"
718262,grisines ecoop con sal 150grs,"2.065,00"
700558,papa blanca 1kgs,"1.990,00"
715397,huevos avicoper blancos 6uni,"1.999,00"
730467,huevos cooperativa extra grandes 6uni,"2.249,00"
700754,mandarina 1kgs,"1.990,00"
740390,salchichas paladini sin piel x6 225grs,"2.990,00"
707706,salchichón primavera trozer sin tacc feteado envasado 200grs,"1.579,00"
117908,milanesa de peceto sombra de toro 1kgs,"23.500,00"
714448,grisines cooperativa tipo italianos 200grs,"1.690,00"
700584,levadura calsa familiar 50grs,"699,00"
960489,cebolla suelta 1kgs,"1.190,00"
111900,levadura calsa mi pan instantánea sobre 10grs,"599,00"
706604,lechuga arrepollada 1kgs,"3.390,00"
710493,ricotta garcía semigrasa envasada 500grs,"4.545,00"
791350,queso parmesano la paulina trozado envasado 1kgs,"34.500,00"
241665,dulce de membrillo dulcor sachet 500grs,"2.839,00"
708108,provoleta hilada cooperativa envasada 1kgs,"19.900,00"
710701,fiambre de cerdo para emparedado sombra de toro feteado envasado 200grs,"1.500,00"
241669,dulce de batata dulcor con chocolate sachet 500grs,"2.189,00"
712405,milanesas notco not mila x2 220grs,"5.036,00"
712891,rapiditas bimbo integrales 275grs,"3.780,00"
706471,jamón cocido cagnoli natural feteado envasado 120grs,"4.900,00"
182073,queso rallado la paulina reggianito 150grs,"5.399,00"
257018,lechuga mantecosa la aldea hidropónica 1uni,"3.490,00"
704466,zapallo calabaza 1kgs,"890,00"
262032,salchichas la blanca sin piel x6 190grs,"990,00"
722324,acelga 1kgs,"1.890,00"
716433,yogur ser pro+ proteína sabor frutos rojos pote 175grs,"2.900,00"
725315,palta hass 1kgs,"6.990,00"
742449,queso de cerdo sombra de toro feteado envasado 1kgs,"6.900,00"
241667,dulce de batata dulcor con vainilla sachet 500grs,"2.189,00"
223696,mortadela paladini familiar mini envasada 300grs,"4.390,00"
708898,queso finlandia chef cheddar feteado envasado 150grs,"5.950,00"
233559,salame picado entrefino labratto fuet 150grs,"7.500,00"
708061,salchichas panchín sin piel x6 190grs,"1.480,00"
711575,pan de molde con salvado ecoop 600grs,"4.806,00"
257019,lechuga crespa la aldea hidropónica 1uni,"3.490,00"
139397,nuez con cáscara  1kgs,"11.990,00"
716185,salame tipo milán cagnoli feteado envasado 150grs,"3.180,00"
216805,polvo para preparar bebida láctea franz lista! fortificada 800grs,"5.999,00"
715710,salamín picado fino atm cagnoli 145grs,"7.000,00"
707387,queso mozzarella cooperativa envasado 250grs,"4.500,00"
711574,pan de molde ecoop con salvado 350grs,"2.390,00"
705762,provoleta puyehué hilada envasada 1kgs,"18.900,00"
706582,zanahoria 1kgs,"1.290,00"
700059,levadura calsa familiar x2 100grs,"1.199,00"
705666,albahaca la aldea hidropónica 1uni,"3.490,00"
219868,queso fontina sancor corazón de horma envasado 240grs,"8.900,00"
715884,pizza congelada sibarita mozzarella 470grs,"11.949,00"
711570,pan de molde ecoop blanco 350grs,"2.390,00"
708305,remolacha 1kgs,"2.990,00"
458233,ricotta garcía entera envasada 500grs,"4.545,00"
716698,queso rallado cooperativa 150grs,"5.259,00"
716361,pan de molde fargo integral  400grs,"5.505,00"
714888,queso mozzarella cooperativa feteado envasado 170grs,"4.100,00"
712406,milanesas notco not chicken mila x2 220grs,"5.753,00"
722820,grisines ecoop sin sal agregada 150grs,"2.065,00"
710357,salame tipo milán chacra 43 feteado envasado 150grs,"5.500,00"
716848,pizzeta de mozzarella y jamón paladini congelada 205grs,"4.590,00"
711572,pan de molde ecoop blanco 600grs,"4.809,00"
706902,queso por salut cooperativa trozado envasado 1kgs,"12.800,00"
711092,jamón crudo paladini más finas feteado envasado 120grs,"8.900,00"
715211,budín cooperativa sabor chocolate 170grs,"2.225,00"
700002,pollo pollolin 1kgs,"4.300,00"
716188,salame tipo milán la residencia feteado envasado 150grs,"2.850,00"
706343,tallarines al huevo balkan frescos 500grs,"3.290,00"
780847,jamón crudo don décimo feteado envasado 1kgs,"35.000,00"
704318,morrón colorado 1kgs,"3.690,00"
733504,paleta de cerdo cocida paladini feteada envasada 1kgs,"18.900,00"
138814,queso gouda noal trozado envasado 1kgs,"16.900,00"
708168,producto untable a base de almendras felices las vacas sabor cheddar 200grs,"2.590,00"
716314,queso mozzarella gran aldea feteado envasado 180grs,"3.300,00"
712893,rapiditas bimbo light  275grs,"3.780,00"
716216,salchichón primavera sombra de toro feteado envasado 150grs,"1.185,00"
709791,queso port salut light la serenisima sin lactosa trozado 1kgs,"20.690,00"
717186,ricotta cooperativa entera 500grs,"2.590,00"
711954,pan de molde ecoop con semillas 350grs,"3.119,00"
716258,pan para hamburguesa ecoop tipo brioche 200grs,"2.855,00"
171035,jamón crudo atuel feteado envasado 1kgs,"38.900,00"
700975,choclo 1kgs,"1.990,00"
709053,huevos granja don andrés medianos maple 30uni,"6.990,00"
708167,producto untable a base de almendras felices las vacas clásico 200grs,"2.590,00"
713056,grisines ecoop integral sin sal agregada 150grs,"2.065,00"
704652,repollo blanco 1kgs,"1.890,00"
197573,queso gouda punta del agua trozado envasado 1kgs,"14.900,00"
704709,pepino 1kgs,"1.990,00"
711052,perejil la aldea hidropónico 1uni,"3.490,00"
711088,paleta cocida paladini más finas feteada envasada 200grs,"4.990,00"
716806,yogur yogurisimo griego sabor natural sin endulzar pote 300grs,"4.320,00"
705893,chorizo pechera cerdo  1kgs,"12.900,00"
130851,uva rosada 1kgs,"4.990,00"
707625,rebozador morixe 500grs,"1.250,00"
709790,queso port salut clásico la serenisima sin lactosa trozado 1kgs,"18.200,00"
775266,filet de pechuga pollolin 1kgs,"13.700,00"
715192,sadinesa de pollo sadia congelada 100grs,"1.399,00"
714722,medallones notco not chicken crispy rellenos espinaca x2 240grs,"6.765,00"
710128,queso rallado la serenisima reggianito 175grs,"8.075,00"
715878,pan de molde ecoop con semillas y frutos secos 400grs,"5.400,00"
716344,jamón cocido primer precio feteado envasado 1kgs,"9.900,00"
257021,rúcula la aldea hidropónica 1uni,"3.490,00"
756687,mortadela paladini familiar envasada 500grs,"6.700,00"
714376,pan de molde blanco lactal 460grs,"4.812,00"
721840,brócoli 1kgs,"6.490,00"
707705,salchichón con jamón trozer sin tacc feteado envasado 200grs,"2.100,00"
102779,grasa vacuna procesada paladini 500grs,"2.500,00"
751090,pomelo rojo 1kgs,"2.541,50"
711550,tablitas cooperativa sabor pizza 150grs,"1.755,00"
700779,milanesas de carne patynesa x2 226grs,"5.499,00"
711089,jamón cocido paladini más finas feteado envasado 200grs,"4.990,00"
706655,manzana granny comercial 1kgs,"3.990,00"
715194,crema de leche cooperativa doble 350grs,"4.250,00"
714669,alimento untable a base de aceites vegetales y manteca manty 200grs,"2.650,00"
730475,huevos cooperativa grandes 6uni,"1.990,00"
715976,pan de molde bimbo tipo artesano original con masa madre 500grs,"8.140,00"
704660,repollo morado 1kgs,"2.190,00"
711546,tablitas cooperativa sabor jamón 150grs,"1.755,00"
705665,queso azul santa rosa trozado envasado 140grs,"5.100,00"
716362,pan de molde fargo cereales y semillas 400grs,"3.859,00"
704520,berenjena negra 1kgs,"2.990,00"
717465,queso azul cooperativa trozado envasado 140grs,"2.980,00"
170510,carbón noroso 3kgs,"6.790,00"
713242,huevos avícola brandsen blancos grandes 6uni,"1.990,00"
133606,aderezo a base de queso procesado la quesera 40grs,"799,00"
773190,dulce de membrillo dulcor trozado envasado 1kgs,"6.260,00"
715879,torta cooperativa sabor limón 600grs,"6.995,00"
714715,salchichas vienissima sin piel x12 460grs,"5.890,00"
711091,mortadela paladini más finas feteada envasada 200grs,"3.500,00"
711874,crema de leche nc la emancipación pote 400cm3,"3.999,00"
713286,pan de hamburguesa bimbo papa tipo artesano x4 240grs,"4.955,00"
716849,pizzeta de mozzarella paladini congelada 190grs,"4.590,00"
709477,mortadela primer precio envasada 300grs,"2.500,00"
709475,mortadela sombra de toro envasada 500grs,"5.400,00"
706612,lechuga crespa 1kgs,"4.950,00"
714389,bondiola piamontesa feteada 150grs,"8.390,00"
715219,salamín cagnoli tandilero picado fino ahumado 145grs,"7.900,00"
707623,pan rallado morixe 500grs,"1.250,00"
715857,alitas de pollo sadia golden chicken congeladas 400grs,"7.990,00"
714674,cebolla de verdeo 1kgs,"3.590,00"
709720,producto vegetal cremoso felices las vacas cilindro 500grs,"7.190,00"
748943,tomate cherry 1kgs,"3.890,00"
714716,salchichas vienissima sin piel x6 230grs,"3.090,00"
700742,pechuga pollolin  1kgs,"7.400,00"
199527,leña noroso itin  6kgs,"6.990,00"
751120,pulpa de cerdo  1kgs,"12.900,00"
163612,queso reggianito la paulina trozado envasado 1kgs,"31.000,00"
714867,postre la serenisima clásico vainilla 95grs,"1.390,00"
715068,notchicken burger crispy x2 200grs,"5.981,00"
715667,formados notchicken spicy bit con salsa tabasco 250grs,"7.582,00"
219872,queso reggianito sancor corazón de horma envasado 230grs,"8.900,00"
715102,leñitos los leños fajín 1uni,"2.290,00"
708480,ravioles la italiana jamón y muzzarella 500grs,"3.590,00"
714946,postre la serenisima clásico chocolate 95grs,"1.390,00"
717228,empanadas de espinaca y queso paladini congeladas x4 320grs,"8.590,00"
716636,leña chañar don jaime 5kgs,"4.990,00"
173794,carbón noroso 4kgs,"8.490,00"
705020,manzana red elegida 1kgs,"4.990,00"
716355,queso gouda silvia fraccionado 270grs,"3.900,00"
716800,yogur yogurisimo griego batido sabor vainilla pote 140grs,"1.999,00"
715607,queso en hebras la paulina italiano cuatro quesos 125grs,"3.409,00"
109750,tomate perita 1kgs,"1.990,00"
704261,morrón verde 1kgs,"2.390,00"
716222,queso mozzarella la paulina feteado envasado 200grs,"3.180,00"
704369,morron calahorra 1kgs,"2.890,00"
721824,apio 1kgs,"2.690,00"
775134,patamuslo pollolin  1kgs,"5.200,00"
224548,bife de cerdo  1kgs,"10.900,00"
715181,danonino vainilla bebible 100grs,"1.700,00"
713699,leberwurst paladini finas hierbas 200grs,"2.590,00"
775240,muslo pollolin  1kgs,"6.900,00"
717442,pan de molde bimbo tipo artesano brioche 500grs,"8.140,00"
713424,milanesas de vegetales granja del sol congeladas x4 320grs,"5.690,00"
710116,queso rallado la serenisima reggianito 130grs,"6.440,00"
707056,manzana granny fraccionada 1kgs,"2.790,00"
715065,grasa vacuna refinada swift 500grs,"3.140,00"
716356,queso cheddar silvia feteado 150grs,"2.900,00"
709385,pan rallado pureza integral 350grs,"1.690,00"
162861,leche en polvo descremada cooperativa  400grs,"4.899,00"
923001,manzana red fraccionada 1kgs,"1.790,00"
712375,lechuga roble la aldea hidropónica 1uni,"3.490,00"
711548,tablitas cooperativa sabor original 150grs,"1.755,00"
713316,milanesas de arroz con vegetales granja del sol x4 330grs,"3.534,00"
714865,pizza congelada pietro mozzarella a la piedra 940grs,"17.990,00"
715885,pizza congelada sibarita mozzarella y jamón 540grs,"16.990,00"
714857,arándanos green life congelados 300grs,"5.490,00"
715183,danonino frutilla bebible 100grs,"1.700,00"
128935,salchichas la casona sin piel x6 190grs,"1.590,00"
707707,mortadela trozer sin tacc feteada envasada 200grs,"2.300,00"
708142,mortadela cagnoli mini envasada 300grs,"4.500,00"
179001,queso holanda tío pujio trozado envasado 1kgs,"21.900,00"
715709,salamín picado grueso atm cagnoli 145grs,"7.000,00"
317325,leche en polvo entera la serenisima clásica 800grs,"11.400,00"
715185,danonino frutilla bebible 185grs,"3.050,00"
706558,batata 1kgs,"1.890,00"
708636,jamón cocido paladini linea permí feteado envasado 150grs,"3.500,00"
713468,yogur descremado tregar sabor vainilla pote 125grs,"880,00"
716386,queso crema la serenísima blanco original 460grs,"5.400,00"
706752,espinaca 1kgs,"6.590,00"
714849,espinaca green life congelada 550grs,"5.290,00"
715919,burrera tía rosa  420grs,"6.805,00"
710441,salamín picado fino la casona envasado al vacío 180grs,"4.900,00"
711133,bondiola piamontesa feteada envasada 1kgs,"36.900,00"
700072,salchichas granja iris sin piel clásicas x6 225grs,"2.700,00"
717391,queso por salut gran aldea trozado envasado 1kgs,"12.900,00"
317032,leche en polvo la serenisima zero lactosa 400grs,"9.100,00"
716440,briquetas noroso 4kgs,"6.290,00"
714837,pan de molde ecoop con salvado sin sal agregada 350grs,"2.390,00"
745707,lechuga mantecosa 1kgs,"5.990,00"
725137,kiwi 1kgs,"8.990,00"
714997,papas mc cain smiles congeladas 700grs,"11.790,00"
711562,tablitas cooperativa sabor queso azul 150grs,"1.752,00"
722863,chorizo pechera carne vacuna 1kgs,"12.900,00"
710115,queso rallado la serenisima reggianito 70grs,"3.535,00"
295354,leche en polvo entera la herminia  400grs,"3.240,00"
704313,salchichón con jamón piccolo calchaquí envasado 240grs,"3.000,00"
715591,yogur entero natural tregar endulzado pote 280grs,"2.799,00"
716209,papas mc cain air fry finitas 700grs,"9.790,00"
716241,tortillas de trigo tibax x10 230grs,"2.679,00"
134933,levadura calsa amasa fácil 50grs,"799,00"
716213,mortadela sombra de toro feteada envasada 150grs,"1.335,00"
720496,matambrito de cerdo  1kgs,"21.900,00"
715454,postre danette chocolate x4 pote 380grs,"4.990,00"
773158,dulce de batata a la vainilla dulcor trozado envasado 1kgs,"4.500,00"
714446,mix 4 berries green life congelados 400grs,"9.490,00"
717365,medallones notco not chicken rellenos champis x2 120grs,"7.981,00"
715059,leche la serenisima parcialmente descremada clásica más liviana 2% sachet 1lts,"1.925,00"
715698,queso crema casancrem balance 500grs,"5.199,00"
715187,danonino frutilla pote 80grs,"1.199,00"
712701,uva negra 1kgs,"4.990,00"
716523,postre danette dulce de leche x4 380grs,"4.990,00"
710562,salame tipo milán piamontesa feteado envasado 150grs,"4.990,00"
716238,tortillas de trigo wraps tibax x6 420grs,"4.469,00"
716239,tortillas de trigo wraps con salvado tibax x6 420grs,"4.469,00"
710676,queso mozzarella la serenisima trozado envasado 220grs,"6.090,00"
757128,salamín en rodajitas bocatti envasado 100grs,"4.500,00"
714390,fiambre de paleta de cerdo piamontesa feteada  200grs,"4.290,00"
717611,flan ser deli con caramelo x2 190grs,"4.500,00"
716242,tortillas de trigo sabor espinaca tibax x10 230grs,"2.679,00"
713031,chorizo de cerdo sombra de toro 1kgs,"15.500,00"
295356,leche en polvo descremada la herminia  400grs,"3.240,00"
317324,leche en polvo descremada la serenisima liviana 800grs,"11.400,00"
715608,queso en hebras la paulina 100% parmesano sin lactosa 125grs,"3.945,00"
707703,queso cremón cremoso la serenisima trozado envasado 1kgs,"17.890,00"
716524,flan danette super cremoso con caramelo x4 380grs,"4.990,00"
715908,bondiola campo austral feteada envasada 150grs,"8.300,00"
714262,yogur descremado gran compra firme vainilla 120grs,"860,00"
714444,salchichas paty viena fun x6 190grs,"2.250,00"
716807,yogur yogurisimo griego sabor natural endulzado pote 300grs,"4.320,00"
715025,queso azul san ignacio trozado envasado 120grs,"3.999,00"
710331,queso azul bavaria clásico trozado envasado 125grs,"5.000,00"
709282,jamón cocido primer precio feteado envasado 1kgs,"9.900,00"
709671,prepizza primer precio media masa x2 460grs,"1.990,00"
711626,pan rallado mamá cocina con ajo y perejil 500grs,"1.890,00"
707614,medallones de pollo pollolin jamón y queso 450grs,"8.690,00"
715496,yogur bebible parcialmente descremado gran compra frutilla sachet 900grs,"2.699,00"
701727,manteca primer precio sin sal agregada 100grs,"1.150,00"
715974,queso gouda vacalin trozado envasado 300grs,"4.500,00"
141368,queso holanda tregar trozado envasado 1kgs,"29.500,00"
716801,yogur yogurisimo griego batido sabor frutilla pote 140grs,"1.999,00"
725218,papa blanca fraccionada 1kgs,"2.390,00"
715193,crema de leche cooperativa doble 200grs,"2.599,00"
716424,carne picada vacuna desgrasada refrigerada  750grs,"10.900,00"
714822,postre serenito con chocobombas 118grs,"3.490,00"
238824,tomate cherry amarillo 1kgs,"4.290,00"
715332,medallones de carne paty express x2 110grs,"1.790,00"
715218,salamín cagnoli tandilero picado fino picante 145grs,"7.900,00"
715213,budín cooperativa con semillas 170grs,"2.225,00"
219055,salchichas patyviena tipo alemana con piel x4 250grs,"5.450,00"
715217,grasa vacuna refinada swift 1000grs,"6.175,00"
713650,yogur cremoso milkaut sabor natural 180grs,"1.274,25"
773166,dulce de batata dulcor vainilla y chocolate trozado envasado 1kgs,"4.500,00"
714995,papas noissete mc cain horneables congeladas 600grs,"9.279,00"
701766,queso azul la quesera trozado envasado 1kgs,"21.150,00"
714392,nuggets notco not chicken sticks con hierbas congelados 300grs,"8.026,00"
715215,budín cooperativa sabor capuccino 170grs,"2.225,00"
937630,leche en polvo entera ilolay 400grs,"6.119,00"
709534,pera fraccionada 1kgs,"2.390,00"
716313,queso barra tybo gran aldea feteado envasado 180grs,"3.000,00"
715197,yogur bebible activia ciruela sachet 900grs,"5.680,00"
714846,brócoli green life congelado 450grs,"5.990,00"
714854,mix primavera green life congelado 350grs,"4.790,00"
711555,tablitas cooperativa sabor cebolla 150grs,"1.755,00"
706590,coliflor 1kgs,"5.390,00"
715495,yogur bebible parcialmente descremado gran compra vainilla sachet 900grs,"2.699,00"
714856,frutillas green life congeladas 400grs,"5.990,00"
715827,queso en hebras la paulina italiano cuatro quesos equilibrio 125grs,"3.409,00"
717490,postre cremigal sabor chocolate pote 125grs,"755,00"
717603,flan danette con caramelo x2 190grs,"5.000,00"
710129,queso pategrás la serenisima trozado envasado 1kgs,"35.000,00"
233535,jamón cocido labratto feteado envasado 125grs,"4.500,00"
796972,zapallo cabutia 1kgs,"749,00"
723894,prepizza ecoop integral 350grs,"2.615,00"
713378,pan de molde lactal con salvado 560grs,"5.369,00"
701908,leberwurst la casona 200grs,"2.050,00"
711093,salame tipo milán paladini más finas feteado envasado 120grs,"5.300,00"
224473,rebozador preferido 500grs,"1.890,00"
209595,leña noroso tintitaco 6kgs,"7.990,00"
715449,carbón don jaime bolsa 4kgs,"6.490,00"
706987,manteca cooperativa 100grs,"1.402,00"
716036,pan de molde bimbo blanco chico 400grs,"4.129,00"
716261,medallones de carne sombra de toro congelados x12 972grs,"16.790,00"
257020,lechuga morada la aldea hidropónica 1uni,"3.490,00"
716387,queso crema la serenísima blanco clásico 460grs,"5.400,00"
714845,acelga congelada green life 550grs,"4.700,00"
711873,crema de leche nc la emancipación pote 200cm3,"2.250,00"
715414,queso mozzarella la serenisima trozado envasado 500grs,"12.150,00"
716455,nuggets de brócoli swift veggies 300grs,"3.490,00"
715882,salame tipo pepperoni la casona 180grs,"4.900,00"
717111,yogur entero estilo griego dahí natural 190grs,"2.690,00"
711547,tablitas cooperativa siete semillas 150grs,"1.755,00"
716924,lasagna mix de quesos sadia congelada 350grs,"6.490,00"
717492,postre cremigal sabor vainilla pote 125grs,"755,00"
716423,carne picada vacuna refrigerada 750grs,"8.500,00"
162860,leche en polvo entera cooperativa 800grs,"9.799,00"
704717,ajo fraccionado x2 1uni,"990,00"
715186,danonino vainilla pote 80grs,"1.199,00"
708283,hinojo 1kgs,"3.490,00"
717429,ajo elefante 1uni,"1.990,00"
713159,leche larga vida angelita clásica liviana 2% 1lts,"1.799,00"
715184,danonino vainilla bebible 185grs,"3.050,00"
714374,pan para hamburguesa fargo x4 210grs,"3.186,00"
716240,tortillas de trigo con ají picante tibax x10 230grs,"2.679,00"
716244,tortillas de trigo con salvado tibax x10 230grs,"2.679,00"
714263,yogur descremado gran compra firme frutilla 120grs,"860,00"
224468,pan rallado preferido 500grs,"1.890,00"
714518,ajo puerro 1kgs,"5.990,00"
713375,pan de molde blanco lactal 315grs,"3.303,00"
715975,pan de molde bimbo tipo artesano integral con masa madre 500grs,"8.883,00"
717423,yogur descremado la serenisima firme vainilla pote 190grs,"1.490,00"
717335,pan de molde blanco bimbo lacteado grande 580grs,"7.405,00"
713454,alimento tipo yogur vegano coco iogo natural sin azúcar agregada 320grs,"3.639,00"
714847,chauchas green life congeladas 350grs,"4.190,00"
717608,flan la serenisima con caramelo x2 190grs,"2.890,00"
708881,batata boniato 1kgs,"3.490,00"
704594,chorizo de cerdo sombra de toro queso-morrón 1kgs,"18.500,00"
713453,yogur descremado ser firme frutilla pote 190grs,"2.550,00"
714864,pizza congelada pietro mozzarella y jamón a la piedra 510grs,"12.990,00"
258973,salchichas granja iris sin piel clásicas x10 375grs,"4.730,00"
706793,prepizza ecoop media masa x2 460grs,"2.819,00"
715098,carbon vegetal los leños 4kgs,"6.990,00"
199187,leña piquillín noroso 5kgs,"8.790,00"
715373,postrecito felices las vacas sabor chocolate 125grs,"1.790,00"
137427,leche en polvo entera franz fortificada 800grs,"8.599,00"
224401,rebozador mamá cocina plus para freir 500grs,"1.490,00"
714919,tapas para empanadas la salteña hojaldradas x12 330grs,"2.249,00"
713603,queso rallado la serenisima parmesano sobre 80grs,"4.000,00"
894478,queso cremoso noal trozado envasado 1kgs,"9.900,00"
716457,nuggets de espinaca swift veggies 300grs,"3.490,00"
717431,yogur descremado la serenisima nutrición activa vainilla pote 120grs,"1.199,00"
713469,yogur descremado tregar sabor frutilla pote 125grs,"880,00"
709879,pan rallado cañuelas 1kgs,"2.650,00"
224402,rebozador mamá cocina plus para horno 500grs,"1.790,00"
717025,dulce de membrillo rubio profecía  650grs,"4.825,00"
737992,bifes a la hamburguesa sombra de toro congelado x4 324grs,"6.990,00"
714850,espinaca green life congelada 1100grs,"9.690,00"
216172,queso cremón doble crema la serenisima trozado envasado 1kgs,"18.200,00"
728284,piña 1kgs,"3.490,00"
714199,yogur ser batido sabor natural sin endulzar pote 175grs,"2.500,00"
144156,ajo fraccionado x1 gran coloso 1uni,"1.149,00"
717295,pan de molde oroweat semillas con masa madre 600grs,"9.623,00"
716575,patitas de pollo granja del sol original 400grs,"8.559,00"
311069,leche en polvo nido fortigrow con prebióticos 370grs,"9.999,00"
224400,pan rallado mamá cocina plus 500grs,"1.550,00"
716450,milanesas de soja good mark x4 340grs,"4.056,00"
137463,levadura saf instantánea 125grs,"6.500,00"
714996,papas noissete mc cain horneables congeladas 1200grs,"17.097,00"
713344,leña de chañar noroso 6kgs,"6.690,00"
715355,pastillas de encendido carbonitas 12uni,"1.990,00"
717432,yogur descremado la serenisima nutrición activa frutilla pote 120grs,"1.199,00"
712647,uva blanca 1kgs,"4.990,00"
708564,pionono primer precio chocolate 150grs,"1.890,00"
714560,yogur descremado tregar frutilla pote 160grs,"2.250,00"
714756,yogur descremado dahi con trozos de frutillas 190grs,"2.690,00"
710230,tapas para empanadas paladini hojaldre x12 330grs,"2.190,00"
716518,yogur descremado tregar ananá pote 160grs,"2.250,00"
710131,queso gouda la serenisima trozado envasado 1kgs,"27.900,00"
704342,morrón amarillo 1kgs,"3.390,00"
716299,yogur bebible yogurisimo natural sachet  900grs,"6.250,00"
710134,queso reggianito la serenisima trozado envasado 1kgs,"40.000,00"
248865,queso cremón light la serenisima sin lactosa trozado envasado 1kgs,"18.200,00"
713465,longaniza parrillera sombra de toro 1kgs,"17.500,00"
714853,arvejas green life congeladas 350grs,"4.500,00"
715592,yogur entero natural tregar sin azúcar agregada pote 280grs,"2.799,00"
716809,yogur yogurisimo griego con trozos de arándanos pote 125grs,"1.790,00"
700258,bife angosto  1kgs,"17.900,00"
715448,carbón don jaime bolsa 3kgs,"5.490,00"
715096,carbón vegetal los leños 3kgs,"5.690,00"
715196,yogur bebible activia manzana y frutilla sachet 900grs,"5.680,00"
715918,fajitas tía rosa  275grs,"4.168,00"
701734,nalga para milanesa  1kgs,"24.900,00"
709766,bebida vegetal la serenisima con almendra sin azúcar 1lts,"4.940,00"
714054,perejil 1kgs,"5.990,00"
710234,tapas para empanadas paladini criolla x12 330grs,"1.790,00"
716942,pan de molde fargo salvado 600grs,"7.405,00"
708509,queso sardo santa rosa trozado envasado 1kgs,"45.000,00"
717618,rapiditas wraps bimbo clásicas 470grs,"6.850,00"
717227,empanadas de carne paladini congeladas x4 320grs,"8.590,00"
716922,yogur descremado milkaut cremoso balance vainilla pote 180grs,"1.124,25"
716805,yogur yogurisimo griego con granola pote 168grs,"1.960,00"
947512,yogur descremado ilolay firme vainilla pote 190grs,"1.399,00"
709716,dulce de membrillo la campagnola lata 700grs,"8.600,00"
702651,tapas para empanadas de copetín primer precio x24 320grs,"2.390,00"
716808,yogur yogurisimo griego con trozos de frutilla pote 125grs,"1.790,00"
185420,queso danbo la paulina en fetas 180grs,"4.500,00"
714460,flan la nueva vainilla 130grs,"975,00"
140082,leche en polvo descremada ilolay 800grs,"13.524,00"
715134,queso crema casancrem light sin sal agregada 290grs,"5.280,00"
224541,bife ancho  1kgs,"16.900,00"
705732,tapas para pascualina balkan criollas 330grs,"2.190,00"
226993,brazuelo 1kgs,"11.500,00"
714747,rabanito 1kgs,"4.320,00"
166130,queso crema primer precio 300grs,"1.999,00"
715828,queso en hebras la paulina 100% parmesano sin lactosa 500grs,"13.325,00"
716398,queso cremoso don firticchio trozado envasado 1kgs,"9.900,00"
714546,yogur entero ilolay firme vainilla pote 190grs,"1.399,00"
713282,pan para hamburguesas bimbo tipo artesano brioche x4 240grs,"4.955,00"
707243,papa blanca comercial fraccionada 1kgs,"1.490,00"
224470,rebozador preferido para horno 500grs,"2.250,00"
714214,yogur entero yogurisimo firme vainilla pote 190grs,"1.690,00"
717584,zanahoria fraccionada 1kgs,"2.390,00"
700290,colita de cuadril  1kgs,"25.900,00"
716923,yogur descremado milkaut cremoso balance frutilla pote 180grs,"1.199,25"
714708,yogur descremado cremoso gran compra sabor vainilla pote 120grs,"860,00"
717438,yogur la serenisima nutrición activa durazno 120grs,"1.199,00"
709354,producto untable a base de almendras felices las vacas sabor jamón serrano 200grs,"2.290,00"
701610,bola de lomo para milanesa  1kgs,"17.900,00"
715043,yogur ser calci+ batido vainilla pote 120grs,"2.255,00"
256523,hamburguesas de pollo pollolin x2 160grs,"3.490,00"
717616,postre serenito sabor vainilla x2 190grs,"4.500,00"
716478,queso crema ilolay crem clásico 290grs,"2.899,00"
716270,queso barra la paulina feteado envasado 200grs,"2.980,00"
709664,tapa de asado especial 1kgs,"20.500,00"
717408,yogur la serenisima nutrición activa firme vainilla pote 190grs,"1.490,00"
141441,leberwurst la casona panceta ahumada 200grs,"2.050,00"
244391,morcilla parrillera sombra de toro al vacio 1kgs,"10.500,00"
718297,prepizza ecoop 350grs,"2.334,00"
732117,asado de bife  1kgs,"16.900,00"
715083,cornalitos ocean blue congelados 500grs,"8.900,00"
715044,yogur ser calci+ batido frutilla y arándanos pote 120grs,"2.255,00"
797219,cebolla morada 1kgs,"2.190,00"
707593,milanesas de soja swift queso y tomate x4 350grs,"4.590,00"
716654,formados de pollo nuggets sadia congelados 900grs,"12.990,00"
260497,milanesas de pechuga de pollo pollolin  800grs,"13.990,00"
716584,notmila notco con semillas 220grs,"5.648,00"
714714,salchichas paty viena clásica x12 460grs,"5.250,00"
261592,hamburguesas paladini clásicas x2 160grs,"4.190,00"
714562,yogur descremado tregar durazno pote 160grs,"2.250,00"
716439,yogur entero tregar natural sin azúcar agregada pote 140grs,"1.999,00"
717336,pan de molde blanco fargo lacteado rodajas finas 510grs,"6.663,00"
717114,yogur descremado dahí con frutos del bosque 190grs,"2.690,00"
716576,patitas de pollo granja del sol original 1100grs,"22.149,00"
712278,hamburguesas de pollo pollolin pack x12 960grs,"19.790,00"
708900,queso en hebras finlandia chef 4 quesos 130grs,"4.670,00"
704623,salchichas sombra de toro frankfurt con piel 1kgs,"15.990,00"
714866,pizza congelada pietro peperoni a la piedra 510grs,"13.290,00"
717226,empanadas de jamón y queso paladini congeladas x4 320grs,"8.590,00"
714563,yogur descremado tregar arándano pote 160grs,"2.250,00"
717405,yogur bebible la serenisima nutrición activa frutilla sachet 1300grs,"2.990,00"
716360,pan de molde fargo salvado  390grs,"5.505,00"
709665,roast beef 1kgs,"18.500,00"
717610,postre la serenisima sabor vainilla x2 190grs,"2.890,00"
716550,nuggets saurio de pollo sadía congelados 400grs,"6.490,00"
717612,postre ser sabor chocolate x2 190grs,"4.500,00"
708513,queso fontina santa rosa trozado envasado 1kgs,"35.500,00"
717609,postre la serenisima sabor chocolate x2 190grs,"2.890,00"
709812,frambuesas green life congeladas 400grs,"14.990,00"
715535,medallones de vegetales green life calabaza choclo x4 380grs,"5.590,00"
700304,cuadril churrasco  1kgs,"21.900,00"
101939,dulce de batata arcor con sabor a chocolate 500grs,"2.490,00"
717437,yogur la serenisima nutrición activa frutilla 120grs,"1.199,00"
713410,queso camembert emperador envasado 100grs,"5.800,00"
702503,queso de cerdo paladini feteado envasado 1kgs,"10.900,00"
717291,queso cremoso gran aldea trozado envasado 1kgs,"11.500,00"
716965,manteca milkaut calidad extra 100grs,"2.299,00"
947520,yogur descremado ilolay firme frutilla pote 190grs,"1.399,00"
717604,postre danette sabor chocolate x2 190grs,"5.000,00"
717607,postre danette sabor americana x2 190grs,"5.000,00"
711085,queso en hebras finlandia chef mozzarella y parmesano 130grs,"4.670,00"
715271,mango 1kgs,"6.990,00"
713377,pan de molde lactal con salvado 330grs,"3.604,00"
713467,yogur entero tregar dulce de leche pote 125grs,"880,00"
717433,yogur la serenisima nutrición activa vainilla firme 120grs,"1.199,00"
715082,medallones de carne paladini +rápidas x2 138grs,"1.990,00"
717425,yogur la serenisima nutrición activa natural con cereales pote 159grs,"2.800,00"
184219,medallones de pollo pollolin clásicos 450grs,"8.390,00"
702277,paleta churrasco  1kgs,"17.900,00"
707711,jamón cocido magret sin tacc feteado envasado 150grs,"2.950,00"
703859,peceto para milanesa  1kgs,"27.900,00"
709381,bebida vegetal la serenisima con almendra 1lts,"4.940,00"
717435,yogur la serenisima nutrición activa vainilla 120grs,"1.199,00"
716479,queso crema ilolay crem balance 290grs,"2.899,00"
717443,pan para hamburguesas bimbo tipo artesano gourmet brioche x2 160grs,"4.190,00"
717605,postre danette sabor dulce de leche x2 190grs,"5.000,00"
715829,queso en hebras la paulina italiano cuatro quesos equilibrio 500grs,"12.138,00"
706531,ajo fraccionado x3 1uni,"690,00"
717426,yogur la serenisima nutrición activa natural con confites pote 164grs,"3.100,00"
716889,queso untable la serenisima sabores sabor fontina 180grs,"1.950,00"
713856,salchichas frescas sombra de toro  1kgs,"13.500,00"
708899,queso en hebras finlandia chef 4 quesos light 130grs,"4.670,00"
717549,yogur milkaut cremoso sabor natural pote 300grs,"2.900,00"
717407,yogur la serenisima nutrición activa firme frutilla pote 190grs,"1.490,00"
784583,rúcula 1kgs,"6.990,00"
714858,medallones de carne paty de casa nueva receta x2 240grs,"6.921,00"
717434,yogur la serenisima nutrición activa frutilla firme 120grs,"1.199,00"
710781,yogur entero tregar arándano pote 160grs,"2.250,00"
711200,queso tybo doña aurora feteado envasado 170grs,"2.699,00"
710231,tapas para empanadas paladini freír x12 330grs,"2.190,00"
166129,queso blanco primer precio descremado 300grs,"1.999,00"
714554,yogur descremado ilolay con trozos de durazno pote 150grs,"1.162,50"
716803,yogur yogurisimo griego con cereales azucarados pote 166grs,"1.960,00"
716038,pan de molde bimbo 100% integral 420grs,"6.055,00"
707551,yogur descremado ilolay cremoso vainilla pote 120grs,"712,50"
714547,yogur entero ilolay firme frutilla pote 190grs,"1.399,00"
715534,medallones de vegetales green life espinaca pimientos x4 380grs,"5.590,00"
717097,tortillas de trigo tibax chocolate 180grs,"2.679,00"
715536,medallones de vegetales green life arvejas brócoli x4 380grs,"5.590,00"
717399,yogur bebible la serenisima nutrición activa vainilla sachet 900grs,"1.999,00"
784400,tapas para empanadas la italiana árabes 450grs,"2.290,00"
714549,yogur entero ilolay lolay con cereales pote 165grs,"1.799,00"
708897,queso finlandia chef danbo feteado envasado 150grs,"5.950,00"
705698,sandía baby 1kgs,"3.990,00"
714981,queso crema milkaut crematto balance 445grs,"5.899,00"
717296,pan de molde oroweat multigrano con masa madre 600grs,"9.456,00"
717445,pan para hamburguesas bimbo tipo artesano gourmet papa x2 160grs,"4.190,00"
716517,yogur entero tregar cereza pote 160grs,"2.250,00"
717406,yogur bebible la serenisima nutrición activa vainilla sachet 1300grs,"2.990,00"
715485,yogur cremoso milkaut sabor vainilla pote 120grs,"1.199,00"
701681,yogur descremado ilolay con cereales pote 150grs,"1.799,00"
715537,medallones de vegetales green life lentejas zanahoria x4 380grs,"5.590,00"
736651,lima 1kgs,"2.990,00"
715633,yogur descremado ilolay vainilla bebible botella 950grs,"3.375,00"
145852,queso untable festa mascarpone 250grs,"3.299,00"
708606,tarta de espinaca el noble congelada x1 240grs,"6.990,00"
715374,postrecito felices las vacas sabor dulce de leche 125grs,"1.569,00"
717285,salchichas swift sin piel x6 225grs,"2.850,00"
715463,yogur dahi tentaciones colchón tiramisú  130grs,"2.090,00"
714749,yogur entero natural dahi firme sin azúcar agregada 190grs,"2.180,00"
714649,yogur entero milkaut colchón de frutilla pote 150grs,"1.799,00"
717402,yogur bebible la serenisima nutrición activa durazno sachet 900grs,"1.999,00"
714552,yogur entero ilolay con trozos de durazno pote 150grs,"1.162,50"
713238,manteca tonadita clásica 500grs,"9.799,00"
221468,queso danbo sancor en fetas 200grs,"5.900,00"
715479,yogur descremado bebible ser frutilla sachet 900grs,"5.900,00"
714681,yogur bebible entero ilolay frutilla sachet 900grs,"2.999,00"
715634,yogur descremado ilolay frutilla bebible botella 950grs,"3.375,00"
714709,yogur descremado cremoso gran compra sabor frutilla pote 120grs,"860,00"
715637,yogur bebible parcialmente descremado ilolay sabor frutilla  950grs,"3.375,00"
714466,yogur entero milkaut 0% lactosa sabor frutilla 120grs,"1.199,00"
715351,pan de molde lactal con salvado semillado 330grs,"4.129,00"
714684,yogur bebible entero ilolay durazno sachet 900grs,"2.999,00"
191017,matambre de novillo mitad  1kgs,"18.900,00"
715635,yogur parcialmente descremado ilolay arándanos pote 150grs,"1.162,50"
714687,yogur descremado bebible ilolay vainilla sachet 900grs,"2.999,00"
714553,yogur descremado ilolay con trozos de frutilla pote 150grs,"1.162,50"
714252,yogur entero yogurisimo firme vainilla x4 480grs,"5.680,00"
716519,yogur entero tregar coco pote 120grs,"1.600,00"
714559,yogur entero tregar ananá pote 160grs,"2.250,00"
153682,medallones de carne fela x4 228grs,"4.682,00"
224542,cuadrada  1kgs,"21.500,00"
717613,postre ser sabor dulce de leche x2 190grs,"4.500,00"
717615,postre serenito sabor dulce de leche x2 190grs,"4.500,00"
708896,queso finlandia chef danbo light feteado envasado 150grs,"5.950,00"
715145,cintitas tostex ketchup 125grs,"1.595,00"
706312,bocaditos de pollo swift 760grs,"13.990,00"
717551,yogur descremado milkaut cremoso balance sabor natural pote 300grs,"2.900,00"
716887,queso untable la serenisima sabores sabor jamón 180grs,"1.950,00"
714375,pan fargo para superpancho x6 390grs,"5.309,00"
717446,pan para panchos bimbo tipo artesano brioche x6 240grs,"4.955,00"
714901,medallones de verduras vegetalex x4 300grs,"6.550,00"
714388,jamón cocido piamontesa feteado envasado 200grs,"5.290,00"
715333,hamburguesas paty de cancha x2  250grs,"7.319,00"
716832,queso crema blancrem san ignacio deslactosado 290grs,"2.624,25"
705384,chorizo alemán sombra de toro 1kgs,"16.900,00"
714980,queso crema milkaut crematto clásico 445grs,"5.899,00"
716140,queso untable tonadita sabor salame 180grs,"2.499,00"
714561,yogur entero tregar mango-maracuyá pote 160grs,"2.250,00"
240119,patagonitas de pollo pollolin 400grs,"7.390,00"
240114,bastoncitos de pollo pollolin 400grs,"7.690,00"
458157,hamburguesas de cerdo paladini fun burgers original x2 160grs,"3.490,00"
704555,chaucha redonda 1kgs,"4.490,00"
224549,bondiola  de cerdo  1kgs,"11.900,00"
717337,pan de molde blanco fargo lacteado 510grs,"6.663,00"
711243,lomo envasado al vacío trozado 1kgs,"29.900,00"
714733,queso provoleta napolitana formagge 220grs,"7.000,00"
715640,yogur bebible parcialmente descremado ilolay sabor durazno 950grs,"3.375,00"
104804,leche en polvo primer precio descremada 400grs,"4.200,00"
713173,yogur bebible entero la nueva durazno sachet 900grs,"1.699,00"
716556,yogur entero milkaut cremoso vainilla pote 180grs,"1.199,25"
716557,yogur entero milkaut cremoso frutilla pote 180grs,"1.199,25"
714111,yogur descremado tregar con copos de maíz 164grs,"2.250,00"
717439,yogur la serenisima nutrición activa frutilla x4 480grs,"4.050,00"
717539,yogur ilolay batido sabor natural pote 350grs,"3.350,00"
141440,leberwurst la casona finas hierbas 200grs,"2.050,00"
192500,alfajores de maizena primer precio 280grs,"3.910,00"
711245,colita de cuadril envasada al vacío trozado 1kgs,"25.900,00"
717244,yogur entero milkaut sabor natural botella 950grs,"3.899,00"
715936,papas bastones finca balcarce 380grs,"2.990,00"
714467,yogur entero milkaut 0% lactosa sabor vainilla 120grs,"1.199,00"
707389,hamburguesas de cerdo paladini fun burgers bacon & cheddar x2 160grs,"3.490,00"
110227,queso goya la paulina trozado envasado 1kgs,"26.500,00"
715480,yogur descremado bebible ser vainilla sachet 900grs,"5.900,00"
716141,queso untable tonadita sabor cuatro quesos 180grs,"2.499,00"
716463,queso untable ilolay sabor gruyere 190grs,"2.799,00"
697144,salamín picado grueso la casona envasado al vacío 180grs,"7.500,00"
706235,kale 1kgs,"6.990,00"
716895,crunchies de pollo swift congelados 380grs,"6.990,00"
714685,yogur bebible entero ilolay frutilla-kiwi sachet 900grs,"2.999,00"
716460,queso untable ilolay con queso azul 190grs,"2.799,00"
715019,yogur ser batido con colchón de frutilla dulce 175grs,"3.350,00"
714899,medallones de legumbres y quinoa vegetalex x4 300grs,"6.550,00"
717249,tapa de cuadril frigorifico cabildo envasado al vacío 1kgs,"21.900,00"
717440,yogur la serenisima nutrición activa vainilla x4 480grs,"4.050,00"
717409,yogur la serenisima nutrición activa natural sin azúcar agregada pote 120grs,"1.199,00"
717112,yogur descremado dahí firme natural 190grs,"2.180,00"
716521,yogur entero tregar café pote 120grs,"1.600,00"
716459,queso untable ilolay clásico 190grs,"2.799,00"
715856,crunchy sadia golden chicken congeladas 300grs,"5.990,00"
716888,queso untable la serenisima sabores sabor salame 180grs,"1.950,00"
716365,pan de molde fargo lacteado rodajas finas 370grs,"4.954,00"
714200,yogur parcialmente descremado ser cereales con miel pote 166grs,"3.950,00"
708771,melón amarillo 1kgs,"4.990,00"
715540,yogur entero milkaut firme vainilla pote 180grs,"1.199,25"
714253,yogur entero yogurisimo firme frutilla x4 480grs,"5.680,00"
714842,queso crema milkaut crematto balance 285grs,"3.899,00"
714215,yogur entero yogurisimo firme frutilla pote 190grs,"1.690,00"
716182,pan de molde integral bimbo cero & cero 430grs,"6.055,00"
714752,yogur entero dahi con frutillas 190grs,"2.690,00"
714761,yogur descremado dahi con trozos de durazno 190grs,"2.690,00"
246466,medallones de carne barfy x2 110grs,"1.947,00"
711248,vacío envasado al vacío trozado 1kgs,"25.900,00"
715455,yogur bebible milkaut sabor vainilla botella 950grs,"3.599,00"
714683,yogur bebible entero ilolay vainilla sachet 900grs,"2.999,00"
798991,queso danbo la paulina trozado envasado 1kgs,"11.554,83"
711247,ojo de bife frigorifico cabildo envasado al vacío 1kgs,"27.900,00"
714468,yogur entero milkaut vainilla con cereales 155grs,"1.612,50"
715342,leche fermentada actimel kids sabor frutilla dulce 100grs,"1.243,40"
714469,yogur entero milkaut frutilla con cereales 155grs,"1.612,50"
717422,yogur bebible la serenisima nutrición activa deslactosado vainilla sachet 900grs,"1.999,00"
715144,cintitas tostex picante 125grs,"1.595,00"
711013,yogur descremado beaudroit frutos rojos 160grs,"2.444,00"
715639,yogur bebible parcialmente descremado ilolay sabor vainilla  950grs,"3.375,00"
224547,pecho de cerdo con manto 1kgs,"9.500,00"
717286,salchichas swift sin piel x12 450grs,"5.050,00"
716366,pan de molde fargo lacteado 370grs,"4.954,00"
700185,aguja  1kgs,"13.900,00"
240116,patagonitas de pollo pollolin jamón y queso 400grs,"7.790,00"
706420,hamburguesas paladini más grandes x2 220grs,"5.890,00"
710877,medallones notco not burger x2 160grs,"5.693,00"
254929,queso rallado milkaut sobre 120grs,"5.599,00"
951560,papa roja 1kgs,"1.390,00"
717421,yogur bebible la serenisima nutrición activa deslactosado frutilla sachet 900grs,"1.999,00"
714883,leche chocolatada las tres niñas 1lts,"3.699,00"
715512,papas prefritas one fry congeladas 700grs,"5.563,00"
716724,alimento lácteo ricrem clásico 280grs,"2.399,00"
715306,yogur bebible yogurisimo vainilla botella 190grs,"3.250,00"
715488,medallones de carne swift mega x2 160grs,"3.349,00"
711249,matambre envasado al vacío trozado 1kgs,"22.900,00"
227915,queso morbier estilo artesanal trozado envasado 1kgs,"24.990,00"
714732,queso provoleta mediterránea formagge 220grs,"7.000,00"
715933,leche larga vida ilolay 0% lactosa 1lts,"2.753,00"
714748,queso untable la paulina sabor salame  190grs,"2.399,00"
716461,queso untable ilolay con jamón 190grs,"2.799,00"
715307,yogur bebible yogurisimo frutilla botella 190grs,"3.250,00"
245892,pechuguitas crispy pollolin  450grs,"9.690,00"
707531,empanadas congeladas el noble humita x4 320grs,"8.290,00"
708872,manteca primer precio sin sal agregada 500grs,"6.999,00"
716568,queso untable tonadita patagonia sabor original 180grs,"2.699,00"
711246,bife de chorizo envasado al vacío trozado 1kgs,"28.500,00"
209657,tomate cherry chocolito 1kgs,"3.390,00"
705032,osobuco  1kgs,"11.500,00"
710551,yogur entero beaudroit con frutilla  160grs,"2.444,00"
704420,jengibre 1kgs,"9.990,00"
715550,yogur parcialmente descremado dahi natural deslactosado pote 190grs,"2.690,00"
710550,yogur entero beaudroit natural 160grs,"2.444,00"
708052,salamín picado grueso piamontesa al vacío 150grs,"4.590,00"
708053,salamín picado fino piamontesa al vacío 150grs,"4.590,00"
715577,fórmula láctea líquida sancor bebé advanced etapa 2 500cm3,"3.360,00"
715483,yogur cremoso milkaut sabor frutilla pote 120grs,"1.199,00"
714548,yogur entero ilolay kids con aros frutales 160grs,"1.799,00"
715324,yogur entero tregar tops con granola pote 155grs,"2.250,00"
227916,queso raclette estilo artesanal trozado envasado 1kgs,"24.990,00"
711244,peceto envasado al vacío trozado 1kgs,"27.900,00"
713447,bebida vegetal la serenisima con coco sin endulzar 1lts,"4.940,00"
919527,tapas para empanadas balkan para freír x12 330grs,"1.890,00"
714362,leche chocolatada cindor sabor mocha 1000grs,"6.850,00"
716343,alimento lácteo bebible a base de yogur las tres niñas frutilla 500grs,"1.999,00"
714601,bebida vegetal a base de almendra silk  1000grs,"5.600,00"
714605,bebida a base de almendra silk vainilla sin azúcar agregada 1000grs,"5.600,00"
715411,bebida a base de leche la serenisima protein sabor chocolate intenso 200cm3,"1.800,00"
714848,choclo green life congelado 350grs,"4.190,00"
716567,queso untable tonadita patagonia reducido 180grs,"2.699,00"
711682,yogur entero beaudroit con durazno 160grs,"2.444,00"
717441,yogur descremado la serenisima nutrición activa natural con cereales 157grs,"2.699,00"
240115,nuggets de pollo pollolin con queso 400grs,"8.290,00"
715609,patitas de pollo granja del sol picantes 400grs,"8.559,00"
715339,leche infantil sancor bebé advanced etapa 3 200ml,"2.050,00"
714600,bebida vegetal a base de almendra silk sin azúcar agregada 1000grs,"5.600,00"
715338,fórmula láctea líquida sancor bebé advanced etapa 2 200ml,"2.050,00"
716722,queso cheddar la paulina feteado envasado 200grs,"3.180,00"
706020,queso marbled estilo artesanal trozado envasado 1kgs,"23.900,00"
286074,dulce de batata blason a la vainilla sachet 500grs,"2.590,00"
714603,bebida a base de coco silk sin azúcar agregada 1000grs,"5.600,00"
715337,fórmula láctea líquida sancor bebé advanced etapa 1 200ml,"2.050,00"
700142,falda  1kgs,"12.500,00"
710876,medallones notco not burger xl premium x2 240grs,"8.484,00"
786020,queso rallado milkaut en sobre 40grs,"2.100,00"
716342,alimento lácteo bebible a base de yogur las tres niñas vainilla 500grs,"1.999,00"
717203,bebida vegetal a base de almendra silk café-mocha 1000grs,"5.600,00"
717427,yogur la serenisima nutrición activa sabor natural sin azúcar agregada 480grs,"4.050,00"
715576,fórmula láctea líquida sancor bebé advanced etapa 1 500cm3,"4.800,00"
711230,yogur descremado milkaut balance colchón de durazno pote 150grs,"1.799,00"
716566,queso untable tonadita patagonia equilibrio 300grs,"3.799,00"
716458,queso untable ilolay por salut balance 190grs,"2.799,00"
716890,bebida láctea la serenisima bebible con leche + cookies & cream 900ml,"2.910,00"
717038,queso mozzarella formagge trozado envasado 250grs,"5.000,00"
185689,medallones de carne fela x2 114grs,"2.290,00"
315798,ades soja sabor natural 1000cm3,"3.230,00"
710205,bebida láctea la serenisima sense caramel 1lts,"3.850,00"
714855,yogur entero bebible yogurisimo frutilla sachet 1100grs,"6.850,00"
717644,pan de molde integral fargo granos enteros 575grs,"7.450,00"
717430,pan de molde oroweat hogaza blanca con masa madre 600grs,"9.456,00"
700126,vacío de novillo 1kgs,"26.900,00"
714742,queso provoleta 3 pimientas formagge 220grs,"7.000,00"
186128,chiquizuela 1kgs,"3.900,00"
773107,dulce de batata dulcor cajón 5kgs,"22.500,00"
717589,bebida vegetal la serenisima sabor almendra chocolate 1lts,"4.940,00"
785822,leche chocolatada milkaut 200cm3,"1.299,00"
701425,cuarto trasero pollolin  1kgs,"6.500,00"
775142,milanesas de pechuga pollonin bandeja 1kgs,"9.900,00"
716940,leche fermentada actimel sabor frutilla x6 600grs,"9.190,00"
712824,queso cremoso monprem doble crema trozado envasado 1kgs,"16.900,00"
224543,tapa de nalga  1kgs,"21.500,00"
715148,manteca clarificada servio ghee  150grs,"3.799,00"
700193,lomo  1kgs,"29.900,00"
711137,budín cooperativa vainilla con trocitos de chocolate 170grs,"2.225,00"
717619,rapiditas wraps bimbo integrales 470grs,"6.850,00"
717642,papas mc cain smiles congeladas 400grs,"6.990,00"
701475,bola de lomo en trozo 1kgs,"17.900,00"
224539,asado 1kgs,"19.900,00"
717477,jamón cocido la casona familiar 300grs,"6.100,00"
108197,whisky old smuggler 750cm3,"9.599,00"
181715,aperitivo vermouth cinzano rosso 1000cm3,"10.299,00"
265793,soda cooperativa sifón 1750cm3,"1.290,00"
317392,aperitivo gancia sin alcohol 0.0 lata 473cm3,"2.090,00"
284969,vino de mesa toro tinto tetra brik 1000cm3,"2.649,00"
231905,vino de mesa bistró primer precio blanco tetra brik 1000cm3,"1.690,00"
317393,licor amarula coffee 750cm3,"33.900,00"
315735,ron bacardí carta oro 700cm3,"21.199,00"
311016,whisky jack daniel´s old n°7 700cm3,"55.150,00"
262908,aperitivo cynar 750cm3,"12.699,00"
310411,gin spirito blu london dry 700cm3,"14.990,00"
232836,aperitivo sin alcohol primer precio serrano 1500cm3,"1.190,00"
313002,vino tinto estancia mendoza malbec 750cm3,"3.990,00"
322615,vino de mesa tinto no tan santos  1125cm3,"2.500,00"
110698,aperitivo campari  750cm3,"14.199,00"
285932,cerveza sin alcohol stella artois porrón 330cm3,"1.900,00"
316182,gin brighton pink 700cm3,"14.240,00"
231903,vino de mesa bistró primer precio tinto tetra brik 1000cm3,"1.890,00"
232841,aperitivo sin alcohol primer precio pomelo 1500cm3,"1.190,00"
280896,gin monkey 47 500cm3,"85.278,00"
261298,agua de mesa cooperativa 5000cm3,"2.190,00"
321063,vino tinto pato criollo malbec  750cm3,"2.800,00"
316284,vino tinto cuatro monos locos malbec 750cm3,"4.990,00"
232838,aperitivo sin alcohol primer precio citrus 1500cm3,"1.190,00"
294218,pisco mistral  750cm3,"21.300,00"
311064,vino rosado colon selecto fresco 750cm3,"6.040,00"
312052,gaseosa pepsi descartable 2000cm3,"3.750,00"
269090,agua de mesa cooperativa 8000cm3,"2.790,00"
312909,cerveza sin alcohol corona 0.0% porrón 330cm3,"2.100,00"
310740,agua de mesa sin gas pureza de las sierras 1500cm3,"990,00"
221396,jugo de limón minerva 500cm3,"3.150,00"
283384,espumante chandon extra brut con estuche 750cm3,"18.900,00"
321243,infusión hierbas del oasis para gin tonic cítrica 25grs,"13.359,00"
221397,jugo de limón minerva 1000cm3,"5.890,00"
863807,vino tinto luigi bosca malbec 750cm3,"17.900,00"
322586,cerveza sin alcohol corona 0.0% lata 473cm3,"3.198,72"
310738,agua saborizada pureza de las sierras pomelo 1500cm3,"1.249,00"
310731,jugo listo arcor multifruta 1000cm3,"2.190,00"
310729,jugo arcor naranja 1000cm3,"2.190,00"
323271,gaseosa seven up lima limón descartable 2000cm3,"3.750,00"
315763,cerveza rubia oro andes origen lata 473cm3,"1.400,00"
310737,agua saborizada pureza de las sierras naranja 1500cm3,"1.249,00"
128215,whisky johnnie walker blue label 750cm3,"509.990,00"
318320,cerveza sin alcohol heineken 0.0% lata 473cm3,"3.000,00"
293993,vino tinto la linda malbec 750cm3,"10.850,00"
282281,vino de mesa pico de oro tinto tetra brik 1000cm3,"2.500,00"
309914,vino tinto pacheco pereda malbec 750cm3,"6.200,00"
220776,agua de mesa jubahí 8000cm3,"3.250,00"
317283,jugo de limón cooperativa 500cm3,"1.490,00"
221395,jugo de limón minerva 250cm3,"1.949,00"
314372,polvo para preparar bebida arcor naranja 15grs,"369,00"
947210,vino tinto latitud 33 malbec 750cm3,"6.880,00"
239340,jugo bc la campagnola multifruta 1000cm3,"2.650,00"
312050,gaseosa pepsi descartable 500cm3,"1.650,00"
296725,whisky chivas regal extra 13 años 700cm3,"88.045,00"
171185,jugo de limón monte alto 500cm3,"1.915,00"
115193,gaseosa pepsi en lata 354cm3,"1.400,00"
321402,vodka sernova candy 700cm3,"10.990,00"
311066,vino blanco colon selecto dulce fresco 750cm3,"6.040,00"
281545,sidra 1930 saccani demi sec 750cm3,"4.990,00"
310736,agua saborizada pureza de las sierras manzana 1500cm3,"1.249,00"
312051,gaseosa pepsi descartable 1500cm3,"2.190,00"
315751,cerveza salta cautiva session ipa lata 473cm3,"1.990,00"
171183,jugo de limón monte alto 1000cm3,"2.665,00"
313001,vino tinto canciller blend 750cm3,"2.500,00"
313445,vino tinto canciller red blend  1125cm3,"3.990,00"
309910,vino tinto cuesta del madero malbec 750cm3,"3.990,00"
236432,vino tinto nampe malbec 1125cm3,"5.000,00"
317662,vino tinto nicasia vineyards grand blend 750cm3,"17.900,00"
227141,agua de mesa jubahí 6000cm3,"2.590,00"
317052,agua saborizada pureza de las sierras pera 1500cm3,"1.249,00"
298742,vino blanco los pasos dulce 750cm3,"4.500,00"
315760,cerveza rubia quilmes clásica lata 710cm3,"2.200,00"
290527,puré de pera zummy pouch 110cm3,"1.349,00"
314377,polvo para preparar bebida arcor naranja dulce 15grs,"369,00"
285799,vino tinto trumpeter cabernet franc 750cm3,"10.350,00"
128216,whisky johnnie walker gold label reserve 750cm3,"119.990,00"
282293,vino tinto marqués del sur magnum blend 1125cm3,"3.590,00"
313004,vino blanco estancia mendoza chenin chardonnay 750cm3,"3.990,00"
278189,espumante latitud 33 dulce 750cm3,"9.240,00"
276059,vodka skyy infusions pineapple 750cm3,"7.990,00"
309913,vino tinto pacheco pereda cabernet sauvignon 750cm3,"6.200,00"
281984,vino tinto santa julia dulce natural  750cm3,"8.290,00"
322194,gaseosa mirinda manzana descartable 2250cm3,"1.990,00"
102041,vino tinto marcus cabernet merlot 750cm3,"5.990,00"
316932,vino tinto prudente malbec 750cm3,"2.500,00"
696761,vino blanco nampe chardonnay 750cm3,"4.600,00"
315759,cerveza patagonia lager del sur 730cm3,"6.400,00"
321244,infusión hierbas del oasis para gin tonic especiado 25grs,"13.359,00"
239338,jugo bc la campagnola naranja 1000cm3,"2.650,00"
317841,jugo fruggina naranja 250cm3,"2.265,00"
311052,cerveza amstel lager pura malta lata 473cm3,"1.800,00"
295722,aperitivo cazalis leger  950cm3,"6.199,00"
315038,vino tinto estancia mendoza cabernet malbec 750cm3,"3.990,00"
312054,gaseosa pepsi descartable 3000cm3,"4.550,00"
947229,vino tinto latitud 33 cabernet sauvignon 750cm3,"6.880,00"
287606,jugo las brisas orgánico limón y menta 330cm3,"3.399,00"
234162,jugo de limón dos anclas 500cm3,"2.569,00"
289521,fernet capri 700cm3,"5.670,00"
893978,licor tres plumas curacao triple sec 700cm3,"3.990,00"
165059,gaseosa seven up lima limón descartable 3000cm3,"4.550,00"
323121,cerveza lata brahma chopp 710cm3,"3.600,00"
310908,jugo listo pura frutta kids naranja 250cm3,"1.879,00"
316705,espumante freixenet x dulce 750ml,"15.500,00"
323178,jugo bc multifruta 200cm3,"890,00"
296612,gaseosa pritty limón descartable 2250cm3,"2.390,00"
858757,vino tinto marcus merlot 750cm3,"5.990,00"
314613,vino tinto il caprone malbec 750cm3,"5.500,00"
274091,jugo concentrado fruggina de manzana 2000cm3,"14.935,00"
276953,jugo concentrado fruggina de manzana 1000cm3,"7.939,00"
286336,jugo fruggina pera 250cm3,"2.149,00"
855960,vino cepa tradicional blend 750cm3,"9.300,00"
314376,polvo para preparar bebida arcor naranja y banana 15grs,"369,00"
313549,vino tinto pispi blend de tintas 750cm3,"12.900,00"
858722,vino tinto íntimo cabernet sauvignon 750cm3,"13.690,00"
169331,espumante baron b extra brut 1500cm3,"78.890,00"
316277,vino tinto oveja black red wine 750cm3,"4.690,00"
322901,vino tinto safari malbec 750cm3,"5.900,00"
135732,vino tinto íntimo cabernet/merlot/malbec 750cm3,"13.690,00"
317840,jugo fruggina manzana verde 500cm3,"3.090,00"
313960,jugo fruggina manzana verde 250cm3,"2.149,00"
298962,vino tinto don valentín lacrado cabernet sauvignon 750cm3,"4.680,00"
317203,vino blanco las perdices chardonnay reserva 750cm3,"14.500,00"
314619,vino blanco luca g-lot chardonnay 750cm3,"19.990,00"
316704,espumante freixenet x demisec 750ml,"7.623,00"
310276,vino tinto bianchi malbec river la maquina 750cm3,"10.290,00"
318559,vino blanco cuesta del madero blend de blancas 750cm3,"3.500,00"
214674,cerveza rubia imperial lager retornable 1000cm3,"4.305,00"
134320,vino tinto los haroldos cabernet sauvignon 750cm3,"8.100,00"
318073,vino tinto hermanos tormenta trueno malbec viognier 750cm3,"8.400,00"
316462,vino blanco la posta vino blanco 750cm3,"8.490,00"
316707,vino tinto acordeón cabernet sauvignon 750ml,"9.100,00"
287616,jugo las brisas orgánico manzana con stevia 330cm3,"2.379,00"
316703,espumante freixenet x extra brut 750ml,"7.623,00"
314561,vodka smirnoff spicy tamarind 700cm3,"11.990,00"
317265,gin heredero original en estuche con copa 700cm3,"24.990,00"
285146,whisky benchmark bourbon 750cm3,"47.850,00"
315798,ades soja sabor natural 1000cm3,"3.230,00"
309903,vino tinto mandala malbec 750cm3,"3.500,00"
857068,vino tinto santa florentina malbec syrah 750cm3,"7.990,00"
856762,vino tinto santa florentina malbec 750cm3,"8.490,00"
317030,gin oid mortales cruce de los andes 750cm3,"10.990,00"
317048,gin oid mortales caja con copa 750cm3,"22.990,00"
278482,agua saborizada con gas cooperativa naranja/durazno 2000cm3,"1.590,00"
290662,caña padilla durazno 700cm3,"1.490,00"
312561,vino tinto el náufrago cabernet sauvignon 750cm3,"3.190,00"
309906,vino tinto frida malbec 750cm3,"3.500,00"
441906,vino tinto goyenechea malbec roble 750cm3,"3.690,00"
315037,vino tinto estancia mendoza merlot malbec 750cm3,"3.990,00"
260440,vino blanco goyenechea tocai dulce natural 750cm3,"4.200,00"
437617,vino tinto santa julia tempranillo reserva 750cm3,"4.600,00"
298745,vino tinto séptima malbec 750cm3,"4.990,00"
260438,vino tinto centenario malbec 750cm3,"5.090,00"
296517,vino tinto santa julia malbec del mercado 750cm3,"5.190,00"
298747,vino tinto séptima cabernet sauvignon 750cm3,"6.990,00"
310266,vino tinto trivento private select malbec 750cm3,"7.490,00"
268916,vino tinto estiba i red blend 750cm3,"7.995,00"
315241,vino tinto picapedrero blend 750cm3,"8.000,00"
315243,vino tinto picapedrero tannat 750cm3,"8.000,00"
298795,vino tinto antigal uno malbec 750cm3,"8.290,00"
318169,vino tinto hermanos tormenta rayo malbec torrontés 750cm3,"8.400,00"
316455,vino blanco altaland torrontés 750cm3,"8.490,00"
110286,vino tinto santa julia cabernet sauvignon reserva 750cm3,"9.064,64"
316706,vino tinto acordeón malbec 750ml,"9.100,00"
316708,vino blanco acordeón chardonnay 750ml,"9.100,00"
316710,vino rosado acordeón rosé 750ml,"9.100,00"
310277,vino tinto bianchi malbec boca xeneizes 750cm3,"10.290,00"
318556,vino blanco artesano de argento organico pinot gris 750cm3,"10.390,00"
317264,gin heredero dry 700cm3,"9.990,00"
311850,gin oid mortales federal clásico 750cm3,"10.990,00"
116373,vino tinto saurus patagonia malbec 750cm3,"11.500,00"
251587,espumante deseado rosé  750cm3,"13.500,00"
314621,vino rosado cuchillo de palo rosé 750cm3,"13.990,00"
271494,vino trumpeter malbec con estuche 750cm3,"14.490,00"
298843,vino tinto zuccardi q cabernet franc 750cm3,"14.990,00"
441935,vino tinto zuccardi q cabernet sauvignon 750cm3,"14.990,00"
158046,ron bacardí gold 750cm3,"16.500,00"
158054,ron bacardi carta blanca 750cm3,"16.500,00"
312432,vino tinto gran famiglia bianchi malbec  750cm3,"18.900,00"
283407,espumante chandon cuvee reserve blanc de noirs 750cm3,"19.990,00"
283408,espumante chandon cuvée blanc de blancs chardonnay 750cm3,"19.990,00"
317031,gin oid mortales edicion limitada cerámica 1000cm3,"34.990,00"
286733,whisky the famous grouse finest 700cm3,"34.990,00"
150379,espumante baron b extra brut 750cm3,"38.410,00"
242501,whisky johnnie walker double black 750cm3,"84.990,00"
231870,envase vidrio retornable pepsi/7up 1uni,"-460,00"
231871,envase retornable gaseosa 2lts 1uni 1uni,"-460,00"
231874,envase retornable gaseosa 2.5lts 1uni 1uni,"-460,00"
231872,envase retornable cerveza 1uni,"-500,00"
323177,jugo bc naranja 200cm3,"890,00"
311276,protector labial humectante nivea original care 1uni,"6.199,00"
305333,protector labial sanacutis frutilla con manteca de cacao 1uni,"3.449,00"
311275,protector labial humectante nivea soft rosé 1uni,"6.199,00"
298790,alcohol etílico porta bialcohol al 70% 500cm3,"2.790,00"
321843,espuma para afeitar nivea men sensitive 200cm3,"8.917,00"
304419,pañuelos descartables cooperativa pocket 60uni,"1.290,00"
313201,protector solar uv defender fluido invisible de l'oreal paris fps50+ 40cm3,"34.990,00"
452728,fragancia paulvic gold for men eau de parfum 50cm3,"14.290,00"
321841,espuma para afeitar nivea men hidratante 200cm3,"8.917,00"
308710,pañuelos descartables elegante triple hoja pocket pack x6 60uni,"2.099,00"
167017,algodón primer precio clásico 70grs,"1.090,00"
317846,protector labial humectante nivea blackberry shine 1uni,"6.199,00"
322372,desodorante para pies curitas silver active 88grs,"5.499,00"
298804,alcohol etílico porta bialcohol al 70% 1000cm3,"5.290,00"
304205,algodón hidrófilo cooperativa 65grs,"1.290,00"
167020,algodón primer precio clásico 140grs,"2.490,00"
321250,protector labial nivea med repair  1uni,"6.199,00"
320711,discos desmaquillantes q-soft 70uni,"3.649,00"
304206,algodón hidrófilo cooperativa 140grs,"2.549,00"
311189,crema depilatoria depilorm facial piel normal 30grs,"5.749,00"
317271,pañales huggies talle xxg 30uni,"11.990,00"
305374,esponja gota cooperativa 1uni,"3.149,00"
313030,jabón en barra dove original individual 90grs,"2.450,00"
321251,protector labial nivea sun protect 1uni,"7.599,00"
317270,pañales huggies talle xg 30uni,"11.990,00"
304426,protectores diarios cooperativa anatómicos 50uni,"2.990,00"
167030,toallitas femeninas primer precio con gel y alas 8uni,"890,00"
315755,bandas depilatorias veet piernas y cuerpo piel sensible 6uni,"10.149,00"
313186,óleo + sérum dove bond intense repair 110cm3,"16.799,00"
311745,gel fijador cabello lord cheseline extra  150grs,"3.621,00"
305168,perfume chester ice 100cm3,"16.500,00"
317015,toallitas húmedas para bebé duffy tapa flexible 48uni,"3.890,00"
304427,toallitas femeninas cooperativa normal con alas 16uni,"1.990,00"
304194,guante cooperativa exfoliante 1uni,"1.990,00"
303606,fragancia paulvic flores rojas 55cm3,"14.290,00"
312066,máscara de tratamiento dove hidratación 300grs,"9.290,00"
304191,esponja de baño cooperativa exfoliante 1uni,"2.149,00"
318276,toallitas húmedas para bebé duffy flip top 48uni,"4.690,00"
321227,sérum capilar sedal toque de seda 100cm3,"8.590,00"
303853,jabón de tocador cooperativa cremoso x3 375grs,"2.490,00"
311127,mascarilla fructis hair food palta 350cm3,"14.990,00"
319266,protector solar nivea facial antibrillo tono medio fps 50 50cm3,"23.689,00"
319268,protector solar nivea facial ultra light tono medio fps 50 40cm3,"28.399,00"
321716,protector solar garnier facial fluido sérum super uv fps 50 + 40cm3,"31.179,00"
321327,protector solar uv defender aqua fusion loreal fps 50 + 50cm3,"34.990,00"
315754,bandas depilatorias veet axilas y bikini piel sensible 8uni,"8.990,00"
180218,protectores diarios primer precio pocket 20uni,"1.249,00"
312064,protector tresemme spray 120cm3,"8.977,00"
312547,tintura leau vive castaño claro 5 1uni,"2.890,00"
317576,antitranspirante dove original en aerosol 250cm3,"7.790,00"
311262,crema corporal nivea soft milk cuidado completo 400cm3,"10.949,00"
129463,esponja de baño primer precio rectangular 1uni,"590,00"
318537,pasta dental colgate total original mint 90grs,"5.849,00"
309898,crema para peinar sedal rizos definidos 300cm3,"4.590,00"
312680,jabón de tocador dove piel sensible x3 270grs,"6.798,00"
303617,fragancia paulvic for men 55cm3,"14.290,00"
166831,perfume kevin spirit 60cm3,"18.990,00"
305166,perfume ciel magic 50cm3,"22.349,00"
312544,tintura leau vive negro 1 1uni,"2.890,00"
318211,protector labial vaseline rosy lips 1uni,"4.790,00"
307473,toallitas demaquillantes algabo micelares 25uni,"3.499,00"
321627,óleo capilar dove uv repair & glow + ferúlico 110cm3,"16.799,00"
317269,pañales huggies talle g 36uni,"11.990,00"
312760,acondicionador elvive glycolic gloss  400cm3,"6.990,00"
310823,gel roby fijación húmedo 150grs,"2.790,00"
310675,pañales babysec premium soft xxg 30uni,"21.990,00"
459839,hisopos primer precio 100uni,"2.490,00"
311696,tintura en shampoo issue express castaño 1uni,"4.449,00"
318313,acondicionador elvive dream liso 400cm3,"6.990,00"
305378,toallitas húmedas para bebé ideal clásica doypack 50uni,"2.590,00"
321628,shampoo dove uv repair & glow 400cm3,"10.550,00"
167015,apósitos post parto doncella descartables 10uni,"2.600,00"
322895,pañales pampers supersec xxg 30uni,"21.990,00"
238458,tintura issue keratina tono 4 castaño 1uni,"3.590,00"
317385,tintura en shampoo issue express castaño claro 1uni,"4.349,00"
311694,tintura en shampoo issue express negro 1uni,"4.449,00"
315456,kit tintura excellence creme tono 7 rubio 1uni,"24.140,00"
259698,toallitas femeninas primer precio nocturna 8uni,"1.690,00"
305331,protector labial sanacutis con manteca de cacao y pantalla solar 1uni,"5.149,00"
238470,tintura issue keratina tono 8.1 rubio claro ceniza 1uni,"3.590,00"
163887,apósitos para adulto nonisec incontinencia leve 10uni,"3.149,00"
322160,set kevin edt 60 ml + deo 150 ml 1uni,"29.990,00"
303681,fragancia paulvic good eau de parfum 55cm3,"14.290,00"
321854,crema facial nivea nutritiva 7 en 1 100cm3,"4.990,00"
129466,esponja de baño primer precio body masaje 1uni,"1.979,00"
310939,pañales babysec ultrasoft p 12uni,"4.449,00"
321626,máscara tratamiento capilar dove uv repair & glow + ferúlico 250grs,"16.150,00"
312546,tintura leau vive castaño 4 1uni,"2.890,00"
312549,tintura leau vive rubio claro 8 1uni,"2.890,00"
238459,tintura issue keratina tono 5 castaño claro 1uni,"3.590,00"
308130,kit tintura excellence creme tono 8 rubio claro 1uni,"24.140,00"
238374,talco para el cuerpo algabo floral doypack 200grs,"2.219,00"
323093,shampoo elvive glycolic cristal brillo anti-residuos 400cm3,"6.990,00"
311746,gel fijador cabello lord cheseline extra 280grs,"6.641,00"
319420,repuesto para afeitar gillette mach3 regular 4uni,"20.150,00"
129465,esponja de baño primer precio anatomica 1uni,"990,00"
156351,apósitos post parto huggies mamá  10uni,"4.490,00"
163774,toallitas desmaquillantes neutrógena piel sensible 25uni,"6.336,75"
310822,gel roby fijación normal 150grs,"2.790,00"
308143,kit tintura excellence creme tono 7.11 rubio ceniza profundo 1uni,"24.140,00"
315459,kit tintura excellence creme tono 6 rubio oscuro 1uni,"24.140,00"
323091,acondicionador elvive glycolic cristal brillo cristalino 400cm3,"6.990,00"
317064,protector solar facial nivea invisible daily fps 50 40cm3,"28.399,00"
311267,jabón de tocador nivea creme care x3 375grs,"5.290,00"
129467,esponja de baño primer precio infantil 1uni,"1.229,00"
317267,pañales huggies talle m 44uni,"11.990,00"
308140,kit tintura excellence creme tono 6.34 chocolate 1uni,"24.140,00"
315458,kit tintura excellence creme tono 4 castaño 1uni,"24.140,00"
240113,polvo decolorante issue 70grs,"3.549,00"
191243,protectores diarios primer precio pocket 40uni,"2.390,00"
311261,crema corporal nivea soft milk cuidado completo 250cm3,"5.390,00"
321696,esponja de baño cooperativa vegetal con cordón 1uni,"4.249,00"
314639,afeitadora descartable gillette prestobarba ultragrip 2 3uni,"5.159,00"
238456,tintura issue keratina tono 3 castaño oscuro 1uni,"3.590,00"
238467,tintura issue keratina tono 5.13 castaño claro chocolate 1uni,"3.590,00"
317737,paños desmaquillantes de algodón estrella 40uni,"4.049,00"
312577,pañales pampers baby-dry hipoalergénico xg 18uni,"10.914,00"
310672,pañales babysec premium soft m 48uni,"21.990,00"
310674,pañales babysec premium soft xg 32uni,"21.990,00"
280077,pañales para adulto disadul con gel extra grande 20uni,"23.946,00"
316249,toallitas húmedas para bebé babysec ultra fresh 50uni,"4.189,00"
309983,shampoo para niños johnson's gotas de brillo 200cm3,"4.590,00"
317326,acondicionador para niños johnson's gotas de brillo 200cm3,"5.249,00"
322169,neceser flower rose edt 50ml + deo 123ml  1uni,"27.900,00"
322165,set ciel magic edp 50ml + deo 123ml 1uni,"32.990,00"
244225,fragancia flower rose teen 250cm3,"11.990,00"
305167,colonia ciel magic 250cm3,"12.490,00"
452733,fragancia paulvic gentleman eau de parfum 60cm3,"14.290,00"
311838,jabón de tocador primer precio floral tricolor x3 270grs,"1.649,00"
312164,jabón líquido lux botanicals jazmín doypack 220cm3,"2.744,00"
307186,tratamiento capilar pantene colágeno sellador de puntas 90cm3,"8.251,00"
321838,óleo capilar nutritivo pantene  95cm3,"19.678,00"
303312,toallitas femeninas primer precio con gel tanga 8uni,"1.249,00"
303729,algodón ejemplar clásico 65grs,"1.300,00"
305962,toallitas femeninas kotex esencial con alas 16uni,"4.500,00"
318570,toallitas húmedas para bebé huggies limpieza diaria 112uni,"9.390,00"
308138,kit tintura excellence creme tono 6.1 rubio oscuro cenizo 1uni,"24.140,00"
313184,shampoo dove bond intense repair 400cm3,"10.550,00"
304176,hebillas cooperativa tic tac 4uni,"1.449,00"
311128,acondicionador elvive óleo extraordinario rizos definidos 400cm3,"6.290,00"
312579,pañales pampers baby-dry hipoalergénico m 26uni,"10.914,00"
311963,pañales huggies classic p 30uni,"12.490,00"
318314,mascarilla capilar elvive dream liso 300cm3,"12.919,00"
310825,spray fijador roby extra fuerte 127grs,"5.749,00"
195942,after shave chester ice loción 100cm3,"11.990,00"
317733,hisopos estrella zipper 125uni,"3.690,00"
312552,tintura leau vive rubio extra claro ceniza 10.1 1uni,"2.890,00"
304170,lima para uñas cooperativa decorada 1uni,"1.190,00"
459793,peine cooperativa familiar 1uni,"1.190,00"
305846,jabón de glicerina primer precio x3 270grs,"2.860,00"
311264,crema corporal nivea hidratación express cuidado completo 250cm3,"5.390,00"
312493,crema para peinar elvive óleo extraordinario rizos 250cm3,"9.690,00"
312497,crema para peinar fructis hair food manteca de cacao  250cm3,"9.690,00"
313185,máscara de tratamiento dove bond intense repair 250grs,"16.150,00"
311092,afeitadora descartable xmart rapi2 6uni,"2.600,00"
305585,elásticos para cabello cooperativa negros 8uni,"1.549,00"
182289,toallitas húmedas q-soft para adultos 40uni,"6.300,00"
167038,pañales para adulto primer precio con gel g 10uni,"8.490,00"
316267,acondicionador sedal luminous uv 340cm3,"3.590,00"
310673,pañales babysec premium soft g 40uni,"21.990,00"
322606,combo desodorante antitranspirante dove + mini all body deo 205cm3,"5.159,00"
303855,jabón de tocador cooperativa floral x3 375grs,"2.490,00"
311131,shampoo elvive oleo extraordinario rizos definidos 400cm3,"6.290,00"
318458,jabón de tocador plusbelle jazmín intenso 360grs,"3.899,00"
312574,mascarilla intensiva pantene pro-v hdratación nutri perlas 270cm3,"10.200,00"
309678,mascarilla fructis hair food aloe 350cm3,"14.990,00"
310348,toallitas femeninas calipso nocturna  8uni,"1.192,00"
303786,protectores diarios primer precio duo forma 20uni,"1.990,00"
312553,tintura leau vive rubio dorado 7.3 1uni,"2.890,00"
238469,tintura issue keratina tono 7.3 rubio dorado 1uni,"3.590,00"
238518,tintura issue keratina tono 9.1 rubio claro claro ceniza 1uni,"3.590,00"
311695,tintura en shampoo issue express rubio 1uni,"4.449,00"
306005,protectores diarios kotex esencial 60uni,"4.490,00"
310169,kit tintura nutrisse clásico tono 40 moca 1uni,"16.590,00"
315457,kit tintura excellence creme tono 120 rubio ultra claro natural 1uni,"24.140,00"
312523,óleo calcáreo para bebé con avena doncella  500cm3,"6.990,00"
305366,set de limas cooperativa 2uni,"2.390,00"
305368,cepillo para uñas cooperativa 1uni,"2.649,00"
307761,afeitadora descartable bic hybrid x6 repuestos 6uni,"10.749,00"
313182,acondicionador dove bond intense repair 250cm3,"8.854,00"
321643,spray fijador roby extra fuerte 390ml,"8.449,00"
310686,spray fijador roby mousse capilar 160grs,"7.600,00"
182406,tratamiento capilar pantene pro-v restauración ampolla 45cm3,"7.336,00"
321697,perfilador de cejas cooperativa 3uni,"3.290,00"
297870,quitaesmalte algabo fortalecedor 100cm3,"2.175,00"
310420,shampoo para bebés johnson's cabello claro manzanilla 200cm3,"5.249,00"
309984,colonia para niños johnson's fresca caricia 200cm3,"7.749,00"
305212,afeitadora descartable bic comfort 3 normal  1uni,"2.190,00"
321433,pasta dental colgate total original mint 140grs,"8.549,00"
317364,acondicionador fructis probióticos fuerza 350cm3,"8.490,00"
312548,tintura leau vive rubio 7 1uni,"2.890,00"
310183,kit tintura nutrisse clásico tono 60 capuccino 1uni,"16.590,00"
310184,kit tintura nutrisse clásico tono 67p chocolate intenso 1uni,"16.590,00"
322896,pañales pampers supersec g 40uni,"21.990,00"
308146,kit tintura excellence creme tono 8.3 rubio claro dorado 1uni,"24.140,00"
317427,kit tintura excellence creme tono 3 castaño oscuro profundo 1uni,"24.140,00"
307967,shampoo pantene hidrata y fortalece 400cm3,"10.200,00"
312165,jabón líquido para manos lux botanicals orquídea negra doypack 220cm3,"2.750,00"
305851,agua micelar teatrical suavizante 600cm3,"10.869,00"
313692,shampoo anticaspa head & shoulders anticomezón 375cm3,"8.490,00"
319267,protector solar nivea facial ultra light tono claro fps 50 40cm3,"28.399,00"
310041,toallitas húmedas para bebé ideal sin alcohol 40uni,"3.590,00"
318459,jabón de tocador plusbelle flores rosas 360grs,"3.899,00"
312676,jabón en barra rexona bamboo x3 multipack 360grs,"4.096,00"
310861,acondicionador pantene pro-v miracle revitalizacion 400cm3,"10.200,00"
312166,jabón líquido lux botanicals rosas francesas doypack 220cm3,"2.744,00"
306960,mascarilla capilar elvive nutrición intensa óleo coco 300cm3,"11.990,00"
318315,crema para peinar elvive dream liso 250cm3,"11.185,00"
316702,sérum capilar sedal luminous uv 110cm3,"8.590,00"
303705,tampones primer precio súper 8uni,"2.149,00"
312679,jabón de tocador dove piel sensible 90grs,"2.519,00"
310828,spray fijador roby fuerte 127grs,"5.749,00"
304167,limas para uñas cooperativa largas 5uni,"1.390,00"
307618,gel íntimo tulipán l-arginina 30grs,"6.449,00"
224484,toallitas desmaquillantes neutrogena night calming 25uni,"6.336,75"
259697,toallitas femeninas primer precio con gel ultrafinas 8uni,"1.390,00"
317079,acondicionador tresemmé keratina antifrizz 500cm3,"9.990,00"
317082,acondicionador tresemmé brillo lamelar 500cm3,"9.990,00"
238468,tintura issue keratina tono 7.1 rubio ceniza 1uni,"3.590,00"
317384,tintura en shampoo issue express rubio natural 1uni,"4.349,00"
305501,tintura silkey key kolor rubio oscuro coffee 6 1uni,"7.690,00"
305511,tintura silkey key kolor rubio claro 8 1uni,"7.690,00"
317362,crema para peinar fructis probióticos fuerza 250cm3,"7.390,00"
312496,mascarilla fructis hair food manteca de cacao 350cm3,"14.990,00"
317644,sérum capilar pantene equilibrio 95cm3,"22.597,00"
310831,toallitas femeninas lina esencial con alas 8uni,"2.090,00"
320516,máquina para afeitar groomen 300 + repuesto 3 filos 1uni,"5.990,00"
312578,pañales pampers baby-dry hipoalergénico xxg 16uni,"10.914,00"
280076,pañales para adulto disadul con gel grande 20uni,"21.647,00"
322897,pañales pampers supersec xg 32uni,"21.990,00"
322168,neceser ciel magic edt 50ml + deo 123ml 1uni,"33.990,00"
244224,fragancia etienne ciel 250cm3,"12.490,00"
314067,colonia crandall legend eau de toilette 90cm3,"23.941,00"
316071,pasta dental colgate protección anticaries 180grs,"5.955,00"
317066,agua micelar nivea bifásica regenerador 400cm3,"18.590,00"
307952,agua micelar neutrogena bifásica hydro boost 200cm3,"10.536,75"
317995,jabón de tocador palmolive oliva y aloe vera 85grs,"769,00"
304847,toallitas húmedas para bebé q-soft antipaspaduras 40uni,"5.490,00"
305425,chupete teddy decorado con tetina de silicona modelos varios,"6.411,75"
305552,chupete dispita de silicona con protector modelos varios,"9.547,00"
312524,óleo calcáreo para bebé con avena doncella  1000cm3,"12.349,00"
304165,alicate cooperativa grande 1uni,"3.449,00"
318460,jabón de tocador plusbelle lavanda 360grs,"3.899,00"
315029,pasta dental sensodyne blanqueador extra fresh 140grs,"9.400,00"
317083,acondicionador tresemmé cauterizacion reparadora 500cm3,"9.990,00"
322161,set chester ice edt 60 ml + deo 150 ml 1uni,"26.900,00"
322163,set acqua di colbert edt 60 ml + deo 150 ml 1uni,"29.990,00"
322167,neceser ciel crystal edt 50ml + crema 85gr 1uni,"33.990,00"
316271,crema para peinar sedal luminous uv 300cm3,"4.590,00"
311896,desodorante antitranspirante polyana women energy aerosol 150cm3,"3.099,00"
318555,crema corporal dermaglos hidratación + absorción inmediata 175cm3,"14.359,00"
322602,antitranspirante barra dove original 53grs,"6.982,00"
311094,afeitadora descartable xmart speed 3 2uni,"3.990,00"
321457,enjuague bucal listerine sandía y menta frescura suave sin alcohol 250cm3,"4.449,00"
312377,pasta dental odolito tutti frutti 50grs,"2.390,00"
459796,peine cooperativa grande colores varios 1uni,"1.190,00"
316269,shampoo sedal luminous uv 340cm3,"3.590,00"
313690,shampoo anticaspa head & shoulders anticomezón 180cm3,"7.290,00"
317089,acondicionador tresemmé efecto botox 500cm3,"9.990,00"
315158,cepillo de dientes close up deep action medio 1uni,"2.060,00"
238463,tintura issue keratina tono 5.1 castaño claro ceniza 1uni,"3.590,00"
238516,tintura issue keratina tono 6.1 rubio oscuro ceniza 1uni,"3.590,00"
310170,kit tintura nutrisse clásico tono 30 espresso 1uni,"16.590,00"
317086,shampoo tresemmé cauterización reparadora 500cm3,"9.990,00"
309981,shampoo para niños johnson's hidratacion intensa 400cm3,"9.449,00"
310419,shampoo para niños johnson's gotas de brillo 400cm3,"9.449,00"
310422,shampoo para bebés johnson's cabello claro manzanilla 750cm3,"18.149,00"
310421,shampoo para bebés johnson's cabello claro manzanilla 400cm3,"10.890,00"
321396,crema corporal nivea milk nutritiva 100cm3,"4.629,00"
310878,talco para bebé johnson´s original 200grs,"9.700,00"
307922,toallitas femeninas nosotras ultra invisible 8uni,"3.949,00"
311957,toallas incontinencia plenitud femme esencial plus 8uni,"5.399,00"
304183,hebilllas invisibles cooperativa negras 24uni,"1.149,00"
320518,repuesto para afeitar groomen 300 3 filos 2uni,"5.990,00"
312892,crema para peinar tresemmé antifrizz 300cm3,"7.343,00"
318307,crema para peinar fructis hydra liss 250cm3,"7.390,00"
318998,mascarilla fructis hair food ananá 350cm3,"14.990,00"
323095,mascarilla elvive glycolic cristal brillo anti-residuos 300cm3,"12.919,00"
321428,cepillo de dientes colgate + pasta 30 g portable 1uni,"5.790,00"
167039,pañales para adulto primer precio con gel xg 10uni,"8.490,00"
312538,pañales duffy cotton medianos 36uni,"14.190,00"
311134,pañales duffy premium cotton p 40uni,"17.990,00"
311139,pañales duffy premium cotton xxg 30uni,"17.990,00"
303744,toallitas desmaquillantes nivea micelar cuidado suave 25uni,"7.199,00"
147234,pasta dental sensodyne blanqueador extra fresh 50grs,"5.149,00"
305584,elásticos para cabello cooperativa escolares 8uni,"1.549,00"
304186,elásticos para pelo cooperativa colores varios 8uni,"1.690,00"
459800,cepillo cooperativa paleta 1uni,"6.090,00"
110152,shampoo capilatis brillo extremo 410cm3,"9.549,00"
309864,desodorante axe marine fresh ocean aerosol 230cm3,"5.449,00"
313183,shampoo dove bond intense repair 200cm3,"6.350,00"
117247,desodorante antitranspirante rexona v8 en barra 50grs,"5.826,00"
313111,cepillo de dientes colgate max white carbón 2uni,"6.490,00"
309980,shampoo para niños johnson's hidratación intensa 200cm3,"4.849,00"
316313,acondicionador plusbelle óleo nutrición coco 700cm3,"5.490,00"
312648,jabón de tocador lux botanicals flor de vainilla 120grs,"1.349,00"
313967,acondicionador fructis aloe hidra clean 350cm3,"8.490,00"
316926,shampoo pantene biotinamina b3 anticaída 300cm3,"9.850,00"
305301,crema corporal cicatricure hidratación intensiva 400cm3,"12.090,00"
311263,crema corporal nivea hidratación express cuidado completo 125cm3,"4.500,00"
304677,crema loreal revitalift ácido hialurónico día 50cm3,"43.990,00"
305377,pincel cooperativa para tintura 1uni,"1.449,00"
304197,pinza de depilar cooperativa 1uni,"1.490,00"
322492,hisopos de bambú meraki  100uni,"3.599,00"
316274,máscara de tratamiento sedal luminous uv 300grs,"4.590,00"
312174,jabón de tocador lux botanicals lirio azul x3 360grs,"4.328,00"
310830,toallitas femeninas lina esencial con alas 16uni,"3.399,00"
310667,toallitas femeninas ladysoft ultra protect con alas 16uni,"5.399,00"
316314,shampoo plusbelle óleo nutrición +coco 700cm3,"5.490,00"
312675,jabón en barra rexona sensible x3 multipack 360grs,"4.096,00"
317081,shampoo tresemmé keratina antifrizz 500cm3,"9.990,00"
315027,pasta dental sensodyne protección completa 140grs,"10.400,00"
321836,acondicionador pantene bambú nutre & crece 250cm3,"10.200,00"
310843,toallitas femeninas ladysoft normal protect con alas 8uni,"2.490,00"
310668,toallitas femeninas ladysoft ultra con alas tela suave  8uni,"2.890,00"
312383,jabón de glicerina lux limón y flores 270grs,"4.490,00"
304164,alicate cooperativa chico 1uni,"2.090,00"
238462,tintura issue keratina tono 9 rubio claro claro 1uni,"3.590,00"
238517,tintura issue keratina tono 8.3 rubio claro dorado 1uni,"3.590,00"
192924,toallitas desmaquillantes q-soft hidratantes 25uni,"4.000,00"
459806,cepillo cooperativa limpia espalda 1uni,"5.690,00"
305500,tintura silkey key kolor rubio oscuro ceniza 6.1 1uni,"7.690,00"
310181,kit tintura nutrisse clásico tono 70 almendra 1uni,"16.590,00"
315571,kit tintura excellence creme tono 6.66 rojizo profundo 1uni,"24.140,00"
321625,shampoo dove uv repair & glow 200cm3,"6.350,00"
318308,gel de limpieza antiimperfecciones con ácido salicílico garnier 200cm3,"21.100,00"
321730,crema facial dermaglós facial hidratación diaria 50grs,"20.190,00"
305415,biberon acinturado teddy con tetina de silicona 140ml,"8.542,50"
312670,jabón de tocador rexona sensible 120grs,"1.490,00"
307764,máquina para afeitar gillette venus íntima 4uni,"15.307,00"
312385,jabón de glicerina lux manzanilla 270grs,"4.490,00"
310416,acondicionador para bebé johnson's original 400cm3,"10.759,00"
310414,acondicionador para bebé johnson's cabellos claros 400cm3,"10.890,00"
310415,acondicionador para bebé johnson's original 200cm3,"6.599,00"
235420,colonia bebé jolie danielle 90cm3,"9.690,00"
312172,jabón de tocador lux botanicals rosas francesas 120grs,"1.590,00"
316927,shampoo pantene biotinamina b3 anticaída 510cm3,"15.950,00"
305455,crema corporal cicatricure firmeza hidratación intensiva 400cm3,"12.090,00"
230453,antitranspirante hinds delicious roll on 60grs,"2.390,00"
307456,mascarilla capilar elvive nutritiva óleo extraordinario 300cm3,"11.990,00"
307709,tratamiento capilar capilatis anti-daño 200grs,"8.190,00"
312764,serum elvive glycolic gloss 100cm3,"22.212,00"
307921,toallitas femeninas nosotras clásica  8uni,"2.590,00"
312507,toallitas femeninas doncella nocturnas con alas suave 16uni,"3.749,00"
306635,tampones primer precio medio 16uni,"4.990,00"
317388,toallitas femeninas always ultrafina seca 8uni,"6.072,00"
313032,toallitas femeninas nosotras invisible suave 30uni,"8.949,00"
312678,jabón de tocador rexona nutritive orchid x3 360grs,"4.096,00"
316272,acondicionador sedal luminous uv 650cm3,"8.990,00"
310857,acondicionador pantene pro-v miracle liso infinito 400cm3,"10.200,00"
317561,acondicionador pantene pro-v colageno 250cm3,"9.850,00"
259525,after shave kevin loción 60cm3,"12.190,00"
322968,desodorante antitranspirante dove men comfort protection en aerosol 250cm3,"7.790,00"
316265,desodorante aerosol axe cherry spritz  150cm3,"5.750,00"
459797,peine cooperativa de bolsillo 1uni,"1.149,00"
304184,broche cooperativa carey 1uni,"1.249,00"
459799,peine cooperativa grande con mango 1uni,"1.249,00"
305369,set lima + tijera cooperativa 2uni,"3.913,00"
311947,desodorante axe aqua citrus aerosol 150cm3,"5.750,00"
302265,crema facial pond's rejuveness 100grs,"6.625,00"
315277,cepillo de dientes colgate total whitening suave 2uni,"10.100,00"
318220,jabón líquido palmolive naturals camelia y almendra 200cm3,"2.230,00"
312170,jabón de tocador lux botanicals lirio azul 120grs,"1.590,00"
312580,pañales pampers baby-dry hipoalergénico g 22uni,"10.914,00"
323108,afeitadora descartable gillette daisy classic 2uni,"3.699,00"
311983,cepillo de dientes gum multi clean suave 1uni,"5.449,00"
321432,cepillo de dientes colgate 360 suave x 2 1uni,"6.890,00"
320520,máquina para afeitar groomen 500 + repuesto 5 filos 1uni,"8.790,00"
304479,jabón de glicerina cooperativa frutos rojos 125grs,"1.499,00"
314642,afeitadora descartable gillette prestobarba 3 extra suave 8uni,"24.990,00"
316072,pasta dental colgate protección anticaries 90grs,"3.290,00"
310666,toallitas femeninas ladysoft nocturna soft normal 8uni,"3.250,00"
309922,acondicionador familiar suave vitamin bomba delici 930cm3,"4.365,00"
304193,piedra pomez cooperativa 1uni,"1.690,00"
304196,arqueador de pestañas cooperativa 1uni,"2.790,00"
305418,biberón teddy recto cristal colores varios 250ml,"5.736,75"
305427,chupete teddy nocturno silicona sin aro colores varios,"6.411,75"
449166,aspirador nasal dispita con dos picos colores varios,"6.625,00"
310829,toallitas húmedas para bebé huggies disney sirenita 48uni,"7.290,00"
305417,biberón teddy tradicional flujo medio colores varios 250ml,"8.542,50"
307926,pack shampoo + acondicionador tío nacho herbolaria milenaria 830cm3,"11.990,00"
254825,shampoo para niños suave manzanilla talentosa 350cm3,"5.522,00"
317960,mamadera nuk first choice+ cocodrilo flujo medio 150ml,"21.990,00"
310418,shampoo para niños johnson's fragancia prolongada 400cm3,"9.349,00"
309863,desodorante axe musk canela & ambar aerosol 230cm3,"5.449,00"
305590,jabón de glicerina estrella baby 75grs,"2.400,00"
314069,set ciel shine eau de parfum 50ml + deo 123ml 1uni,"37.990,00"
308087,perfume paulvic beauty  60cm3,"14.290,00"
300728,cepillo de dientes oral-b complete 1uni,"4.519,00"
312672,jabón de tocador rexona cotton fresh 120grs,"1.490,00"
318306,máscara tratamiento sedal toque de seda 300grs,"4.590,00"
321229,jabón de glicerina lux dama de noche en barra multipack 270grs,"4.490,00"
310316,máscara de tratamiento tresemmé hidratación pro activa 300grs,"9.684,00"
317188,máscara de tratamiento tresemme keratina antifrizz 300grs,"9.684,00"
307930,crema corporal diabet tx hidratante 400cm3,"15.490,00"
312761,mascarilla elvive glycolic gloss 300cm3,"12.919,00"
303006,crema facial pond's humectante bio-hidratante 100grs,"4.663,00"
317432,crema facial loreal revitalift noche pro retinol 50cm3,"34.990,00"
317583,crema facial cicatricure neuro zen 50grs,"38.090,00"
317562,acondicionador pantene pro-v keratina 510cm3,"15.950,00"
318997,shampoo fructis hair food ananá 300cm3,"11.590,00"
321401,pasta dental oral-b extra blanco carbón+bicarbonato 70grs,"3.916,00"
305496,tintura silkey key kolor castaño mediano 4 1uni,"7.690,00"
322605,antitranspirante barra dove invisible care 53grs,"6.982,00"
305586,peine cooperativa chico 1uni,"1.149,00"
304954,hebillas invisibles cooperativa rubias 24uni,"1.190,00"
305370,colines cooperativa con brillo colores varios 6uni,"2.149,00"
315791,tintura en shampoo issue express rojo 1uni,"4.349,00"
305495,tintura silkey key kolor castaño oscuro 3 1uni,"7.690,00"
305506,tintura silkey key kolor rubio mediano arena dorado 7.3 1uni,"7.690,00"
305512,tintura silkey key kolor rubio claro ceniza 8.1 1uni,"7.690,00"
305513,tintura silkey key kolor rubio claro arena dorado 8.3 1uni,"7.690,00"
310783,tintura revlon colorsilk rubio medio cenizo 70 1uni,"8.200,00"
310784,tintura revlon colorsilk negro natural 20 1uni,"8.200,00"
318462,jabón de tocador plusbelle jazmín intenso 120grs,"1.490,00"
317087,shampoo tresemmé liso efecto botox 500cm3,"9.990,00"
316930,shampoo head & shoulders nutri honey anti-resequedad 375cm3,"8.490,00"
308125,kit tintura excellence creme tono 1 negro 1uni,"24.140,00"
310864,acondicionador pantene pro-v miracle volumen 400cm3,"10.200,00"
306183,gel íntimo prime excite con l-arginina 30grs,"8.000,00"
311744,toallitas femeninas calipso normal con fragancia 16uni,"1.719,20"
310669,toallitas femeninas ladysoft comfort soft suave con alas 8uni,"2.090,00"
312500,apósitos incontinencia nonisec moderada 10uni,"4.390,00"
312572,mascarilla intensiva pantene pro-v restauración nutri perlas 270cm3,"10.200,00"
318979,desodorante corporal dove all body deo raspberry & rose aerosol 150cm3,"7.350,00"
318546,agua micelar facial dermaglos 6 en 1 400cm3,"24.559,00"
310086,sérum facial teatrical antiarrugas 30cm3,"17.200,00"
305443,plato térmico teddy para bebé colores varios,"17.136,75"
311136,pañales duffy premium cotton g 36uni,"17.990,00"
316928,acondicionador pantene pro-v biotinamina b3 anticaída 510cm3,"15.950,00"
316925,acondicionador pantene pro-v biotinamina b3 anticaída 250cm3,"9.850,00"
307607,antitranspirante dove fresh care granada verbena roll on 50cm3,"3.588,00"
309925,shampoo suave vitaminas bomba deliciosa 930cm3,"4.365,00"
306636,tampones primer precio súper 16uni,"4.990,00"
312674,jabón de tocador rexona nutritive orchid 120grs,"1.490,00"
317088,shampoo tresemmé ondas boho 500cm3,"9.990,00"
320515,desenredante capilatis con palo amargo evita piojos 420cm3,"9.549,00"
313023,crema hidratante para bebé johnson´s recién nacido 200cm3,"5.849,00"
310413,acondicionador para bebé johnson's cabellos claros 200cm3,"6.599,00"
322673,pasta dental colgate sensitive pro alivio inmediato 60grs,"4.149,00"
305082,colonia niños danielle boy 100cm3,"17.290,00"
141561,toallitas desmaquillantes nivea 3 en 1 piel seca 25uni,"6.990,00"
321126,gel fijador roby fuerte con aloe 150grs,"2.790,00"
459794,peine cooperativa familiar con mango 1uni,"1.190,00"
304181,colines cooperativa medianos 12uni,"1.990,00"
310671,toallitas femeninas ladysoft normal soft suave con alas 8uni,"2.349,00"
321226,protectores diarios tena discreet natura care normal sin alas 15uni,"2.990,00"
310665,toallitas femeninas ladysoft normal soft con alas 16uni,"4.290,00"
321844,toallas higiénicas incontinencia tena discreet natural care  8uni,"5.090,00"
321225,toallas higiénicas tena discreet natural care extra con alas  16uni,"8.390,00"
317946,acondicionador tresemmé detox capilar 500cm3,"9.990,00"
311948,desodorante axe blue lavender aerosol 150cm3,"5.750,00"
318996,acondicionador fructis hair food ananá 300cm3,"11.590,00"
322442,acondicionador pantene bambú nutre & crece 150cm3,"6.290,00"
304149,acondicionador capilatis tratamiento natural oil argán 170cm3,"7.249,00"
315159,cepillo de dientes close up deep clean medio 2uni,"2.938,00"
305837,cepillo de dientes oral-b clean complete color collection 2uni,"7.843,00"
214446,shampoo anticaspa clear men dual effect 2 en 1 400cm3,"10.168,00"
315844,antitranspirante rexona powder dry  50grs,"5.826,00"
190418,crema facial dermaglos hidratante piel seca día 70grs,"24.188,00"
312384,jabón de glicerina lux limón y flores 90grs,"1.643,00"
322057,crema corporal cicatricure nutrición con ácido hialurónico 400ml,"12.090,00"
317112,agua micelar dermaglos piel mixta a grasa 200cm3,"17.890,00"
318544,crema dermaglós hidratación y regeneración 300cm3,"27.350,00"
314623,crema para manos dermaglós hidratación +regeneración 50grs,"15.718,00"
322366,sérum nivea cellular expert filler con ácido hialurónico 30cm3,"34.990,00"
309920,acondicionador suave vitaminas bomba jazmín 930cm3,"4.365,00"
310345,protectores diarios nosotras normal 60uni,"6.590,00"
321368,protectores diarios ladysoft respirable tela suave 100uni,"7.949,00"
317558,shampoo pantene pro-v colágeno nutre y revitaliza 510cm3,"15.950,00"
317559,acondicionador pantene pro-v colágeno 510cm3,"15.950,00"
322967,desodorante antitranspirante dove men energy boost en aerosol 150cm3,"5.590,00"
304806,pasta dental colgate natural extracts purificante 90grs,"6.290,00"
317570,jabón de tocador antibacterial protex avena+prebiótico 125grs,"1.690,00"
185882,antitranspirante etiquet active roll on 60cm3,"2.390,00"
318978,desodorante corporal dove all body deo lavender & camomile aerosol 150cm3,"7.350,00"
459795,peine cooperativa chico 1uni,"1.190,00"
304178,vincha cooperativa con formas 1uni,"1.259,00"
459792,peine cooperativa rastrillo carey 1uni,"1.390,00"
305583,colines cooperativa chicos 12uni,"1.590,00"
305371,colin cooperativa skunzi colores varios 1uni,"2.109,00"
311924,shampoo polyana ceramidas 900cm3,"3.895,00"
317391,toallitas femeninas always ultrafina seca noche 8uni,"7.165,00"
309857,cepillo de dientes colgate sensitive pro alivio 1uni,"7.200,00"
317572,jabón de tocador antibacterial protex aloe 125grs,"1.690,00"
311930,acondicionador polyana manzana 900cm3,"3.895,00"
310782,tintura revlon colorsilk castaño oscuro 30 1uni,"8.200,00"
310785,tintura colorsilk borgona oscuro 34 1uni,"8.200,00"
316140,tintura revlon colorsilk borgoña 1uni,"8.200,00"
316961,pañales para adulto promise confort p/m 8uni,"13.649,00"
317084,acondicionador tresemmé ondas boho 500cm3,"9.990,00"
309682,acondicionador fructis rizos poderosos 350cm3,"7.490,00"
314068,desodorante crandall legend aerosol 250cm3,"6.390,00"
318309,acondicionador elvive dream liso 200cm3,"7.990,00"
312167,jabón líquido lux botanicals orquídea negra 250cm3,"4.383,00"
320841,desodorante patrichs gold label aerosol 230cm3,"4.493,00"
321839,desodorante antitranspirante nivea dry comfort aerosol 150cm3,"3.501,75"
317740,acondicionador estrella baby cabellos suaves 250cm3,"5.890,00"
305555,emulsión dispita a base de óleo calcáreo con aloe vera 250cm3,"6.199,00"
318976,desodorante corporal dove men care all body deo shea butter & cedar aerosol 150cm3,"7.350,00"
305083,colonia niños danielle girl 100cm3,"17.290,00"
696674,perfume mujercitas 40cm3,"9.490,00"
166829,perfume mujercitas sunny 40cm3,"10.490,00"
305959,toallitas femeninas kotex esencial con alas 8uni,"2.549,00"
306753,cepillo de dientes colgate minions 2uni,"5.349,00"
313683,toallas higiénicas incontinencia tena discreet maxi 10uni,"11.949,00"
315334,mascarilla tratamiento sedal revitalización capilar ceramidas 300grs,"4.590,00"
316268,shampoo sedal luminous uv 190cm3,"3.690,00"
307477,crema corporal hinds bio hidratacion 350cm3,"8.300,00"
307705,crema corporal hinds rosa beauty 250cm3,"5.949,00"
306694,acondicionador dove ritual de reparación 200cm3,"5.700,00"
317563,shampoo pantene pro-v keratina repara y protege 510cm3,"15.950,00"
311636,pasta dental colgate herbal blanqueadora 140grs,"4.890,00"
312065,spray tresemmé ultra fine 311grs,"11.990,00"
312757,shampoo elvive glycolic gloss 200cm3,"7.990,00"
318311,shampoo elvive dream liso 200cm3,"7.990,00"
317065,agua micelar nivea bifásica iluminadora 400cm3,"18.590,00"
312571,acondicionador pantene 3 minute nutri perlas pro-v nutrición 170cm3,"9.494,00"
303866,crema para manos atrix intensive con manzanilla 150cm3,"8.569,00"
322368,crema corporal nivea urea body care regeneración intensiva pote 400cm3,"24.990,00"
316117,tónico hidratante dermaglos spray 200cm3,"21.439,00"
312671,jabón de tocador rexona bamboo 120grs,"1.490,00"
318463,jabón de tocador plusbelle flores rosas 120grs,"1.490,00"
312171,jabón en barra lux orquídea negra 120grs,"1.590,00"
312382,jabon de glicerina lux bromelia 90grs,"1.643,00"
318972,desodorante corporal rexona all body deo ocean rush aerosol 150cm3,"6.190,00"
318977,desodorante corporal dove men care all body deo fig & suede aerosol 150cm3,"7.350,00"
311926,shampoo polyana manzana 900cm3,"3.895,00"
305515,tintura silkey key kolor negro intenso 1 1uni,"7.690,00"
316273,shampoo sedal luminous uv 650cm3,"8.990,00"
317571,jabón de tocador antibacterial protex aloe x3 270grs,"3.950,00"
310171,kit tintura nutrisse clásico tono 10 ébano negro 1uni,"16.590,00"
310185,kit tintura nutrisse clasico tono 57 caramelo 1uni,"16.590,00"
128695,tintura koleston rubio ceniza tono 71 1uni,"17.849,00"
306696,shampoo dove ritual de reparación coco y cúrcuma 200cm3,"5.700,00"
318975,desodorante corporal rexona all body deo wild rose aerosol 150cm3,"6.190,00"
315162,pasta dental close up triple protección menta 70grs,"3.105,00"
319421,repuesto para afeitar gillette fusion5 proshield 4uni,"59.990,00"
309846,pasta dental colgate sensitive xtreme 110grs,"6.799,00"
303703,tampones primer precio medio 8uni,"2.149,00"
312505,toallitas femeninas doncella ultrafina con alas suave 16uni,"3.090,00"
321367,toallitas femeninas ladysoft nocturna xl absorción 8uni,"3.790,00"
238749,protectores diarios kotex cuidado diario 20uni,"4.249,00"
305416,biberón teddy flujo rápido modelos varios 250ml,"11.286,75"
317961,mamadera nuk first choice+ cocodrilo flujo medio 300ml,"23.990,00"
305589,jabón de tocador estrella baby suavidad natural 75grs,"2.400,00"
305172,perfume mujercitas sophie 50cm3,"16.990,00"
312677,jabon de tocador rexona cotton fresh x3 360grs,"4.096,00"
311902,desodorante antitranspirante polyana women classic aerosol 150cm3,"3.099,00"
310869,shampoo pantene pro-v miracle revitalizacion 400cm3,"10.200,00"
310775,tintura revlon colorsilk castaño claro 51 1uni,"8.200,00"
310780,tintura revlon colorsilk castaño medio cálido 47 1uni,"8.200,00"
310787,tintura revlon colorsilk rubio oscuro 61 1uni,"8.200,00"
306956,toallitas femeninas kotex normal con alas 32uni,"10.659,00"
312168,jabón en barra lux jazmín cremoso 120grs,"1.590,00"
187017,enjuague bucal colgate luminous white 500cm3,"8.590,00"
321717,jabón de glicerina lux dama de noche en barra 90grs,"1.643,00"
316316,desodorante aerosol axe peach infusion 150cm3,"5.750,00"
307826,espuma íntima lomecan therapy 150cm3,"7.649,00"
304171,lima para uñas cooperativa lavable 1uni,"1.190,00"
316312,acondicionador plusbelle óleo nutrición intensa argán 700cm3,"5.490,00"
309425,acondicionador sedal prebióticos+biotina 650cm3,"8.990,00"
309683,shampoo fructis rizos poderosos 350cm3,"7.490,00"
311130,shampoo elvive oleo extraordinario rizos definidos 200cm3,"7.269,00"
316931,shampoo head & shoulders nutri honey anti-resequedad 180cm3,"7.290,00"
312199,crema corporal ferrini sapolán aloe vera 200cm3,"12.249,00"
315331,antitranspirante rexona powder dry roll on 50cm3,"3.099,00"
316317,antitranspirante dove +men care clinical en barra 58grs,"14.828,00"
316116,crema hipoglós cuidado diario 40grs,"12.249,00"
312521,protectores diarios doncella respirable 60uni,"3.790,00"
322367,apósitos curitas aqua protect kids 20uni,"3.999,00"
459805,cepillo cooperativa oval decorado 1uni,"4.349,00"
304957,peine para piojos cooperativa 1uni,"4.849,00"
305441,porta chupete teddy osito colores varios,"6.561,75"
316252,jabón de tocador palmolive frambuesa y mora 125grs,"1.379,00"
306823,crema corporal hinds rosa beauty 350cm3,"8.190,00"
315163,pasta dental close up dientes más blancos 90grs,"2.890,00"
304953,elastico para pelo cooperativa decorado 1uni,"1.149,00"
307707,cepillo de dientes sensodyne multicare suave 1uni,"5.890,00"
316963,pañales para adulto promise confort g/xg 8uni,"13.649,00"
317114,pañales babysec ultrasoft p 50uni,"15.490,00"
308016,shampoo elvive kera-liso 400cm3,"6.290,00"
311135,pañales duffy premium cotton m 40uni,"17.990,00"
310870,shampoo pantene pro-v miracle revitalizacion 200cm3,"6.390,00"
317577,antitranspirante dove fresh care durazno y leche de arroz roll on 50cm3,"3.599,00"
321715,protector solar garnier facial vitamina c toque seco super uv fps 50+  40cm3,"29.109,00"
311929,acondicionador polyana hidratación 900cm3,"3.895,00"
309733,tratamiento capilar sedal prebioticos + biotina 300grs,"5.190,00"
317738,shampoo estrella baby cabellos suaves 250cm3,"5.890,00"
317739,shampoo estrella baby equilibrio 250cm3,"5.890,00"
317741,acondicionador estrella baby equilibrio 250cm3,"5.890,00"
317582,shampoo tío nacho control caspa jalea real+propóleo 415cm3,"10.649,00"
318005,shampoo tío nacho control caspa 2 en 1 jalea real+propóleo 415cm3,"10.649,00"
321461,shampoo para bebé johnson's original repuesto 180cm3,"5.249,00"
312205,crema corporal ferrini floral 300cm3,"10.749,00"
322969,antitranspirante dove men comfort protection roll on 50cm3,"3.599,00"
321326,sérum elvive dream liso 100cm3,"22.286,00"
312228,toallitas femeninas lina nocturna con alas 8uni,"2.249,00"
312519,protectores diarios doncella respirable 40uni,"3.149,00"
306006,protectores diarios kotex esencial 20uni,"3.249,00"
321695,esponja de baño cooperativa combinada vegetal 1uni,"4.349,00"
321406,tampones kotex digitales super 20uni,"8.490,00"
320519,repuesto para afeitar groomen 500 5 filos 2uni,"8.790,00"
303904,cepillo de dientes colgate pro cuidado 4x3 4uni,"9.990,00"
311903,desodorante antitranspirante polyana men energy aerosol 150cm3,"3.099,00"
321462,shampoo para niños johnson's fragancia prolongada repuesto 180cm3,"4.390,00"
322052,shampoo herbal essences rosa mosqueta 400cm3,"15.490,00"
318971,desodorante corporal rexona all body deo active fresh aerosol 150cm3,"6.190,00"
310527,desodorante ciel nuit 0% alcohol y aluminio en aerosol 144cm3,"5.990,00"
310084,sérum facial teatrical antimanchas 30cm3,"19.390,00"
316251,jabon de tocador palmolive frescura purificante 125grs,"1.199,00"
311137,pañales duffy premium cotton xg 32uni,"17.990,00"
307237,shampoo tío nacho aclarante 415cm3,"10.649,00"
311631,acondicionador tío nacho efecto anticanas con henna egicpcia 415cm3,"10.649,00"
311129,acondicionador elvive óleo extraordinario rizos definidos 200cm3,"7.269,00"
318974,desodorante corporal rexona all body deo fresh citrus aerosol 150cm3,"6.190,00"
310528,desodorante ciel crystal 0% alcohol y aluminio en aerosol 144cm3,"5.990,00"
321345,gel de limpieza facial garnier con vitamina c 150cm3,"14.549,00"
317849,crema facial nivea q10 energy noche 50cm3,"21.819,00"
306677,crema gel facial cicatricure acqua defense  50grs,"26.590,00"
259725,crema facial loreal revitalift antiarrugas cuidado día fps 30 50cm3,"34.990,00"
303519,crema hidratante de ojos neutrogena hydro boost water gel 15grs,"17.061,75"
317848,sérum facil nivea q10 antiarrugas expert 30cm3,"35.990,00"
311849,protectores diarios lina anatómico multiajustable 20uni,"2.149,00"
310940,pañales babysec ultrasoft m 8uni,"4.449,00"
459803,cepillo cooperativa araña 1uni,"5.449,00"
459804,cepillo cooperativa oval grande 1uni,"5.690,00"
316254,jabón de tocador palmolive karité y vitamina e 125grs,"1.379,00"
309429,shampoo sedal prebióticos+biotina 650cm3,"8.990,00"
312387,jabón líquido lux glicerina bromelia doypack 220cm3,"3.379,00"
233314,enjuague bucal colgate plax clásico con flúor 250cm3,"5.249,00"
312659,pañales babysec super premium m 48uni,"22.990,00"
311630,shampoo tío nacho efecto anticanas con henna egipcia 415cm3,"10.649,00"
310866,shampoo pantene pro-v miracle liso infinito 200cm3,"6.390,00"
316073,pasta dental colgate herbal natural protect 90grs,"3.289,00"
315161,pasta dental close up triple protección menta americana 70grs,"2.590,00"
315160,pasta dental close up protección anticaries 70grs,"3.105,00"
317767,pasta dental colgate sensitive pro alivio original 180grs,"9.549,00"
304639,crema cicatricure anti-manchas triple acción 50grs,"40.290,00"
305453,chupete teddy látex red 1 colores varios,"4.117,50"
305439,cadena porta chupete teddy colores varios,"7.386,75"
449569,tintura revlon colorsilk rubio ultra claro natural 04 1uni,"8.200,00"
305446,aspirador nasal teddy para bebe ergónomico,"8.542,50"
318004,shampoo para niños tío nachito cabello y cuerpo 400cm3,"10.590,00"
316141,tintura revlon colorsilk rojo cereza 1uni,"8.200,00"
321228,jabon líquido de glicerina lux dama de noche doypack 220cm3,"3.379,00"
306015,protector solar dermaglós fps 30 130cm3,"18.635,00"
307950,crema facial neutrogena hydro boost gel fps25 40grs,"21.261,75"
312605,afeitadora descartable sensigrip xmart 2  1uni,"1.549,00"
310777,tintura revlon colorsilk negro 10 1uni,"8.200,00"
307745,enjuague bucal colgate plax soft mint 500cm3,"6.890,00"
310868,shampoo pantene pro-v miracle volumen 200cm3,"6.390,00"
317380,enjuague bucal gum advanced care menta suave 250cm3,"8.149,00"
312198,crema corporal ferrini sapolán tradicional 200cm3,"12.249,00"
304801,protector solar cocoa beach fps15  200cm3,"12.990,00"
315350,protector solar cocoa beach bronceador fps30 spray 250cm3,"19.800,00"
446933,emulsión facial dermaglós hidratación diaria 75cm3,"21.899,00"
305372,estuche para colines cooperativa 1uni,"117,00"
155902,invisible yiwu negro 12uni,"279,00"
305343,lima yiwu esmerilada 1uni,"279,00"
307776,peine recto 2 life colores varios 1uni,"375,51"
307778,peine fino con mango 2 life colores varios 1uni,"440,64"
305362,peine antipiojos yiwu  1uni,"809,00"
305358,arqueador de pestaña yiwu 1uni,"939,00"
449878,esponja de baño estilo spa oval 1uni,"1.549,00"
310404,peine moon color negro 1uni,"1.729,00"
188038,esponja de baño estilo spa pompón exfoliante 1uni,"1.849,00"
188043,esponja de baño estilo spa oval soft mass 1uni,"1.990,00"
307894,toallitas femeninas kotex especial con alas 8uni,"1.999,00"
310408,gomita para el pelo moon toalla pequeña 1uni,"2.045,00"
188039,esponja de baño estilo spa hueso soft massage 1uni,"2.090,00"
310402,esponja para maquillaje moon bicolor 1uni,"2.305,00"
310347,toallitas femeninas calipso incontinencia extra 8uni,"2.312,00"
305373,broche mini cooperativa con piedras para cabello 2uni,"2.449,00"
102968,afeitadora descartable schick xtreme 3 sensitive 1uni,"2.490,00"
304976,tintura l'eauvive castaño oscuro tono 3 1uni,"2.890,00"
304977,tintura l'eauvive castaño tono 4 1uni,"2.890,00"
304979,tintura l'eauvive rubio tono 5 1uni,"2.890,00"
304981,tintura l'eauvive rubio dorado tono 7 1uni,"2.890,00"
304984,tintura l'eauvive rubio claro claro tono 9 1uni,"2.890,00"
308065,tintura issue tono 1 negro 1uni,"3.590,00"
308068,tintura issue tono 5 castaño claro 1uni,"3.590,00"
308069,tintura issue tono 5.1 castaño claro ceniza 1uni,"3.590,00"
308070,tintura issue tono 6.1 rubio oscuro ceniza 1uni,"3.590,00"
308073,tintura issue tono 7.3 rubio dorado 1uni,"3.590,00"
308074,tintura issue tono 8 rubio claro 1uni,"3.590,00"
308076,tintura issue tono 8.1 rubio claro ceniza 1uni,"3.590,00"
311093,afeitadora descartable xmart speed 3 3uni,"3.690,00"
304173,tijera para uñas cooperativa 1uni,"3.700,00"
307999,toallitas femeninas nosotras ultra invisble 8uni,"3.949,00"
214163,tintura estereo rubio tono 7 1uni,"3.999,00"
214171,tintura estereo castaño oscuro tono 3 1uni,"3.999,00"
214177,tintura estereo rubio claro tono 8 1uni,"3.999,00"
214180,tintura estereo rubio muy claro tono 9 1uni,"3.999,00"
214184,tintura estereo rubio dorado tono 73 1uni,"3.999,00"
214189,tintura estereo rubio claro ceniza color tono 81 1uni,"3.999,00"
308049,tintura estereo gris plata tono 1100 1uni,"3.999,00"
311096,afeitadora descartable schick xtreme 3 piel sensible 2uni,"4.099,00"
304289,afeitadora descartable bic flex 3 extra suave 2uni,"4.299,00"
311098,afeitadora descartable schick xtreme3 hawaiian tropic 2uni,"4.549,00"
309418,cepillo de dientes oral-b suave ultra fino 1uni,"4.669,00"
305100,toallitas humedas para bebé babysec premium 50uni,"4.990,00"
217315,vaso decorado teddy para bebé 1uni,"5.164,50"
310386,cepillo plegable con espejo lilo & stitch 1uni,"5.179,00"
310388,cepillo plegable con espejo minions 1uni,"5.179,00"
215075,cepillo de dientes pro doble acción 1uni,"5.290,00"
305376,brocha para afeitar cooperativa 1uni,"5.490,00"
309709,preservativos maxx ultra fino 6uni,"5.615,00"
307066,afeitadora descartable gillette derma protección 2uni,"5.649,00"
305424,chupete teddy bicolor con tetina de látex colores varios,"5.736,75"
304958,cepillo cooperativa para cartera 1uni,"5.749,00"
310385,cepillo para pelo frozen modelos varios 1uni,"5.765,00"
305460,toallitas desmaquillantes teatrical antiedad 40uni,"6.290,00"
310397,set cepillo y peine para bebé fisher price 1uni,"6.690,00"
312501,apósitos incontinencia nonisec fuerte 10uni,"6.790,00"
310382,cepillo para el pelo minnie mouse 1uni,"6.929,00"
310383,cepillo para el pelo mickey mouse rojo 1uni,"6.929,00"
305436,cuchara teddy avioncito para bebé colores varios,"6.936,75"
312516,toallas incontinencia doncella super 10uni,"6.949,00"
306733,repuesto para afeitar gillette mach3+ regular 2uni,"7.299,00"
311097,afeitadora descartable schick quattro 4 piel delicada 2uni,"7.349,00"
312898,afeitadora schick xtreme3 piel sensible 4uni,"8.000,00"
310398,alicate corta cutículas moon  1uni,"8.195,00"
310776,tintura revlon colorsilk castaño claro cenizo 50 1uni,"8.200,00"
310781,tintura colorsilk chocolate 37 1uni,"8.200,00"
306190,jabón de tocador palmolive frambuesa toque radiante 150grs,"1.299,00"
312232,afeitadora descartable bic soleil escape aroma rosa/magnolia 3uni,"8.690,00"
306598,cepillo de dientes oral-b indicator  2uni,"8.754,00"
312899,afeitadora schick xtreme3 flexible 4uni,"8.790,00"
312230,afeitadora descartable bic soleil escape aroma lavanda/eucalipto 3uni,"8.899,00"
306604,afeitadora descartable gillette prestobarba3 4uni,"9.242,00"
307974,afeitadora descartable gillette ultragrip 2 plus 10uni,"9.766,00"
305840,cepillo de dientes oral b indicator extra soft 2uni,"9.990,00"
304962,afeitadora bic flex3 hibrid + repuestos x5 1uni,"10.149,00"
306725,máquina para afeitar gillette mach3 sensitive 1uni,"11.489,00"
312378,jabón de tocador rexona fútbol fanatics 120grs,"1.490,00"
304317,máquina para afeitar gillette turbo recargable 1uni,"12.490,00"
310178,kit tintura nutrisse clásico tono 734 jalea real  1uni,"12.499,00"
304961,máquina para afeitar bic solei con repuestos 1uni,"12.749,00"
306579,copa menstrual carecup talle 1 1uni,"12.989,00"
306580,copa menstrual carecup talle 2 1uni,"12.989,00"
310163,tintura nutrisse rubio claro profundo 1uni,"12.990,00"
309900,crema para peinar sedal jengibre y ricino 300cm3,"4.090,00"
307561,shampoo sedal jengibre ricino 190cm3,"2.659,00"
307443,crema goicochea verano fresh breeze 400cm3,"5.946,85"
312388,jabón líquido lux glicerina manzanilla doypack 220cm3,"3.379,00"
312386,jabón de glicerina lux manzanilla 90grs,"1.399,00"
305385,crema corporal algabo hidratante avena y karité 200cm3,"3.119,00"
317966,set de 2 chupetes nuk signature 0-6 meses rosa,"15.990,00"
307339,crema corporal st. ives humectación intensiva 532cm3,"8.790,00"
310164,kit tintura nutrisse ultra cobertura tono 70u rubio profundo 1uni,"16.590,00"
310167,kit tintura nutrisse ultra cobertura tono 30u castaño oscuro profundo 1uni,"16.590,00"
310173,kit tintura nutrisse clásico tono 91 jazmín  1uni,"16.590,00"
307991,shampoo otowil argán y keratina 410cm3,"6.849,00"
308131,kit tintura excellence creme tono 9 rubio muy claro  1uni,"16.990,00"
308132,kit tintura excellence creme tono 120 rubio ultra claro natural 1uni,"16.990,00"
308147,kit tintura excellence creme tono 9.1 rubio muy claro ceniza 1uni,"16.990,00"
308136,tintura loreal excellence creme rubio ceniza profundo 710 1uni,"17.490,00"
128601,tintura koleston rubios sorprendentes tono 120 1uni,"17.849,00"
128603,tintura koleston negro tono 20 1uni,"17.849,00"
175430,tintura koleston rubio oscuro tono 60 1uni,"17.849,00"
307989,shampoo otowil keratina crema chau frizz 250grs,"4.599,00"
307990,shampoo otowil minuto cero express 250grs,"4.599,00"
321124,gel fijador roby extra fuerte con aloe 150grs,"2.849,00"
307992,acondicionador otowil keratina en crema 250grs,"5.005,00"
307993,acondicionador otowil minuto cero express 250grs,"5.005,00"
308698,shampoo otowil mielizate 250cm3,"5.055,00"
311908,desodorante dufour liberty aerosol 155cm3,"3.289,00"
307241,shampoo tío nacho antidaño con aloe vera 415cm3,"8.990,00"
307242,shampoo tío nacho purificación con células madre 415cm3,"8.990,00"
307927,shampoo tío nacho crecimiento saludable 415cm3,"8.990,00"
310192,shampoo capilatis manzanilla 420cm3,"9.149,00"
310322,shampoo tresemme liso efecto botox 250cm3,"5.599,00"
310394,set para alimentación fisher price bambú 1uni,"22.999,00"
310396,set para alimentación fisher price bambú,"22.999,00"
306272,neceser ciel nuit edt 50ml + deo 123 ml 1uni,"24.348,00"
310010,quitaesmalte cutex humectante con aceite de almendras 200cm3,"4.890,00"
310201,shampoo capilatis ortiga-seco concentr 420cm3,"10.299,00"
309894,shampoo tresemmé brillo lamelar 250cm3,"6.321,00"
309334,kit tintura excellence sin amoníaco tono 2u negro profundo universal 1uni,"26.190,00"
310412,jabón líquido para bebé johnsons glicerina 200cm3,"5.400,00"
309495,enjuague bucal listerine pro-encias frescura intensa 250cm3,"6.790,00"
312652,agua micelar otowil glow 150cm3,"4.239,00"
316929,shampoo head & shoulders nutri honey anti-resequedad 650cm3,"18.421,00"
307337,acondicionador fructis hair food banana 300cm3,"8.990,00"
310827,spray fijador roby normal antifrizz 275grs,"8.390,00"
307966,shampoo pantene hidrata y fortalece 200cm3,"6.390,00"
310858,acondicionador pantene pro-v miracle liso infinito 200cm3,"6.390,00"
310860,acondicionador pantene pro-v miracle revitalizacion 200cm3,"6.390,00"
310862,acondicionador pantene pro-v miracle volumen 200cm3,"6.390,00"
222975,cera depilatoria estilo spa vegetal pote 200grs,"6.499,00"
317382,enjuague bucal gum advanced care menta intensa 250cm3,"8.149,00"
312662,pañales babysec super premium xxg 44uni,"32.990,00"
312663,pañales babysec super premium g 60uni,"32.990,00"
307338,shampoo fructis hair food banana 300cm3,"10.000,00"
312201,crema de ordeñe ferrini legítima  200cm3,"6.749,00"
312202,crema de ordeñe ferrini aloe vera  200cm3,"6.749,00"
310531,desodorante kevin ice 0% alcohol y aluminio en aerosol 163cm3,"5.549,00"
310826,spray fijador roby normal antifrizz 127grs,"4.390,00"
307985,tratamiento capilar otowil keratina crema 250grs,"8.685,00"
307986,tratamiento capilar otowil minuto cero express 250grs,"8.805,00"
307987,tratamiento capilar otowil crema de argán y keratina 250grs,"8.805,00"
312204,crema corporal ferrini reparadora 300cm3,"10.749,00"
312206,crema corporal ferrini hidratante y refrescante 300cm3,"10.749,00"
307881,crema corporal nivea reafirmante q10 plus + colágeno 6 en 1 125cm3,"4.590,00"
305981,acondicionador herbal essences bio renew chamomile 400cm3,"14.990,00"
305982,shampoo herbal essences bio renew chamomile manzanilla 400cm3,"14.990,00"
307984,tratamiento capilar otowil cicatrihair keratina y ácido hialurónico 250grs,"9.689,00"
308047,tratamiento capilar estereocolor silver 50grs,"1.949,00"
307675,pasta dental colgate max white 90grs,"3.575,00"
312759,acondicionador elvive glycolic gloss  200cm3,"7.990,00"
307713,tratamiento capilar capilatis nutritivo 200grs,"8.190,00"
313687,pañales para adulto tena clásico m 16uni,"42.990,00"
313689,pañales para adulto tena clásico l 16uni,"42.990,00"
308654,kit capilar otowil express 75grs,"3.309,00"
310203,shampoo capilatis reparacion abso plex 350cm3,"15.490,00"
310207,acondicionador capilatis reparación plex 2 350cm3,"15.490,00"
314637,pañales pampers deluxe protection hipoalergénico m 52uni,"46.386,00"
314638,pañales pampers deluxe protection hipoalergénico g 44uni,"46.386,00"
307714,tratamiento capilar capilatis reactivadora rulos 230grs,"10.790,00"
307983,kit tratamiento capilar otowil cicatrihair 75grs,"3.549,00"
312655,desodorante tascani actitud aerosol 150cm3,"7.290,00"
310208,tratamiento capilar capilatis reparacion 170grs,"9.090,00"
312200,crema corporal ferrini sapolán light 200cm3,"11.049,00"
312446,pompones de algodón ejemplar 50grs,"2.890,00"
220412,crema corporal dermaglos hidratación inmediata 175grs,"10.890,00"
315351,protector solar cocoa beach bronceador fps8 spray 250cm3,"15.890,00"
304798,aceite bronceador solar cocoa beach fps 8 250cm3,"16.690,00"
306353,protector solar cocoa beach bronceador fps15 spray 250cm3,"16.990,00"
305976,agua micelar cicatricure regular 200cm3,"16.090,00"
304800,protector solar cocoa beach fps30  200cm3,"16.900,00"
306582,gel íntimo maxx clásico 100grs,"9.190,00"
305084,colonia bebé danielle baby 100cm3,"11.990,00"
307931,crema para manos y codos diabet tx 50cm3,"7.459,00"
319265,protector solar nivea protect&hydrate invisible finish fps 50 150cm3,"22.900,00"
319918,protector solar dermaglós sport fps50  100cm3,"23.790,00"
361380,crema facial hidratante nivea de día para piel seca fps15 50cm3,"14.779,00"
365025,crema facial nivea regeneradora de noche 50cm3,"14.779,00"
304150,acondicionador capilatis óleo natural oil argán 60cm3,"21.290,00"
321369,pañales para adulto cotidian clásico mediano 8uni,"10.999,00"
310186,kit tintura nutrisse cláscio tono 55 avellana 1uni,"13.500,00"
311350,shampoo fructis aloe hidra clean 350cm3,"8.490,00"
298805,alcohol de quemar porta 500cm3,"2.599,00"
205117,fuentón nuva redondo 14 l 1uni,"13.790,00"
310804,lustramuebles blem madera original 360cm3,"6.000,00"
188762,rollo de cocina cooperativa 150panos,"1.890,00"
262892,cera líquida suiza madera natural 425cm3,"6.149,00"
262893,cera líquida suiza madera roble claro 425cm3,"6.149,00"
235002,pomada para calzado cobra negra 30grs,"3.390,00"
160310,palangana primer precio 5 l colores varios 1uni,"5.350,00"
293076,detergente magistral ultra limón 500cm3,"2.942,55"
295176,balde virulana con escurridor 12l,"12.749,00"
321852,balde escurridor con pedal cooperativa,"74.990,00"
144979,fuentón primer precio 9 l colores varios 1uni,"8.590,00"
310803,lustramuebles blem madera lavanda 360cm3,"6.000,00"
235003,pomada para calzado cobra color marrón 30grs,"3.390,00"
283863,paño de piso cooperativa blanco 48x57 cm 1uni,"2.849,00"
121458,esponja para calzado wassington brillo magico negro 60cm3,"7.790,00"
445737,paño absorbente sed metal antibacterial 3uni,"4.289,00"
264082,esponja cooperativa acero inoxidable 1uni,"899,00"
108057,esponja virulana lisa 1uni,"890,00"
144149,esponja virulana multiuso 1uni,"890,00"
284699,guantes mapa plisse satinado tamaño m 1uni,"5.200,00"
317290,canasta para baño vim citrus poder x6 50grs,"4.300,00"
311176,canasta sólida para inodoro vim citrus poder 4 en 1 35grs,"2.942,00"
314601,pastilla para inodoro pato citrus 25grs,"1.290,00"
316227,bloque adhesivo pato lavanda 24grs,"2.818,00"
312839,lavandina en gel vim original 700cm3,"3.299,00"
309878,limpiador cif expert antigrasa doypack 450cm3,"1.590,00"
280573,trapo de piso primer precio blanco 100% algodón 1uni,"1.790,00"
287307,toallitas desinfectantes ayudín aroma fresco flowpack 216cm3,"5.129,00"
452697,limpiador wassington gamuza y nobuck 180grs,"10.652,00"
318564,esponja mortimer lisa 1uni,"990,00"
317556,rollo de cocina sussex mega rollo 200panos,"3.350,00"
293074,detergente magistral ultra limón 300cm3,"1.819,35"
153331,paño multiuso sed metal absorbente 1uni,"1.390,00"
275030,esponja fibra virulana cuidauñas multiuso  1uni,"1.050,00"
321985,impermeabilizante wassington water proof spray 160cm3,"22.129,00"
318255,aromatizante aer power pocket placer de lavanda 10grs,"1.790,00"
310457,rejilla primer precio coche compacta 33x38cm 1uni,"1.299,00"
315043,bolsas de residuos impeke rollo mediano 50x70cm 15uni,"3.190,00"
318254,aromatizante aer power pocket encanto de rosas 10grs,"1.790,00"
308290,bolsas de residuos primer precio rollo negra 60x90cm 10uni,"1.992,00"
102303,broches ideal plásticos colores 12uni,"3.500,00"
318465,paño multiuso impeke 36x30cm 1uni,"1.590,00"
121302,esponja primer precio de bronce 1uni,"1.539,00"
309204,cabo de madera primer precio 1.2 mts 1uni,"1.790,00"
274064,broches task madera 12uni,"1.851,85"
450923,rejilla americana liviana línea 10 42x38 cm 1uni,"1.290,00"
257139,bloque para mochila de inodoro harpic 50grs,"3.300,00"
263964,esponja cooperativa para antiadherentes no raya 1uni,"1.890,00"
284509,pomada para cuero arola negro 45cm3,"5.449,00"
277659,guantes primer precio látex medianos 1uni,"2.619,00"
353957,guantes plumita medianos 1uni,"3.090,00"
318244,canasta líquida para inodoro pato purific lavanda repuesto 50cm3,"5.729,00"
316226,bloque adhesivo pato floral  24grs,"2.818,00"
316224,bloque adhesivo pato encanto floral 24grs,"2.833,00"
311202,papel higiénico higienol plus doble hoja 120mts,"4.049,00"
272634,bolsas de residuos primer precio negra 45x60cm 10uni,"890,00"
210618,bolsas de residuos cooperativa consorcio gigantes gris 80x110cm 10uni,"8.090,00"
318050,esponja fibra task multiuso anatómica salvauñas 1uni,"708,50"
272635,bolsas de residuos primer precio negra 45x60cm 30uni,"2.279,20"
285075,trapo de piso primer precio gris tejido 1uni,"1.090,00"
280578,rejilla primer precio para coche 100% algodón grande 1uni,"1.190,00"
283862,paño de piso cooperativa gris 48x57 cm 1uni,"1.949,00"
312840,lavandina en gel vim lavanda  700cm3,"3.299,00"
952648,paño absorbente virulana twist multiuso 1uni,"1.600,00"
279995,lavandina héroe botella 1000cm3,"1.150,00"
314891,trapo de piso suiza nido de abeja 1uni,"5.100,00"
284698,guantes mapa plisse satinado tamaño l 1uni,"5.200,00"
210620,bolsas de residuos cooperativa consorcio gris 60x100cm 10uni,"6.283,00"
321851,balde escurridor cooperativa,"38.990,00"
315220,jabón líquido ariel platinum diluible botella 500cm3,"7.702,50"
220206,bloque adhesivo para inodoro pato purific citrus 24grs,"2.818,00"
321846,guantes cooperativa látex talle m 1uni,"1.890,00"
861820,esponja virulana cuadraditos 1uni,"999,00"
313514,jabón líquido ariel platinum máxima limpieza quitamanchas 3000cm3,"9.506,25"
104743,paño absorbente sed metal multiuso 3uni,"3.490,00"
321156,limpiador multisuperficies blem floral doypack 400cm3,"3.169,00"
310801,lustramuebles blem marmol y grafito naranja en aerosol 360cm3,"6.000,00"
126165,esponja primer precio para antiadherentes 1uni,"1.819,00"
279996,lavandina héroe botella 2000cm3,"2.490,00"
277660,guantes primer precio látex grande 1uni,"2.619,00"
284701,guantes mapa plisse satinado tamaño s 1uni,"5.200,00"
280051,bolsas de residuos cooperativa grises 45x60cm 20uni,"3.190,00"
134066,esponja virulana inoxy acero inoxidable 1uni,"1.049,00"
244504,gel limpiador de inodoros harpic removedor de sarro 500cm3,"5.790,00"
280574,franela primer precio 100% algodón 1uni,"1.690,00"
311975,rejilla suiza bar especial 1uni,"1.890,00"
272637,bolsas de residuos primer precio negra 50x70cm 30uni,"3.192,00"
319911,limpiador multisuperficies blem citrus repuesto 400cm3,"3.169,00"
319909,limpiador multisuperficies blem citrus gatillo 400cm3,"5.799,00"
122629,bolsas de residuos luis braile 45x60x20cm 10uni,"1.399,00"
311974,rejilla suiza liviana 42x38cm 1uni,"2.100,00"
315026,broches sed metal madera 12uni,"2.290,00"
278022,pala para residuos virulana con cabo rebatible 1uni,"12.890,00"
126163,secador de piso primer precio 1uni,"3.309,00"
227300,cabo virulana metálico 1uni,"4.849,00"
150273,paño absorbente sed metal antibacterial 1uni,"1.349,00"
210616,bolsas de residuos cooperativa consorcio verdes 60x100cm 10uni,"6.283,00"
284507,pomada para cueros arola incolora 45grs,"5.449,00"
317883,lustramuebles blem en crema aroma lavanda 200cm3,"4.829,00"
165972,rejilla tradicional task 40x45 cm 1uni,"903,50"
318048,esponja task multiuso lisa 1uni,"551,85"
315841,bolsas de residuos task ata fácil 45x55cm 20uni,"2.501,85"
317653,jabón líquido concentrado ace para diluir 500cm3,"9.999,00"
314603,canasta para inodoro glade full lavanda 27grs,"2.448,00"
269012,escobilla para baño cooperativa 1uni,"4.490,00"
280575,rejilla primer precio con hilo 100% algodón 1uni,"790,00"
283865,paño rejilla cooperativa multiuso 40x40cm 1uni,"2.349,00"
263879,escobillón primer precio laqueado 1uni,"5.890,00"
322609,paño de piso microfibra virulana pisos expert 2uni,"9.549,00"
312841,lavandina en gel vim citrus 700cm3,"3.299,00"
274622,jabón blanco en pan cooperativa 150grs,"1.249,00"
263871,cepillo primer precio multiuso 1uni,"2.790,00"
263875,escobillón primer precio grande 1uni,"2.890,00"
321984,espuma de limpieza wassington sneaker foam 150cm3,"13.349,00"
318547,limpiador multiuso para diluir primer precio lavanda 150cm3,"1.190,00"
316232,trapo de piso línea 10 gris 1uni,"3.590,00"
318988,bolsas de residuos virulana m 50x70cm 30uni,"6.190,00"
316235,guantes task compostable grande l 1uni,"2.891,85"
284926,cabo glow metálico con rosca 1.20m 1uni,"4.590,00"
318987,bolsas de residuos virulana s 45x60cm 30uni,"3.949,00"
101275,jabón blanco en pan primer precio 200grs,"949,00"
122653,bolsas de residuos luis braile 60x100cm 5uni,"1.649,00"
280052,bolsas de residuos cooperativa verde 45x60cm 20uni,"3.190,00"
315056,bolsas de residuos asurin planas 50x70cm 10uni,"3.290,00"
315843,bolsas de residuos task ata fácil 50x65cm 20uni,"3.828,50"
293082,detergente magistral ultra marina 750cm3,"4.478,50"
263898,escobillón primer precio esquinero 1uni,"4.890,00"
154594,escobillón virulana clásico 1uni,"7.649,00"
320707,esponja de acero inoxidable sed metal 2uni,"1.749,00"
313115,rollo de cocina felpita  120panos,"2.590,00"
282401,esponja glow salvauñas cetus 1uni,"990,00"
321614,espiral selton mata y repele mosquitos 12uni,"2.277,00"
454522,esponja metálica sed metal acero inoxidable 1uni,"2.290,00"
260253,balde escurridor a pedal vileda easy wring & clean,"109.000,00"
264092,lana de acero cooperativa 10uni,"1.299,00"
315792,canasta para inodoro sólida pato marina 27grs,"2.237,00"
861898,franela cooperativa 40x50cm 1uni,"3.190,00"
311971,trapo de piso suiza rayado  1uni,"3.490,00"
317642,esponja task spunita limpieza profunda 1uni,"1.006,85"
293079,detergente magistral ultra limón 1400cm3,"8.118,50"
318252,aromatizante aer power pocket berry vibrante 10grs,"1.790,00"
121311,estropajo primer precio de acero 1uni,"890,00"
274065,broches task plasticos 12uni,"1.943,50"
316650,guantes mapa plissé satinado tamaño xl 1uni,"5.200,00"
316225,bloque adhesivo pato brisa tropical 24grs,"2.833,00"
261985,aromatizante glade gel car acqua 70grs,"4.499,00"
317658,polvo lavavajillas finish classic powder pouch 1000grs,"10.390,00"
263967,esponja cooperativa con manta 1uni,"999,00"
317641,esponja task inoxidable abrasiva 1uni,"1.748,50"
280055,papel higiénico elegante extra confort resistente triple hoja 120mts,"6.890,00"
353965,guantes plumita grandes 1uni,"3.090,00"
310805,discos activos para inodoro pato lavanda 36grs,"8.937,00"
316048,detergente magistral ultra limón doypack 450cm3,"2.593,50"
237275,esponja virulana multiondas    1uni,"1.249,00"
299471,aromatizante de ambiente cooperativa flores blancas 270cm3,"5.490,00"
437475,esponja metalica mortimer plateada 1uni,"1.224,00"
277658,guantes primer precio latex chicos 1uni,"2.619,00"
102301,broches ideal madera 12uni,"3.349,00"
293080,detergente magistral ultra marina 300cm3,"1.819,35"
294749,esponja fibra task antibacterial no raya 1uni,"1.423,50"
884359,paño esponja virulana antibacterial,"2.149,00"
318466,paño multiuso impeke 36x30cm 3uni,"3.390,00"
232330,paño absorbente mortimer multiuso x3 3uni,"4.599,00"
195470,esponja virulana fuerte con fibra roja 1uni,"1.190,00"
322155,cepillo glow lavazapatillas 1uni,"4.249,00"
154599,pala para residuos virulana click 1uni,"5.000,00"
222303,secador de piso virulana 40cm 1uni,"5.700,00"
269011,escobilla para baño cooperativa con deposito 1uni,"9.449,00"
295006,paño de limpieza skay multiuso 4uni,"6.250,00"
322384,limpiador de piso primer precio lavanda 900cm3,"1.290,00"
263876,escobillón primer precio chico 1uni,"2.690,00"
178852,escobillón virulana rincones 1uni,"9.290,00"
314611,canasta para inodoro pato full marina 27grs,"2.990,00"
316047,detergente magistral ultra limón cremoso 500cm3,"2.942,55"
223602,desodorante de ambiente poett natural blends floral 400cm3,"5.777,00"
318049,esponja task multiuso lisa 3uni,"1.423,50"
272642,bolsas de residuos primer precio verde 80x110cm 10uni,"3.879,20"
219658,jabón blanco en pan primer precio x2 400grs,"2.290,00"
321845,guantes cooperativa látex talle s 1uni,"1.890,00"
126164,sopapa primer precio de goma 1uni,"2.309,00"
223165,paño absorbente skay superficies delicadas,"3.490,00"
254409,paño absorbente mortimer multiuso milticolor 3uni,"5.449,00"
269014,secador de piso cooperativa doble 1uni,"9.990,00"
318293,antihumedad purific air lavanda repuesto 80grs,"1.147,19"
286459,desodorante atomizador glade toque lavanda repuesto 9cm3,"4.990,00"
191974,esponja mortimer poderosa 1uni,"1.465,00"
318287,antihumedad purific air lavanda pote 300grs,"3.745,00"
318565,paño absorbente mortimer baño 1uni,"3.190,00"
180619,rollo de cocina campanita classic 150panos,"2.790,00"
282307,sopapa sacchi reforzada 1uni,"4.320,00"
275852,bolsas de residuos task cierra fácil 50x65cm 20uni,"4.030,00"
178935,protector para calzado wassington gamuza-nobuck 180cm3,"13.690,00"
284508,pomada para cueros arola marron 45grs,"5.449,00"
321986,aromatizante para calzado wassington one shot 103cm3,"17.769,00"
135536,esponja sed metal fibra salvauñas  1uni,"1.090,00"
283119,desodorante ambiente poett espiritu play aerosol 360cm3,"3.750,00"
271868,desodorante de ambiente cooperativa papaya 270cm3,"5.490,00"
311970,trapo de piso suiza gris  1uni,"3.390,00"
311973,franela suiza gamuzada 40x50cm 1uni,"4.149,00"
309292,paño cif antibacterial multiuso 3uni,"5.398,00"
878316,paño esponja virulana antibacterial,"5.749,00"
317988,repelente de insectos selton uso cotidiano aerosol 165cm3,"5.482,00"
321703,suavizante vivere explósion floral más intenso 3000cm3,"11.900,00"
316234,guantes task compostable mediano m 1uni,"2.891,85"
194774,guantes patito clásico medianos 1uni,"4.799,00"
194775,guantes patito clasico grande 1uni,"4.799,00"
122521,lana de acero virulana rollitos x10 10uni,"2.599,00"
249680,rollo de cocina campanita mega rollo 200panos,"3.349,00"
263965,esponja cooperativa fibra verde multiuso 1uni,"949,00"
269368,bolsas de residuos task blanca baño 40x40cm 20uni,"1.526,85"
271867,desodorante de ambiente cooperativa limón 270cm3,"5.490,00"
321707,suavizante vivere más intenso eterna primavera  900cm3,"3.690,00"
322665,papel higiénico felpita premium doble hoja 80mts,"2.849,00"
353949,guantes plumita chicos 1uni,"3.090,00"
321704,suavizante vivere clásico más intenso 450cm3,"2.049,00"
263903,cepillo primer precio para auto 1uni,"5.500,00"
247578,mopa de algodón virulana sin cabo 1uni,"8.449,00"
313006,bolsas de residuos asurin flexi 60x95cm 10uni,"10.990,00"
312799,cabo limpex extensible 1.5 mts 1uni,"19.990,00"
286391,desodorante ambiente glade vainilla automático repuesto 270cm3,"9.599,00"
286403,desodorante atomizador glade toque twinpack limón 18cm3,"8.763,00"
320704,paño de microfibra sacchi pack 30x30cm,"4.999,20"
322379,paño de piso vileda microfibra extra large colores varios 1uni,"9.549,00"
449876,esponja acero sed metal inoxidable 1uni,"1.049,00"
102638,esponja metálica sed metal dorada 1uni,"1.990,00"
952630,lana de acero virulana rollitos x6 6uni,"1.999,00"
315803,canasta para inodoro glade repuesto lavanda 27grs,"1.899,00"
223601,desodorante de ambiente poett natural blends frutal 400cm3,"5.777,00"
318291,antihumedad purific air lavanda repuesto 260grs,"2.445,00"
278244,desodorante de ambiente cooperativa uva 270cm3,"5.490,00"
982466,lana de acero task x10 10uni,"1.423,50"
322386,limpiador de piso primer precio marina 900cm3,"1.290,00"
232331,paño absorbente mortimer multiuso 1uni,"1.875,00"
320836,paño esponja absorbente sed metal 20x18cm 1uni,"2.949,00"
321987,cabo largo de madera con rosca 1.8m primer precio 1uni,"3.390,00"
322497,detergente concentrado cooperativa ultra marina 300cm3,"1.590,00"
269017,cabo cooperativa metálico 1uni,"5.390,00"
317014,limpiador multiuso para diluir primer precio bambú 150cm3,"1.190,00"
309881,limpiador cif expert antigrasa gatillo 500cm3,"4.290,00"
282915,escobilla para baño virulana 1uni,"10.949,00"
166060,esponja mortimer de bronce doble cara 1uni,"2.049,00"
321708,suavizante vivere plancha fácil 900cm3,"3.269,00"
261986,aromatizante glade gel campos de lavanda 70grs,"4.499,00"
261987,aromatizante glade gel limón refrescante 70grs,"4.499,00"
229244,papel higiénico primer precio hoja simple 180mts,"3.290,00"
315057,bolsas de residuos asurin planas 45x60cm 10uni,"1.990,00"
309396,detergente magistral platinum+ limón verde 500cm3,"3.568,50"
103045,lana de acero sed metal ovillos 6uni,"1.199,00"
121308,lana de acero primer precio 10uni,"1.209,00"
320840,esponja multiflex sed metal 1uni,"3.790,00"
258944,limpiavidrios procenex doypack 420cm3,"2.049,00"
263880,secador de piso primer precio doble goma 1uni,"3.949,00"
299475,aromatizante glade aceites naturales vainilla repuesto x2 42cm3,"19.500,00"
210619,bolsas de residuos cooperativa consorcio gigantes verde 80x110cm 10uni,"8.090,00"
442912,esponja sed metal con fibra 1uni,"859,00"
223169,esponja mortimer cuadriculada abrasiva 1uni,"1.490,00"
318246,suavizante comfort secrets 36 500cm3,"8.490,00"
318277,desodorante ambiente glade naranjo y orquídeas repuesto 270cm3,"9.599,00"
299476,aromatizante glade aceites naturales aparato+repuesto 21cm3,"19.990,00"
293977,servilletas sussex clásica una hoja 80uni,"1.990,00"
313034,jabón blanco en pan héroe clásico 200grs,"1.199,00"
287271,servilletas sussex clásica familiares 140uni,"3.890,00"
263873,escoba primer precio teli 23cm colores varios 1uni,"4.490,00"
269015,pala para residuos cooperativa 1uni,"4.590,00"
312773,jabón líquido woolite ropa oscura matic doypack 900cm3,"5.211,75"
315976,detergente héroe ultra limón 500cm3,"2.199,00"
311865,detergente odex ultra fragancia limón 250cm3,"1.945,00"
264188,desodorante atomizador repuesto poett prim+solo para ti x2 18grs,"7.789,00"
283864,paño rejilla cooperativa blanco 38x40cm 1uni,"1.459,00"
247575,paño absorbente virulana twist multiuso 3uni,"4.449,00"
237276,paño absorbente virulana microfibra 4uni,"9.449,00"
313121,rollo de cocina felpita infinity maxi rollo x3 300panos,"4.949,00"
276069,limpiador de piso multimax pino 35cm3,"549,00"
319269,desodorante ambiente air wick fresh cítricos automático repuesto 250cm3,"6.790,00"
263872,pala para residuos primer precio 1uni,"1.790,00"
315887,detergente lavavajillas limzul flores rosas 750cm3,"1.990,00"
279256,detergente cooperativa ultra manzana 300cm3,"1.490,00"
269008,escobillón cooperativa para exterior 1uni,"9.659,00"
320708,cepillo de goma limpex atrapa pelo 2uni,"10.499,00"
322157,limpiavidrios con cabo glow alpha 1uni,"12.549,00"
275378,pala para residuos cooperativa con cabo rebatible 1uni,"13.649,00"
312867,abrillantador para máquina lavavajillas sun triple acción 500cm3,"13.981,00"
315169,repelente de insectos aktiol larga duración 143cm3,"4.109,40"
264090,esponja cooperativa con manta y salvauñas extra fuerte 1uni,"1.549,00"
315831,limpiador de piso glade campos de lavanda 1760cm3,"4.950,00"
309884,limpiador para baño cif expert gatillo 500cm3,"4.290,00"
315795,limpiavidrios y multiuso mr músculo aerosol 360cm3,"4.350,00"
158956,rollo de cocina elegante 180panos,"3.490,00"
436548,suavizante para ropa héroe brisa silvestre doypack 900cm3,"2.599,00"
318991,bolsas de residuos virulana xl 80x110cm 10uni,"8.790,00"
315794,desinfectante en aerosol lysoform lavanda 315cm3,"5.475,00"
279991,limpiador de piso heroe campo de lavanda 900cm3,"1.399,00"
279993,limpiador de piso heroe pino silvestre 900cm3,"1.399,00"
311876,polvo limpiador odex original 400grs,"3.499,00"
309883,limpiador de baño cif expert doypack 900cm3,"3.990,00"
311867,limpiador de piso odex amanecer marino 900cm3,"1.749,00"
269016,cepillo de mano cooperativa corto colores varios 1uni,"4.449,00"
275380,cepillo cooperativa con mango 1uni,"4.549,00"
322143,pala para residuos glow con cabo fijo 1uni,"8.349,00"
154596,escoba virulana para exteriores 1uni,"8.690,00"
269010,escobillón cooperativa para interior 1uni,"9.600,00"
320599,mopa + balde turbo iberia sistema centrífugo,"74.900,00"
320705,paño absorbente sacchi bambú 30x30cm,"4.759,20"
311972,trapo de piso suiza gris consorcio  1uni,"5.690,00"
312771,jabón líquido woolite ropa oscura matic doypack 450cm3,"2.842,50"
282613,desodorante ambiente poett primavera aerosol 360cm3,"3.750,00"
321804,suavizante downy concentrado brisa de verano 350cm3,"5.900,00"
286386,desodorante ambiente glade lavanda y vainilla automático repuesto 270cm3,"9.599,00"
316220,desodorante de ambiente glade floral vibes repuesto 170cm3,"6.049,00"
316221,desodorante de ambiente glade coco vibes repuesto 170cm3,"6.049,00"
254502,desodorante atomizador repuesto poett lavanda x2 18grs,"7.789,00"
286461,desodorante atomizador glade toque limón repuesto 9cm3,"4.990,00"
314604,aromatizante glade aceites naturales flores tropicales y coco repuesto 21cm3,"12.675,00"
318278,aromatizante glade aceites naturales glade naranjo y orquídea repuesto 21cm3,"12.675,00"
322383,detergente primer precio ultra limón 300cm3,"1.590,00"
310597,lana de acero glow rollitos 45gr 10uni,"1.629,00"
310146,limpiavidrios y multiusos cif expert doypack 900cm3,"3.990,00"
322142,escobillón glow iris interior  1uni,"7.549,00"
310550,repelente de insectos fush! crema 200grs,"2.394,00"
320837,paño de microfibra absorbente sed metal 30x30cm,"3.849,00"
282615,desodorante ambiente poett suavidad de algodon  360cm3,"3.750,00"
318245,jabón líquido ala para diluir blancos más blancos botella 500cm3,"5.990,00"
286383,desodorante ambiente glade manzana y canela automático repuesto 270cm3,"9.599,00"
286387,desodorante ambiente glade floral y frutos rojos automático repuesto 270cm3,"9.599,00"
286381,desodorante ambiente glade limón refrescante automático repuesto 170cm3,"6.049,00"
290611,desodorante atomizador glade toque floral/frutos rojos repuesto 9cm3,"4.990,00"
272209,bolsas de residuos task pequeña 45x60cm 10uni,"1.423,50"
315830,limpiador de piso glade floral perfection 1760cm3,"4.950,00"
318562,bolsas de residuos mortimer consorcio 60x90cm 10uni,"5.349,00"
317574,lavandina en gel héroe 700cm3,"2.649,00"
194773,guantes patito clasico chicos 1uni,"4.799,00"
269013,secador de piso cooperativa 1uni,"6.049,00"
318249,desinfectante avanzada vim con lavandina gatillo 500cm3,"3.761,00"
318250,detergente cif bioactive limón 1250cm3,"9.590,00"
107816,lampazo virulana multiuso amarilla 1uni,"10.949,00"
318011,jabón líquido concentrado skip para ciclo corto cuidado activo doypack 800cm3,"11.350,00"
320974,insecticida raid 4 toques mata y repele mosquitos aerosol 43cm3,"10.700,00"
292183,jabón líquido héroe bio evolution botella 1500cm3,"4.268,00"
311584,servilletas elite ultra suave 200uni,"5.290,00"
318247,suavizante comfort secrets 48  500cm3,"8.490,00"
322387,limpiador de piso primer precio pino 900cm3,"1.290,00"
318561,bolsas de residuos mortimer normal 45x55cm 15uni,"3.225,00"
321705,suavizante vivere clásico más intenso 3000cm3,"11.900,00"
159964,bolsas de residuos alborada 45x60cm 30uni,"5.490,00"
312772,jabón líquido woolite todos los dias matic doypack 900cm3,"5.211,75"
316777,limpiador antigrasa concentrado primer precio para diluir 100cm3,"649,00"
316782,lavavajillas primer precio para diluir con glicerina 150cm3,"1.390,00"
311791,limpiador cif bioactive en gel para superficies 250cm3,"2.523,00"
292485,toallitas desinfectantes ayudín aroma fresco 390cm3,"8.300,00"
311889,aromatizante de ambiente harper´s lavanda 220cm3,"5.345,00"
314608,desodorante ambiente glade frescura salvaje repuesto 270cm3,"9.599,00"
299478,aromatizante glade aceites naturales vainilla repuesto 21cm3,"12.675,00"
264084,esponja cooperativa de bronce 1uni,"1.599,00"
318567,esponja de fibra mortimer baño y cocina x2 2uni,"2.190,00"
321615,lana de acero mortimer limpieza extrema x 12 12uni,"2.490,00"
234055,esponja patito dorada 1uni,"2.790,00"
317652,jabón en polvo ace lavado a mano 800grs,"3.279,00"
322380,esponja fibra vileda ultra fresh antibacterial 2uni,"5.990,00"
315374,suavizante downy concentrado adoravel 900cm3,"15.757,00"
315327,repelente de insectos fush acción prolongada spray 200cm3,"4.919,40"
311868,limpiador de piso odex bosque 900cm3,"1.749,00"
315824,limpiador de piso glade campos de lavanda 875cm3,"2.849,00"
291083,limpiador de baño mr músculo doypack 450cm3,"2.798,00"
315833,acondicionador ceramicol para lampazos 860cm3,"6.076,00"
310147,limpiador vidrios y multiuso cif expert gatillo 500cm3,"4.290,00"
316781,lavavajillas primer precio para diluir limón 150cm3,"1.390,00"
317793,polvo para lavavajillas sun botella 1000grs,"12.990,00"
157597,lana de acero sed metal ovillos 12uni,"2.049,00"
315808,limpiador de piso glade floral perfection 875cm3,"2.849,00"
321847,guantes cooperativa látex talle l 1uni,"1.890,00"
317654,jabón en polvo zorro lavado a mano y multiuso bicarbonato 400grs,"1.529,00"
317651,jabón en polvo ace matic baja espuma 800grs,"3.279,00"
315977,detergente héroe ultra manzana 500cm3,"2.199,00"
309385,guantes sed metal dualsoft flex chicos 1uni,"4.590,00"
264933,secador de piso virulana 30cm 1uni,"4.990,00"
278080,limpiador líquido desinfectante lysoform concentrado original doypack 420cm3,"2.650,00"
316778,limpiavidrios multiuso concentrado primer precio para diluir 100cm3,"649,00"
282306,secador de piso sacchi 50cm 1uni,"12.000,00"
320709,mopa limpex microfibra colores varios 1uni,"18.200,00"
286385,desodorante de ambiente glade hawaiian breeze automatico 270cm3,"9.599,00"
286390,desodorante ambiente glade limón refrescante automático repuesto 270cm3,"9.599,00"
314607,desodorante ambiente glade coco vibes automático repuesto 270cm3,"9.599,00"
155293,desodorante de ambiente air wick lavanda 250cm3,"19.999,00"
312766,apresto robin doypack 450cm3,"2.100,00"
318008,jabón líquido concentrado skip para ciclo corto cuidado activo botella 800cm3,"13.300,00"
321282,limipiador líquido desinfectante lysoform solución total pino 875cm3,"3.550,00"
275382,cepillo cooperativa calzado negro 1uni,"4.349,00"
316043,jabón líquido ace clásico doypack 800cm3,"3.990,00"
311866,detergente odex ultra fragancia limón 500cm3,"3.449,00"
282305,secador de piso sacchi 40cm 1uni,"8.640,00"
316780,jabón líquido primer precio para diluir 150cm3,"1.790,00"
321155,limpiador multisuperficies blem floral gatillo 400cm3,"5.799,00"
321803,suavizante downy concentrado brisa suave 350cm3,"5.900,00"
318251,jabón líquido granby bicarbonato para diluir botella 500cm3,"8.190,00"
314643,suavizante downy brisa suave 500cm3,"8.899,00"
311888,aromatizante de ambiente harper´s naturalmente verde 220cm3,"4.990,00"
290608,desodorante ambiente glade paraíso azul automático repuesto 270cm3,"9.599,00"
291715,aromatizante de ambiente glade automático completo lavanda y vainilla 270cm3,"29.990,00"
315829,limpiador de piso glade bosque de pino 875cm3,"2.849,00"
321277,limipiador líquido desinfectante lysoform solución total lavanda 1760cm3,"6.156,00"
293077,detergente magistral ultra limón 750cm3,"4.478,50"
323171,cera líquida blem para cerámicos incoloro 750cm3,"10.529,00"
317639,paño absorbente task compostable 1uni,"1.813,50"
321278,limipiador líquido desinfectante lysoform solución total lavanda 875cm3,"3.550,00"
318563,bolsas de residuos mortimer mediana 50x65cm 15uni,"5.249,00"
175889,bolsas de residuos alborada 45x50cm 30uni,"6.790,00"
130808,antihumedad aire pur lavanda 75grs,"9.290,00"
243835,guantes patito clasico xl 1uni,"4.799,00"
317383,mopa primer precio blanca repuesto 1uni,"5.599,00"
275381,limpiavidrios cooperativa 1uni,"7.649,00"
310548,repelente de insectos fush! spray 200cm3,"3.414,00"
321279,limipiador líquido desinfectante lysoform solución total floral 875cm3,"3.550,00"
311793,limpiador líquido desinfectante de superficies cif original doypack 380cm3,"2.340,00"
154595,escoba virulana multiuso 1uni,"8.549,00"
311792,limpiador cif bioactive en gel para superficies 500cm3,"4.549,00"
278245,desodorante de ambiente cooperativa vainilla 270cm3,"5.490,00"
311887,aromatizante de ambiente harper´s limón 220cm3,"5.345,00"
311869,limpiador de piso odex lavanda 900cm3,"1.749,00"
321280,limipiador líquido desinfectante lysoform solución total pino 1760cm3,"6.156,00"
316779,limpiador de baño primer precio concentrado para diluir 100cm3,"649,00"
317790,polvo para máquinas lavavajillas sun  1000grs,"10.607,00"
309386,guantes sed metal dualsoft flex medianos 1uni,"4.590,00"
315827,limpiador de piso glade harmony 875cm3,"2.849,00"
317655,jabón en polvo zorro matic baja espuma bicarbonato 800grs,"2.799,00"
287600,aparato para tabletas raid sin cable + 4 tabletas 1uni,"9.925,00"
316230,limpiador en polvo multimax bicarbonato 100grs,"1.039,00"
310678,repelente de insectos vais kids pomo 100cm3,"2.394,00"
284838,limpiador líquido desinfectante lysol dettol limón 1800cm3,"4.549,00"
321807,suavizante héroe flores frutales doypack 3000cm3,"8.190,00"
282614,desodorante ambiente poett bebé aerosol 360cm3,"3.750,00"
315373,suavizante downy concentrado adoravel  450cm3,"8.899,00"
286382,desodorante ambiente glade lavanda y vainilla automático repuesto 170cm3,"6.049,00"
696508,antihumedad aire pur lavanda 250grs,"16.891,00"
299477,aromatizante glade aceites naturales harmony repuesto 21cm3,"12.675,00"
286458,desodorante atomizador glade toque con aparato full limón 9cm3,"7.799,00"
322158,esponja fibra cocina glow verde 1uni,"2.889,00"
311840,escobillón impeke + cabo 1uni,"8.290,00"
320703,suavizante comfort explosión de lavanda doypack 1000cm3,"14.200,00"
281237,cabo task metálico 1uni,"3.048,50"
267256,plumero primer precio de techo colores varios 1uni,"5.500,00"
322612,cepillo de mano virulana 2 en 1 1uni,"7.690,00"
320702,suavizante comfort explosión de lavanda doypack 450cm3,"6.489,00"
290547,desinfectante líquido lysoform multisuperficies 500cm3,"7.690,00"
260820,escobillon vileda 3 en 1 1uni,"24.990,00"
317743,quitamanchas vanish oxi action polvo pote 450grs,"11.749,00"
163902,papel higiénico campanita soft hoja simple 180mts,"3.149,00"
309762,suavizante zorro deluxe oriental doypack 3000cm3,"10.990,00"
308735,jabón líquido limzul matic doypack 800cm3,"2.349,00"
321414,jabón en polvo ala matic baja espuma blancos más blancos 600grs,"3.650,00"
321611,quitamanchas trenet polvo power precision doypack 450grs,"9.019,00"
311893,cebo mata cucarachas cucatrap 20grs,"11.350,00"
299953,jabón en polvo granby lavado a mano bicarbonato limón 3000grs,"8.990,00"
279399,pala para residuos task con cabo fijo 1uni,"4.710,55"
278746,espiral raid mata mosquitos country fresh 150grs,"2.949,00"
316218,limpiador de piso glade paraíso azul 1760cm3,"4.950,00"
321415,jabón en polvo ala matic baja espuma blancos más blancos 2500grs,"12.690,00"
310598,esponja glow baño fibra scutum 1uni,"899,00"
100099,esponja task lisa 1uni,"903,50"
310848,esponja brilhus salvauñas 1uni,"979,00"
284719,esponja esfrebom salvauñas con iones de plata 1uni,"1.119,00"
129607,esponja mortimer de bronce 1uni,"1.549,00"
153572,esponja acero sed metal inoxidable 2uni,"1.690,00"
282309,paño multiuso costero colores varios,"1.690,00"
284345,paño absorbente skay multiuso,"1.790,00"
150278,esponja fibra sed metal gigante con fibra abrasiva 1uni,"1.849,00"
260789,servilletas campanita ultrasoft 70uni,"1.949,00"
299249,guantes task pequeño 1uni,"2.631,85"
266711,bolsas de residuos task plana mediana 50x70cm 10uni,"2.678,65"
284836,limpiador líquido desinfectante lysol dettol marina 900cm3,"2.490,00"
148199,esponja metálica sed metal dorada 1uni,"3.049,00"
316231,rejilla lava coche pesada línea 10 50x60 cm 1uni,"3.200,00"
104430,servilletas campanita ultrasoft 140uni,"3.490,00"
282410,pala para residuos glow de mano 1uni,"3.499,00"
153499,esponja acero sed metal inoxidable dorada 2uni,"3.525,00"
284709,pala para residuos novica de mano clipa colores varios 1uni,"3.599,00"
445736,esponja sed metal corazon inoxidable 1uni,"3.700,00"
136218,esponja vileda super acero 1uni,"4.045,00"
309387,guantes sed metal dualsoft flex grandes 1uni,"4.590,00"
309390,rejilla sed metal lavacoches 45x50cm 1uni,"4.600,00"
310850,secador de piso novica ballena 30cm 1uni,"4.990,00"
284716,sopapa novica 1uni,"5.059,00"
199336,broches iberia doble presión 9uni,"5.145,00"
282398,escobillón glow interior acrux eco 1uni,"5.549,00"
282400,escoba glow max unux 1uni,"6.189,00"
266713,bolsas de residuos task plana grande 80x110cm 10uni,"6.336,85"
282399,escobillón glow eco orion 1uni,"6.589,00"
299000,antihumedad purific air lavanda repuesto 75grs,"499,50"
284707,secador de piso novica ballena 40cm 1uni,"6.749,00"
320839,paño de microfibra absorbente sed metal coral fleece 30x30cm 2uni,"6.849,00"
282290,escobillón task clásico 1uni,"6.948,50"
290616,acondicionador de piso ceramicol autobrillo negro botella 800cm3,"5.939,00"
284702,escoba novica original sin cabo 1uni,"7.449,00"
284704,escobillón novica varry sin cabo 1uni,"8.490,00"
299262,limpiador en polvo suiza desengrasante 500grs,"4.290,00"
318292,antihumedad purific air repuesto neutro 260grs,"2.445,00"
294745,escobillón task multiuso interior 1uni,"9.586,85"
294746,escobillón task superficie delicada 1uni,"9.586,85"
294744,escobillón task para exterior 1uni,"9.911,85"
313005,bolsas de residuos asurin flexi 50x65cm 20uni,"9.990,00"
318285,antihumedad purific air relax pote 300grs,"3.745,00"
282921,lampazo virulana repuesto mopa plana extra microfibra 1uni,"15.990,00"
321612,quitamanchas trenet polvo power precision doypack 120grs,"2.790,00"
281325,barra gigante quitamanchas 75grs,"1.790,00"
317987,repelente de insectos selton extra duración aerosol 165cm3,"6.990,00"
317989,repelente de insectos selton spray 120cm3,"5.890,00"
309220,producto para calzado arola aplicador pomada 45grs,"4.490,00"
121459,esponja para calzado wassington brillo marron 60cm3,"6.499,00"
256740,tender de pie mor plegable 006005 1uni,"51.489,00"
273539,velas cooperativa x4 4uni,"1.790,00"
275266,lámpara led ledvance 5w cálida,"1.939,00"
974595,cubiertero primer precio colores varios,"7.990,00"
278620,lámpara led ledvance 9w fría,"2.459,00"
275261,lámpara led ledvance 12w cálida,"2.869,00"
287367,mate autocebante cooperativa termico colores varios,"7.350,00"
309927,fósforos buenos días 220uni,"1.390,00"
275267,lámpara led ledvance 5w fría,"1.939,00"
233960,parrilla circular jovifel n°2,"75.990,00"
275264,lámpara led ledvance 14w fría,"3.929,00"
321041,botella de vidrio con tapón de corcho 1l,"10.789,00"
275262,lámpara led ledvance 12w fría,"2.869,00"
280716,prolongador enrollacable coop 5 mts 4 tomas verde,"42.500,00"
275258,lámpara led ledvance 7w fría,"2.249,00"
275265,lámpara led ledvance 14w cálida,"3.929,00"
850294,repasador teka gourmet colores varios,"2.793,00"
312361,fósforos tres patitos tri campeones 222uni,"1.490,00"
309926,fósforos buenos días aniversario 400uni,"1.990,00"
287366,dispenser cooperativa para jabón liquido/detergente 1uni,"6.490,00"
294800,molde savarin antiadherente hudson 25cm,"18.375,00"
207017,pava de acero inoxidable carol 1.6l,"29.500,00"
279951,tenedores carol negro blister x3,"4.990,00"
272954,mate cooperativa con bombilla azul cooperación,"7.800,00"
312362,fósforos tres patitos tri campeones 400uni,"2.199,00"
278881,hermético easy find 1.2l,"9.610,00"
850293,repasador teka nobre colores varios,"2.793,00"
201083,hermético nuva mikonos redondo 200ml,"2.039,00"
225938,pilas duracell alcalinas aaa 4uni,"8.734,00"
274089,alguicida mak dab aguas blandas 1 l 1uni,"7.990,00"
232030,linterna led eveready 2d,"19.990,00"
280491,lámpara led ledvance 9w cálida,"2.459,00"
202524,rollo papel manteca frozen's 5m 5mts,"4.150,00"
225939,pilas duracell duralock alcalinas aaa 2uni,"5.030,00"
134705,hermético primer precio new clipper rectangular 3.9l,"7.192,00"
311795,sartén de acero con antiadherente 18x7cm,"10.990,00"
294805,molde budín y pan hudson 25cm,"13.440,00"
211723,fuente tramontina rectangular aluminio antiadherente 34cm,"44.200,00"
317597,cacerola aluminio antiadherente ilko con tapa 16cm,"31.189,00"
116000,pilas energizer max alcalinas aaa 4uni,"8.640,00"
295820,set x4 cuchillos de untar carol areia,"3.788,00"
256043,escarbadientes ideal bolsita 100uni,"1.490,00"
280921,hermético easy find 1.6 l,"10.223,00"
265360,copa barone vino vidrio 385ml,"4.690,00"
207080,pilas energizer max alcalinas aaa 2uni,"5.360,00"
201558,copa agua windsor 300ml,"3.390,00"
287370,tabla para picar cooperativa verde 21x30 cm,"5.990,00"
248178,hermético practi hogar rectangular 3l colores varios 3000cm3,"9.169,00"
287364,jarro mug cooperativa plástico 400ml colores varios,"1.729,00"
240153,lápiz corrector liquid paper mate mini,"5.571,00"
256200,bolsa para freezer cooperativa surtidas 28uni,"2.804,25"
248179,hermético practi hogar rectangular 5l colores varios 5000cm3,"13.500,00"
222440,hermético nuva rectangular 1.3l,"6.390,00"
267607,ecobolsa laminada ecoop 1uni,"1.615,00"
194842,jabonera con tapa,"2.290,00"
322550,canasto wave city 3.5l colores varios,"4.990,00"
315287,portarrollo plástico colores varios,"3.990,00"
272498,hermético de plástico cooperativa rectangular 785ml,"4.850,00"
276416,hermético practi hogar uno cuadrado 2.35l colores varios,"5.346,00"
310596,escarbadientes glow barrilito 100uni,"1.449,00"
287368,tabla para picar cooperativa roja 21x30 cm,"5.990,00"
974374,pizzera plástica primer precio colores varios,"9.850,00"
288578,escurridor de vajilla nuva,"14.990,00"
208878,molde para torta ilko estañado desmontable 26cm,"17.669,00"
208943,rallador ilko estañado 4 usos,"8.726,00"
267206,rollo papel aluminio primer precio 25 m 25mts,"14.500,00"
826383,tostador enlozado jovifel,"12.900,00"
186672,film adherente primer precio 30 m 30mts,"4.567,50"
202520,bolsas para freezer frozen's chicas 20uni,"2.617,50"
219681,bolsas para horno frozen's 10uni,"3.990,00"
322549,canasto wave city 7l colores varios,"6.500,00"
207113,cloro granulado mak 60/g disolución rápida 1uni,"15.843,00"
282348,lámpara led ledvance antimosquitos 8w,"8.990,00"
275257,lámpara led ledvance 7w cálida,"2.249,00"
258313,alimento para gatos primer precio pollo y pescado 500grs,"1.990,00"
993816,adhesivo vinílico pegalba blister x2 30grs,"2.050,00"
304960,porta cepillo dental cooperativa 1uni,"1.949,00"
278782,lápiz negro bic evolution x4,"2.350,00"
171591,set geométrico maped 3 piezas twist flex colores varios,"5.990,00"
225326,mini boya mak 450 1uni,"3.335,00"
818798,pilas duracell duralock alcalinas d x2 2uni,"11.138,00"
316515,rallador hexagonal hudson inoxidable 20 cm,"12.589,00"
202522,bolsas para freezer frozen's grandes 8uni,"2.962,50"
304959,jabonera cooperativa plástica 1uni,"1.890,00"
272227,mate de plástico click con tapa colores varios,"4.499,00"
272958,mate cooperativa con bombilla violeta solidaridad,"7.800,00"
299560,termo stanley clásico 1.4 l rosa,"149.990,00"
318350,caja organizadora ou maxi 40 l gris,"26.769,00"
107658,prolongador alargue neutro 10 mts,"33.990,00"
993786,adhesivo sintético pegalba blister x2 30grs,"2.750,00"
201072,hermético nuva mikonos 1l,"3.699,00"
206992,pack primer precio 15 bolsas/60 separadores para freezer 1uni,"4.492,50"
466396,repasador cooperativa toalla colores surtidos,"2.793,00"
269986,set 2 espátulas ilko silicona,"9.349,00"
320644,tabla de cortar s 30 cm,"20.910,00"
208932,set de 4 moldes tarteletas ilko 12cm,"7.269,00"
288316,kit escolar bic 3 bolígrafos + 1 resaltador,"3.599,00"
315301,contenedor 1 l tapa pastel colores varios,"4.725,00"
276418,set de 3 herméticos practi hogar 2350+630+300ml,"9.709,00"
253288,marcadores paper mate sylvapen fino,"5.667,00"
288510,tijera maped essential pulse simétrica 13cm,"1.680,00"
276976,maceta beruplast decoradas n°18 modelos varios,"7.248,00"
930865,hermético nuva rectangular 450ml,"3.703,00"
321658,marcador permanente sharpie fino negro x2,"5.889,00"
266522,hormiguicida hormix talquera en polvo 250grs 1uni,"8.605,00"
207470,pilas energizer max alcalinas medianas c 2uni,"12.500,00"
282352,lápices grafito maped black peps navy hb x3,"1.050,00"
316054,cinta correctora paper mate 6 m,"3.744,00"
321657,marcador permanente sharpie twin tip doble punta negro x1,"4.440,00"
233703,tabla para picar plástica 26x20cm,"5.818,00"
818828,batería duracell alcalina 9v 1uni,"7.776,00"
310610,escuadra 210-45 grados,"990,00"
316135,bolígrafo bic gelocity stick color azul,"1.699,00"
263127,tijera maped essential soft,"2.670,00"
316052,marcador permanente sharpie ultra fino negro,"3.350,00"
219827,bolígrafos bic cristal surtidos x4,"3.599,00"
829773,cuaderno avon 84 hojas cuadriculado,"4.990,00"
310765,kit bic fashion con marcador,"4.999,00"
288317,kit escolar bic 2 bolígrafos+3 grafitos+1 sacapuntas goma,"7.565,00"
287372,tabla para picar cooperativa azul 21x30 cm,"6.350,00"
247894,alimento para perros primer precio adultos sabor carne 3kgs,"5.890,00"
291573,alimento para gatos raza pescado con prebióticos 500grs,"2.100,00"
311486,bocaditos blandos raza perros adultos y cachorros carne 65grs,"1.500,00"
184531,ecobolsa ecoop termica azul 1uni,"16.500,00"
282351,regla maped twist & pulse 20cm colores varios,"1.075,00"
294404,lápices de colores maped strong 3.2mm x12,"2.990,00"
288315,kit escolar bic completo,"11.885,00"
294397,adhesivo maped con glitter 10.5ml x 9,"13.190,00"
199721,bolígrafos paper mate kilométrico colores x4,"2.858,00"
184738,repuesto escolar cooperativa n°3 480 hojas rayadas,"20.990,00"
247895,alimento para perros primer precio adultos sabor carne 1.5kgs,"2.490,00"
293014,lámpara led ledvance 30w fría,"10.395,00"
122398,ecobolsa ecoop friselina valores 48x40cm 1uni,"750,00"
266629,mata babosas y caracoles babosil grhesa cebo 200grs,"5.500,00"
271982,hermético practi hogar uno cuadrado 930ml colores varios,"3.769,00"
310306,cubetera plástica diseño flores colores varios,"3.990,00"
233921,vasos caroline,"11.990,00"
974730,tabla para picar primer precio 25.4x35.3cm,"9.890,00"
268162,barre hojas primer precio plastico sin cabo,"4.390,00"
171600,plastilina en barras,"2.060,00"
288294,témperas alba magic pastel x5,"2.250,00"
199727,marcador permanente sharpie fino negro,"3.599,00"
310566,marcadores filgo permanente 040 fino x4,"6.254,00"
310617,marcadores maped x10 jungle pastel,"7.000,00"
321646,bolígrafo sharpie gel 0.7mm negro x2,"9.350,00"
316785,alimento para perro dog chow adueltos minis y pequeños 8kgs,"35.269,00"
278263,alimento para gatos raza pescado reducido en calorías 1kgs,"4.550,00"
185754,marcadores sylvapen finos x12,"7.801,00"
206994,rollo papel manteca primer precio 5 m 5mts,"5.690,00"
263021,adhesivo vinílico elmer´s 37ml,"1.724,00"
262970,repuesto el nene color n°3 x6 hojas,"2.499,00"
274922,adhesivo vinílico elmers 118ml,"4.231,00"
321670,pegamento líquido transparente elmers 147ml,"4.583,00"
315905,témperas maped color peps colores varios x12,"5.190,00"
197496,repuesto escolar cooperativa n°3 96 hojas rayadas,"5.490,00"
321667,adhesivo en barra elmers all purpose x4,"6.700,00"
310523,acuarela alba en blister 12 colores con pincel,"8.490,00"
316049,bolígrafo retráctil sharpie tinta gel azul x2,"9.350,00"
310634,repuesto húsares 288 hojas n°3 rayadas,"14.990,00"
236179,ecolápices faber castell grafito 1205 max,"2.950,00"
818780,pilas duracell duralock alcalinas c 2uni,"9.802,00"
271980,hermético practi hogar uno cuadrado 630ml colores varios,"2.905,00"
930873,hermético nuva rectangular 1l,"4.487,00"
203568,film adherente frozen's 15 m 15mts,"4.012,50"
930911,hermético nuva rectangular 4.9l,"12.990,00"
284468,correa pet retractil colores varios,"9.499,00"
262971,repuesto el nene dibujo color n°5 x6 hojas,"3.150,00"
316783,alimento para perros dog chow adultos minis y pequeños 1.5kgs,"7.740,00"
310586,acuarelas filgo pinto x8 colores,"1.861,00"
171934,resaltador bic brite liner amarillo,"2.239,00"
294491,adhesivo elmers en barra 6 gr,"2.560,00"
225356,lápiz grafito paper mate hexagonal con goma x3,"2.648,00"
185275,crayones maped colorpeps wax,"2.960,00"
294490,lápices paper mate grafito 2hb x4,"3.149,00"
274927,pegamento glitter elmers violeta 177 ml,"7.553,00"
274928,pegamento glitter elmers rosa 177 ml,"7.553,00"
310635,repuesto husares 480 hojas n°3 rayadas,"23.900,00"
141969,alimento para aves la egipciana bird food mijo 400grs,"1.449,00"
299705,escurridor coopertativa extensible colores varios,"9.490,00"
311487,bocaditos blandos raza perros adultos y cachorros pollo 65grs,"1.500,00"
141966,alimento para aves la egipciana bird food alpiste 400grs,"2.690,00"
279535,cargador de pilas energizer mini + 2 pilas aa 1uni,"28.990,00"
315897,lápiz grafito pastel hb2 con goma x3,"1.899,00"
258545,alimento para perros primer precio adultos carne premium 1.5kgs,"5.229,00"
248176,hermético practi hogar rectangular 1.8l colores varios 1800cm3,"7.549,00"
316139,set escolar infantil bic,"10.300,00"
226527,lápices de colores bic largos x24 + 2 grafitos,"11.700,00"
316134,bolígrafo bic gelocity stick color negro,"1.699,00"
288727,bolígrafos paper mate inkjoy colores,"2.911,00"
315899,témpera maped color peps blanco nieve 200ml,"3.770,00"
159750,plastilina en barras maped color peps colores varios,"4.320,00"
288738,boligrafos paper mate punta de fieltro 0.7 mm colores,"7.616,00"
269213,resaltadores sharpie finos surtidos,"7.652,00"
321669,adhesivo en barra elmers bloostick azul disappearing x4,"7.770,00"
316053,resaltadores sharpie flúo xl x4,"9.499,00"
321649,bolígrafo sharpie rollerball 0.5mm negro x2,"10.069,00"
321651,marcadores paper mate flair bold colores pastel x6,"10.707,00"
316050,marcadores paper mate flair aromas colores x6,"12.250,00"
207462,pilas energizer max alcalinas grandes d 2uni,"14.990,00"
276975,maceta beruplast deco n°12 modelos varios,"4.659,00"
280715,prolongador enrollacable coop 10 mts 4 tomas azul,"54.990,00"
291616,flanera 8.5x6cm colores varios,"1.699,00"
288618,folios rivadavia escolar n°3 x10 1uni,"2.200,00"
222441,hermético nuva rectangular 2.4l,"8.890,00"
833924,minas faber castell 0.5 hb 1uni,"4.315,00"
278679,témperas maped color peps surtidas x12,"3.890,00"
225364,lápices de colores sylvapen +3 lapices grafito,"4.869,00"
313846,alimento para gatos gati carne y pollo 500grs,"3.040,00"
171935,resaltador bic brite liner verde,"2.239,00"
265362,copa barone champag 190ml,"4.990,00"
272502,hermético de plástico cooperativa rectangular 280ml,"3.290,00"
293007,plafón led bellalux redondo luz fría 12w,"12.740,00"
280393,alimento para perros purina dog chow adultos cena de pavo 100grs,"1.750,00"
269207,bolígrafos paper mate retráctil fun colores varios,"3.871,00"
212778,bandeja primer precio para porcion de pizza,"2.750,00"
294399,lápices de colores maped pastel x12,"6.650,00"
320829,cubetera con contenedor colores varios,"8.350,00"
315900,témpera maped color peps negro oscuro 200ml,"3.770,00"
315896,lápices de colores maped color peps infinity x12,"4.310,00"
288734,crayones paper mate jumbo redondos gruesos,"4.599,00"
288749,resaltador sharpie s.note colores varios,"5.154,00"
321650,marcador paper mate flair ultra fino colores varios x3,"6.145,00"
449239,block congreso emblocado oficio 80 hojas rayado,"6.500,00"
316152,block maratón a4 80 hojas rayadas,"7.199,00"
274926,pegamento glitter elmers azul 177 ml,"7.553,00"
294387,resaltador maped pastrel x 4,"7.750,00"
310622,resaltador x4 pastel glitter,"13.990,00"
288747,marcadores sharpie punta fina surtidos,"19.990,00"
290656,caja para herramientas sao leopoldo 16'' reforzada c/gavetero,"21.989,00"
262964,repuesto rivadavia extra blanco n°3 rayado 480 hojas,"39.990,00"
233202,escarbadientes copetín palillero 50uni,"1.290,00"
278264,alimento para perros raza adultos reducido en calorías 3kgs,"9.240,00"
272499,hermético de plástico cooperativa rectangular 2l,"6.750,00"
203567,rollo papel aluminio frozen's 5m 5mts,"4.890,00"
299704,vaso con sorbete cooperativa colores varios,"2.690,00"
221538,bolígrafos bic shimmers colores varios x4,"2.990,00"
171936,resaltador bic brite liner rosa,"2.239,00"
129475,bolígrafos bic negro opaco 1mm,"3.219,00"
974331,exprimidor con jarra primer precio colores varios,"3.990,00"
171588,set de geometría maped 3 piezas,"1.750,00"
316189,abrochadora olami n°10 colores varios pastel+broches,"5.029,00"
321665,marcador permanente sharpie portraits fino x5,"12.153,00"
276326,palitos para brochettes iberia 25uni,"2.390,00"
220492,sacacorcho ilko con mango plástico,"3.744,00"
199792,bolígrafos paper mate kilométrico surtidos,"2.750,00"
199794,bolígrafos paper mate retráctil surtido,"2.973,00"
294309,bolígrafo roller gel borrable filgo borrax se 0.7mm azul,"3.940,00"
309686,alimento para perros dog chow adulto alta proteina 2.7kgs,"14.580,00"
292228,set matero tereré ideas,"9.371,00"
224723,batería energizer alcalina 9v 1uni,"9.948,00"
316788,alimento para perros dog chow adultos medianos y grandes 15kgs,"58.789,00"
221232,repuesto termo lumilagro c.e.d. 1 l 1uni,"12.990,00"
310639,repuesto rivadavia 480 hojas n°3 rayadas,"29.990,00"
508546,cucharas tramontina ipanema negro x3,"5.725,60"
290687,copa vidrio prestige degustación 600ml,"6.199,00"
308851,cuaderno premium metal colores varios,"11.490,00"
288488,lápices de colores faber castell color metálico,"15.100,00"
272952,mate cooperativa con bombilla amarillo honestidad,"7.800,00"
297716,repuesto rivadavia clásico n°3 192 hojas cuadriculadas,"15.000,00"
294401,marcadores maped ocean x6 surtidos,"2.650,00"
269988,tostador ilko mango de plástico,"7.488,00"
199520,plastipinturitas maped x12,"7.720,00"
293013,lámpara led ledvance 20w fría,"8.490,00"
310618,marcador x12 color'peps monster,"8.990,00"
294672,hermético rubbermaid easy find rectangular 2l colores varios,"15.525,00"
261014,conservadora mor azul 26 l,"39.999,00"
106647,compotera primer precio cosmos colores varios,"795,00"
282892,ecobolsa ecoop botella modelo copas 1uni,"799,00"
271978,vaso de plastico uno 360ml colores varios,"1.197,00"
294689,palitos para brochettes iberia 100uni,"1.650,00"
294393,goma maped croc croc puzzle colores varios,"2.490,00"
202521,bolsas para freezer frozen's medianas 15uni,"2.617,50"
199503,compas maped kids plastico,"2.690,00"
294388,tijera maped security 13 cm colores varios,"2.700,00"
291619,molde para ravioles,"3.250,00"
171586,tijera maped koopy 13cm,"3.350,00"
294389,sacapuntas maped croccroc easy,"3.483,00"
288507,regla maped twist & flex decorada 20 cm colores varios,"3.499,00"
292238,vaso con tapa color pastel,"3.639,00"
993727,témperas alba magic surtidas x10,"3.690,00"
219614,pilas eveready comunes carbón extra duración d 2uni,"3.702,00"
310578,marcadores fligo marker 036 colores mute x6,"3.950,00"
316174,bolígrafo bic gelocity borrable azul,"3.990,00"
294391,goma maped zenoa colores varios,"4.450,00"
292226,set matero tereré tropical,"5.500,00"
129586,block avon borrador a4 21x29 80 hojas lisas,"5.690,00"
287705,espumadera ilko nylon basic,"5.719,00"
284942,caja organizadora sao leopoldo 16.7x19.5x4.5cm 9 divisiones,"6.050,00"
224925,bolígrafos faber castell trilux colores 032 medium,"6.490,00"
288741,marcador paper mate ultra fino flair colores surtidos,"6.499,00"
292215,set mate deluxe positive vibes,"6.500,00"
278658,perforadora maped metal essentials,"7.010,00"
295821,set x5 pinches copetín carol areia,"7.357,60"
279309,repuesto éxito margen reforzado a4 48 hojas rayadas,"7.499,00"
275116,cuaderno mooving spiderman 16x21cm tapa dura cosido 48 hojas,"8.899,00"
292227,set matero tereré momentos,"9.371,00"
294348,botella aluminio summer lila,"9.990,00"
299275,portalámpara ledvance pendulum vintage negro e27,"9.990,00"
199519,marcadores maped duo color peps x10,"10.500,00"
310561,lapiceras roller filgo gel pop colores x12,"10.990,00"
288745,marcadores sharpie fino permanente surtidos,"11.400,00"
310562,lapiceras roller filgo gel pop colores x12,"11.500,00"
282058,set mate big life deluxe letras,"11.706,00"
320171,jarra nadir ladrillo con tapa plástica 1.20 l,"11.890,00"
310458,carpeta escolar ppr 3x40 cute modelos varios,"12.282,00"
310460,carpeta escolar ppr 3x40 rock modelos varios,"12.282,00"
293006,plafón led bellalux redondo luz cálida 12w,"12.740,00"
292213,set mate ciudades verde pastel,"12.990,00"
316183,repuesto rivadavia clásico n°3 192 hojas rayadas,"12.990,00"
288257,set 4 tarteras ilko non stick 12cm,"13.519,00"
293009,plafón led bellalux redondo luz cálida 18w,"13.923,00"
293010,plafón led bellalux redondo luz fría 18w,"13.923,00"
291103,molde torta brinox bakeware antiadherente bordo,"14.500,00"
291104,molde torta brinox bakeware antiadherente gris,"14.500,00"
295777,tabla plegable carol tiza,"14.500,00"
282769,mate cimarrón criollo cerámica colores varios,"15.500,00"
290545,molde para tartera de silicona colores varios,"16.319,00"
281985,kit tereré metamate colores varios,"16.500,00"
189978,linterna led eveready one d con pila,"16.990,00"
295958,corta pizzas,"17.339,00"
288256,molde budín inglés ilko 30cm,"20.279,00"
291513,botella de agua cresko tritan con figura minnie 560 ml,"21.366,00"
294808,asadera rectangular hudson 37cm,"22.039,00"
308888,panquequera carol areia beige 22cm,"22.499,00"
288598,panquequera brinox masala 22x2 cm negro,"24.990,00"
288592,bifera grill brinox masala 24x3.5 cm terracota,"29.990,00"
288601,sartén brinox masala aluminio 24cm terracota,"29.990,00"
207013,fertilizante sulfato de hierro bertinat 250grs,"8.009,00"
106956,fertilizante urea bertinat 250grs,"8.332,00"
292162,termo rubber keep 500ml colores varios,"33.999,00"
292163,termo ergo keep 500ml colores varios,"34.290,00"
288600,sartén brinox masala aluminio 24cm negro,"34.990,00"
299277,aplique ledvance dual cilíndrico negro,"34.990,00"
116638,tenedores tramontina dynamic madera,"35.192,00"
291092,sartén brinox maple antiadherente 1.5l 26.4cm gris,"36.990,00"
278183,cargador de pilas energizer maxi + 2 pilas aa 1uni,"38.990,00"
276460,cacerola de aluminio jovifel rivoli 18cm antiadherente bordó,"46.902,00"
276461,cacerola de aluminio jovifel rívoli 24cm antiadherente bordó,"49.140,00"
288602,wok brinox masala 3.55 l 28 cm negro,"49.990,00"
215179,wok aluminio antiadherente ilko 28cm,"51.084,00"
295198,termo acero inoxidable azul 750 ml,"57.412,00"
321666,marcador permanente sharpie portraits/core fino x24,"58.057,00"
291105,bateria de cocina brinox saffron 5 piezas color champagne,"145.500,00"
291106,batería de cocina brinox masala 7 piezas negro,"149.990,00"
293062,vaso plastico carol 300ml colores varios,"499,00"
292169,maquillaje argentina en crema dúo 4gr,"750,00"
852964,repasador blanco paris tres corazones colores varios,"1.813,00"
291228,botella plástica con pico 600ml colores varios,"1.850,00"
284469,correa + collar pet colores varios,"2.499,00"
311299,colador grande oval línea pastel colores varios,"3.499,00"
292174,vuvuzela telescópica 42cm de largo,"3.500,00"
292645,cuchara brinox asti para servir arroz,"6.599,00"
299655,yerbera orgon rectangular modelos varios,"9.179,00"
321653,marcadores paper mate flair bold colores surtidos x6,"12.895,00"
