"EAN","PRECIO"
"7791813828464","4.400,00"
"7795742084540","1.289,00"
"7793147000899","6.300,00"
"7501064198847","4.050,00"
"7793147001056","4.600,00"
"7792798007387","4.200,00"
"7793147571283","5.501,00"
"7792798013678","4.300,00"
"7622201703141","482,00"
"7792798014835","3.400,00"
"7792798013999","3.500,00"
"7790895067570","5.450,00"
"7793147009199","3.700,00"
"7792798010578","3.700,00"
"7790895000997","5.450,00"
"7791813888468","4.400,00"
"7791843008300","3.605,00"
"7790895001000","5.450,00"
"7793147570606","3.499,00"
"7790290101602","17.200,00"
"7622201735340","485,00"
"7799155000197","3.050,00"
"7792798009114","10.600,00"
"7792798003716","6.550,00"
"7792798014019","2.725,00"
"7792798015061","3.600,00"
"7792798014873","3.400,00"
"7791200200835","12.600,00"
"7792052066013","1.870,00"
"7792052181068","1.400,00"
"7792798010561","6.100,00"
"7799155000876","3.400,00"
"7793147573720","4.800,00"
"7790895650833","2.300,00"
"7622201703080","482,00"
"7799155000135","5.100,00"
"7792798007493","4.400,00"
"7790895000232","2.300,00"
"7807910037712","2.190,00"
"7792798013470","3.000,00"
"7622201735685","485,00"
"7793147570743","3.050,00"
"7791813444459","5.191,00"
"7799155000333","3.400,00"
"7793147571863","22.200,00"
"7792798013531","15.200,00"
"7793147571689","2.900,00"
"7790895003288","3.392,00"
"7793147574093","2.900,00"
"7792798012947","14.250,00"
"7798422520045","2.800,00"
"7798062547559","2.450,00"
"7622201705992","485,00"
"7790895003295","3.392,00"
"7790639002416","1.025,00"
"7793147009137","3.900,00"
"7792798002115","5.100,00"
"7622201703172","482,00"
"7791200200866","12.600,00"
"7622201702656","482,00"
"7793147573737","4.800,00"
"7840050009737","2.750,00"
"7622201703110","482,00"
"7798353194653","6.625,00"
"7622201705961","485,00"
"7790895650840","2.300,00"
"7790895643835","2.950,00"
"7622201702625","482,00"
"7793147118860","2.400,00"
"7622201735777","485,00"
"7791670027611","6.800,00"
"7793147118846","15.780,00"
"7790950147926","2.656,00"
"7791813333050","2.600,00"
"7793147000752","2.900,00"
"7799155000340","3.400,00"
"7791813434412","3.950,00"
"7622201733834","482,00"
"7798065734314","1.750,00"
"7790895003301","3.392,00"
"7790240042108","7.413,00"
"7790895640025","1.950,00"
"7798353194660","6.600,00"
"7793147571412","4.100,00"
"7790314080159","4.300,00"
"7622201682026","482,00"
"7790950000160","8.864,00"
"7622201735746","485,00"
"7790580129972","400,00"
"7791250003189","3.650,00"
"7790580129965","400,00"
"7799155000463","3.400,00"
"7792798007400","4.200,00"
"7792798005970","15.000,00"
"7792798001712","18.300,00"
"7793147570330","5.200,00"
"7793147574222","2.550,00"
"7791813434450","5.191,00"
"7791813828419","3.950,00"
"7791813555025","2.100,00"
"7790580129576","400,00"
"7792798002122","5.200,00"
"7790895064166","5.450,00"
"7793147001025","4.200,00"
"7790895641336","1.950,00"
"7791813421368","4.150,00"
"7622201745936","485,00"
"7799155001408","3.400,00"
"7790580143008","400,00"
"7791200200873","12.600,00"
"7790639003819","1.990,00"
"7790895001017","5.450,00"
"7792798013982","21.600,00"
"7791843009116","5.250,00"
"7792799000097","3.100,00"
"7802100003270","3.000,00"
"7798085681469","3.850,00"
"7798422620014","3.200,00"
"7794450000149","12.550,00"
"7791728248265","8.450,00"
"7790070760722","7.900,00"
"7790580129941","400,00"
"7790895003325","3.392,00"
"7793147571160","3.050,00"
"7790895006715","4.300,00"
"7790580129385","400,00"
"7792798010592","21.600,00"
"7794450088581","16.700,00"
"7798119220237","2.850,00"
"7795930000543","2.650,00"
"7792798013494","18.600,00"
"7799155000814","3.400,00"
"7790895006890","9.050,00"
"7790895012266","2.999,00"
"7791813421382","4.150,00"
"7791250001253","20.550,00"
"7792798014163","16.800,00"
"7791813423386","5.200,00"
"7791813080039","4.150,00"
"7799155000296","2.750,00"
"7791813423911","2.950,00"
"7790895649370","4.850,00"
"7790950133325","2.700,00"
"7791728247114","6.800,00"
"7791250001345","11.150,00"
"7793147574109","3.200,00"
"7792798002788","18.300,00"
"7794450090492","21.950,00"
"7798422620021","3.200,00"
"7793147572723","3.050,00"
"7790580143763","400,00"
"7790895647123","2.600,00"
"7790895000270","2.300,00"
"7791813423591","2.950,00"
"7790895004971","3.392,00"
"7790580141516","400,00"
"7790070760579","6.150,00"
"7790895010095","5.600,00"
"7790895648267","2.600,00"
"7791728001686","8.500,00"
"7790895006029","2.200,00"
"7791813444411","3.950,00"
"7790639003857","1.990,00"
"7792798010882","6.400,00"
"7792798001323","14.250,00"
"7792799000905","2.250,00"
"7792798002351","6.400,00"
"7798074864675","6.678,00"
"7790895643743","1.300,00"
"7790895643866","2.950,00"
"7790895012273","2.999,00"
"7791728247817","6.550,00"
"7792798002399","6.400,00"
"7790577001663","18.480,00"
"7790314003226","3.000,00"
"7792798002757","5.200,00"
"7798142741129","2.300,00"
"7795930000550","8.800,00"
"7790580144142","400,00"
"7791250002267","17.650,00"
"7790168904328","6.650,00"
"7791200200828","11.300,00"
"7790639003833","1.905,00"
"7791813888413","3.950,00"
"7790895647130","1.150,00"
"7799155000180","2.750,00"
"7790580143527","400,00"
"7798290580083","800,00"
"7790580143237","400,00"
"7790950128444","3.150,00"
"7790639003468","1.990,00"
"7791813555032","1.899,00"
"7792798014750","24.600,00"
"7791540047862","7.450,00"
"7792931000039","3.350,00"
"7790975204062","6.880,00"
"7794450000156","12.750,00"
"7790314005305","4.000,00"
"7791250001871","12.650,00"
"7799155000203","1.900,00"
"7790580129620","400,00"
"7790895006104","2.200,00"
"7792798015351","19.200,00"
"7799155000289","2.750,00"
"7799155000791","3.400,00"
"7792798014958","17.550,00"
"7790314063824","2.651,00"
"7792410523165","11.000,00"
"7790895012259","4.700,00"
"7790895643842","2.950,00"
"7790189021028","6.700,00"
"7790189001129","10.800,00"
"7790580142766","400,00"
"7790895640018","1.950,00"
"7790895003202","2.300,00"
"7798062540109","1.700,00"
"7791843008911","4.850,00"
"7792170110575","2.750,00"
"7791813828365","1.899,00"
"7798290580052","800,00"
"7791728239331","3.100,00"
"7790314063848","2.132,00"
"7622201746018","485,00"
"7799155000432","2.750,00"
"7790639003437","1.990,00"
"7792170042258","2.250,00"
"7790415127777","7.800,00"
"7790895007392","1.800,00"
"7798290580113","800,00"
"7792170110704","2.750,00"
"7891136057029","14.200,00"
"7790895647741","1.650,00"
"7791813222057","4.150,00"
"7790895010088","4.300,00"
"7790895005312","5.450,00"
"7799155001002","3.400,00"
"7791813828372","2.100,00"
"7791200200781","14.200,00"
"7798074865313","14.500,00"
"7792799000639","2.500,00"
"7793147573546","2.550,00"
"7792170052271","2.600,00"
"7790639003451","1.990,00"
"7799155001705","3.400,00"
"7790895642029","1.300,00"
"7790315058201","2.300,00"
"7792799000899","1.750,00"
"7790290001179","11.445,00"
"7791813777021","2.100,00"
"7791200200774","12.700,00"
"7790950135992","2.700,00"
"7793147572273","18.150,00"
"7790950133288","2.700,00"
"7790154008368","650,00"
"7792798002337","18.300,00"
"7791813421603","2.850,00"
"7792410532433","20.200,00"
"7790703204968","4.750,00"
"7790240041880","5.550,00"
"7798422620120","3.200,00"
"7798074865191","9.500,00"
"7791540053184","3.800,00"
"7791813800774","2.050,00"
"7798422620083","3.200,00"
"7790580141943","400,00"
"7791813421917","2.850,00"
"7793147572297","17.150,00"
"7790314080180","4.300,00"
"7793147571870","17.150,00"
"7790895640476","2.600,00"
"7790070760821","10.800,00"
"7793147570927","3.200,00"
"7790093132728","5.300,00"
"7791540049590","7.350,00"
"7790240094459","11.700,00"
"7792798015023","6.400,00"
"7799155000173","1.900,00"
"7790240128598","5.250,00"
"7797942007794","4.200,00"
"7792798013395","14.250,00"
"7790950141610","2.700,00"
"7790950133318","2.700,00"
"7790240042085","7.413,00"
"7790895640483","2.600,00"
"7790240041460","10.500,00"
"7790895007217","4.700,00"
"7790168904434","5.000,00"
"7622201717445","249,00"
"7794000792562","1.300,00"
"7792799000011","1.950,00"
"7798422620090","3.200,00"
"7793147570842","6.200,00"
"7790315000149","2.150,00"
"7790168904502","6.350,00"
"7798119220299","1.950,00"
"7792052180436","2.660,00"
"7793147573195","4.350,00"
"7792170052264","2.600,00"
"7790895648441","2.700,00"
"7790580005405","750,00"
"7792799000059","2.700,00"
"7790580105389","750,00"
"7798074864798","6.678,00"
"7790703205064","4.950,00"
"7798085681834","5.450,00"
"7792170110568","2.750,00"
"7790950133257","2.700,00"
"7792799000035","2.050,00"
"7622201717506","249,00"
"7790154008351","650,00"
"7792931000015","2.100,00"
"7799155000883","2.750,00"
"7790895643767","1.300,00"
"7791540053351","2.200,00"
"7798422330340","6.500,00"
"7790895647024","1.150,00"
"7793147570866","3.650,00"
"7798074864910","16.400,00"
"7790168904373","6.350,00"
"7790895641541","1.300,00"
"7799155001392","2.750,00"
"7792170042005","2.250,00"
"7792798002344","18.300,00"
"7790950130805","3.150,00"
"7790895640490","2.600,00"
"7799155001699","2.750,00"
"7790950128468","3.150,00"
"7790240128673","13.850,00"
"7790950133349","2.700,00"
"7793147571382","4.800,00"
"7790154008344","650,00"
"7794450002679","15.950,00"
"7792798001934","27.000,00"
"7790950131918","4.450,00"
"7793147572853","3.650,00"
"7797942007107","5.050,00"
"7640175740047","42.950,00"
"7798085681841","7.500,00"
"7791728244472","6.800,00"
"7790895006951","1.800,00"
"7792931000022","3.050,00"
"7790639002423","1.600,00"
"7798074864774","7.150,00"
"7791200200552","10.200,00"
"7791203003341","11.350,00"
"7792410532181","12.750,00"
"7790168904403","5.000,00"
"7622201717414","249,00"
"7790895647758","1.650,00"
"7790093521782","5.900,00"
"7790895006036","2.200,00"
"7790415128729","9.450,00"
"7790314009518","3.050,00"
"7790895651038","9.050,00"
"7792410532426","19.800,00"
"7790895012327","4.700,00"
"7791540049347","13.400,00"
"7790639003826","2.650,00"
"7792316001019","3.800,00"
"7792799000073","2.900,00"
"7790168903925","5.500,00"
"7798074865153","9.500,00"
"7791560527948","4.050,00"
"7792798010745","21.600,00"
"7790154008375","650,00"
"7792319972712","6.100,00"
"7790950139273","3.150,00"
"7790895648687","1.950,00"
"7790975206073","5.260,00"
"7792170110551","2.750,00"
"7791250001529","13.750,00"
"7795697431345","5.850,00"
"7790168903833","5.500,00"
"7791250000935","6.600,00"
"7797942007244","6.950,00"
"7791250001857","12.650,00"
"7793147574024","4.800,00"
"7798065730033","1.950,00"
"7790895648823","2.400,00"
"7790290008192","10.600,00"
"7799155000982","2.050,00"
"7798108834070","6.150,00"
"7790950003420","1.500,00"
"7792798008889","27.000,00"
"7791250801563","3.750,00"
"7798353194677","6.600,00"
"7610113024362","21.950,00"
"7790895646348","1.000,00"
"7802107000876","4.200,00"
"7790950133271","2.700,00"
"7622201717476","249,00"
"7790950133363","2.700,00"
"7790895012310","4.700,00"
"7791250002243","12.650,00"
"7790950133370","2.700,00"
"7790639003475","1.990,00"
"7790895641220","2.600,00"
"7791843008935","4.850,00"
"7793147572754","18.150,00"
"7791728247787","6.800,00"
"7791540044106","9.800,00"
"7793147573683","2.900,00"
"7798065734512","4.350,00"
"7790070651068","11.300,00"
"7793147572037","4.400,00"
"7791813050582","2.100,00"
"7790975204215","6.880,00"
"7792319972750","6.100,00"
"7790895641237","2.600,00"
"7797942006933","5.750,00"
"7791813434023","1.550,00"
"7790189042023","14.600,00"
"7798119220381","2.850,00"
"7792798001927","27.000,00"
"7798290581691","1.900,00"
"7790717152002","4.950,00"
"7790189021059","6.600,00"
"7792410523806","7.450,00"
"7793147573492","3.550,00"
"7790240042092","7.413,00"
"7791813405030","3.050,00"
"7790240017045","6.000,00"
"7792170042012","2.250,00"
"7798123970098","11.450,00"
"7798074864972","16.350,00"
"7791843023495","5.350,00"
"7790639003840","1.990,00"
"7791813403036","2.850,00"
"7791813434368","1.950,00"
"7790895648427","2.700,00"
"7790950202823","2.700,00"
"7794450000781","10.350,00"
"7791250003110","3.650,00"
"7790168904465","5.000,00"
"7790314079672","5.300,00"
"7791250003257","6.600,00"
"7790314079924","3.350,00"
"7793147571856","14.400,00"
"7792798003945","27.000,00"
"7791200000626","12.700,00"
"7792052099271","4.770,00"
"7790975198651","17.790,00"
"7790975204116","6.880,00"
"7791540044502","7.350,00"
"7790290000431","6.300,00"
"7792170052295","2.600,00"
"7610113025024","21.950,00"
"7790950142921","2.900,00"
"7791728247800","6.550,00"
"7790639003581","2.050,00"
"7792410779357","11.550,00"
"7799155000869","2.750,00"
"7790950133356","2.700,00"
"7790154008313","1.900,00"
"7312040017683","28.150,00"
"7798290580120","1.900,00"
"7790290101756","18.800,00"
"7798353195384","10.050,00"
"7790314079962","8.250,00"
"7791203000142","31.300,00"
"7791540044540","7.450,00"
"7790197120218","9.100,00"
"7792798013807","19.468,00"
"7790703205026","6.850,00"
"7790950000191","5.600,00"
"7790975198934","5.260,00"
"7790895007248","4.700,00"
"7790639003611","2.200,00"
"7798108833950","5.950,00"
"7790950133332","2.700,00"
"7793147573386","3.200,00"
"7791540053368","2.200,00"
"7798141877065","10.500,00"
"7798123970111","11.550,00"
"7792798014972","5.200,00"
"7798119220374","1.950,00"
"7792410779395","10.450,00"
"7790070760760","8.250,00"
"7792410008365","7.650,00"
"7790070760852","11.200,00"
"7790154008306","1.900,00"
"7791540044519","7.350,00"
"7791250003011","12.650,00"
"7790895004308","2.300,00"
"7790975198637","17.790,00"
"7792798015078","14.050,00"
"7792170042241","2.250,00"
"7792798015016","27.000,00"
"7790895647772","2.150,00"
"7790290101527","13.400,00"
"7790762754138","6.200,00"
"7790639003444","2.650,00"
"7795930000567","2.400,00"
"7791540053153","2.650,00"
"7791250003400","12.650,00"
"7793147570989","5.850,00"
"7793147572280","18.150,00"
"7791560991008","4.050,00"
"7790240002010","10.500,00"
"7798039599390","9.500,00"
"7790639003574","2.050,00"
"7790290101480","11.445,00"
"7791813333043","3.850,00"
"7790717153900","6.650,00"
"7798123971552","8.100,00"
"7791813403029","2.850,00"
"7791813333036","1.950,00"
"7790070760784","7.900,00"
"7799155000708","2.750,00"
"7790950001969","5.450,00"
"7798353194837","17.600,00"
"7791250003295","7.150,00"
"7790895649301","1.150,00"
"7799155000999","2.050,00"
"7790704167644","4.950,00"
"7790260002076","7.300,00"
"7792319971104","7.850,00"
"7790070760517","6.800,00"
"7791670026645","4.150,00"
"7792798010158","36.000,00"
"7790070760876","13.200,00"
"7798290580144","800,00"
"7790070760555","6.600,00"
"7790975204307","17.790,00"
"7792410515528","11.850,00"
"7798137222008","9.300,00"
"7791813402039","1.600,00"
"7793147572389","2.900,00"
"7790290101510","12.200,00"
"7790703205095","4.950,00"
"7790950134100","4.450,00"
"7791540048500","9.800,00"
"7792931001050","3.200,00"
"7797942007046","5.150,00"
"7798085681568","5.350,00"
"7798141877386","7.150,00"
"7790240094466","11.950,00"
"7790070760562","5.900,00"
"7797942007091","5.050,00"
"7798167920486","8.850,00"
"7790895648861","2.150,00"
"7798078238137","9.550,00"
"7790895012440","4.700,00"
"7794450024015","16.300,00"
"7790950136609","1.500,00"
"7798332150816","3.150,00"
"7791728021301","17.200,00"
"7790070764027","10.250,00"
"7794450002549","15.950,00"
"7793147572334","4.800,00"
"7790240095289","5.350,00"
"7798085682091","1.450,00"
"7792052091008","2.420,00"
"7791250001680","10.250,00"
"7790577039628","4.500,00"
"7793147572327","2.900,00"
"7796435005996","2.699,00"
"7798108834155","5.500,00"
"7798290580151","1.900,00"
"7790950144826","3.250,00"
"7790649000136","13.150,00"
"7798104769116","19.900,00"
"7790240092011","22.200,00"
"7791728247701","9.950,00"
"7798141877379","6.450,00"
"7790895648601","1.950,00"
"7790240041675","5.450,00"
"7790260012396","16.200,00"
"7791540054037","12.800,00"
"7790189021011","6.700,00"
"7790415127814","7.800,00"
"7797942006957","5.750,00"
"7793147572846","3.800,00"
"7792319972675","11.750,00"
"7790577003711","28.900,00"
"7791728247732","6.800,00"
"7791540047909","5.250,00"
"7793147572402","15.050,00"
"7790314057021","2.200,00"
"7790895650871","2.300,00"
"7792052091015","2.420,00"
"7798085681209","2.700,00"
"7790950202816","2.700,00"
"7793147572242","21.650,00"
"7798099591341","43.200,00"
"7791203003037","18.350,00"
"7791200000619","14.050,00"
"7791813000723","2.800,00"
"7793147571887","19.200,00"
"7793147570286","2.400,00"
"7798141877096","10.200,00"
"7791250003097","12.250,00"
"7790240041446","13.850,00"
"7790119010580","6.100,00"
"7791540045721","7.413,00"
"7791540047916","5.500,00"
"7791203003365","11.350,00"
"7799155000449","2.050,00"
"7790639003888","2.050,00"
"7891991304870","3.800,00"
"7798123970296","17.350,00"
"7790154008290","1.900,00"
"7790093095221","9.850,00"
"7790975206097","5.260,00"
"7790895011221","2.850,00"
"7791670026911","8.750,00"
"7798259439537","5.250,00"
"7790975198590","17.790,00"
"7790895649257","1.300,00"
"7797942007572","7.100,00"
"7798332150014","4.150,00"
"7790950134896","4.450,00"
"7798130466232","5.950,00"
"7790895650864","2.300,00"
"7790314054105","2.132,00"
"7792319972774","11.100,00"
"7794450090553","27.450,00"
"7796435005859","2.699,00"
"7790895011269","2.850,00"
"7795930002097","2.400,00"
"7790895650468","2.300,00"
"7794068000142","6.650,00"
"7798039599192","9.500,00"
"7790070760791","8.400,00"
"7790703205149","5.700,00"
"7798039590342","9.750,00"
"7798130466249","5.950,00"
"7791560991015","4.050,00"
"7791560527955","4.050,00"
"7791728247855","6.550,00"
"7791670027086","4.900,00"
"7790895645778","1.750,00"
"7798332150045","3.250,00"
"7790070764034","10.250,00"
"7790168075660","10.200,00"
"7791728247763","6.800,00"
"7798123970210","53.700,00"
"7798085681216","2.700,00"
"7798259430138","5.250,00"
"7790580154257","900,00"
"7790975198613","17.790,00"
"7790975206066","5.260,00"
"7792319972699","5.600,00"
"7791250801532","3.750,00"
"7790895011245","2.850,00"
"7790189043686","10.800,00"
"7790950134810","9.850,00"
"7790975204147","9.630,00"
"7798126080459","18.500,00"
"7790240098969","8.000,00"
"7790703205972","10.750,00"
"7790577046848","9.300,00"
"7790070760661","6.600,00"
"7798108834032","5.950,00"
"7790070760630","6.300,00"
"7790240025415","5.950,00"
"7791813402886","1.800,00"
"7790336030583","6.400,00"
"7790975017020","9.990,00"
"7793147572211","3.600,00"
"7798141874118","19.300,00"
"7792319971869","7.850,00"
"7790950140859","2.750,00"
"7790290101664","13.400,00"
"7790580154233","2.800,00"
"7802107000562","4.200,00"
"7790260013065","7.650,00"
"7792756000139","28.350,00"
"7797942007022","5.150,00"
"7790950134827","12.200,00"
"7790580154219","2.800,00"
"7790895011771","3.392,00"
"7790070764010","10.250,00"
"7798332150779","4.050,00"
"7798290580090","1.900,00"
"7790895649578","2.700,00"
"7790070760807","10.300,00"
"7791540049767","9.800,00"
"7798108834193","5.500,00"
"7798108834117","5.950,00"
"7790639003925","2.050,00"
"7792319972798","10.650,00"
"7790895011764","3.392,00"
"7792410533102","10.600,00"
"7798259430084","5.250,00"
"7791200200712","10.450,00"
"7798039599406","9.500,00"
"7790975017037","9.990,00"
"7791540053160","2.650,00"
"7790639003567","2.200,00"
"7798124020037","7.750,00"
"7798108834131","5.950,00"
"7798085681995","5.750,00"
"7791203003082","20.900,00"
"7790240940916","10.800,00"
"7799155001385","2.050,00"
"7791728019155","8.800,00"
"7792319000118","9.000,00"
"7790895645785","2.400,00"
"7790189000177","10.800,00"
"7797942006568","9.500,00"
"7790639003604","2.050,00"
"7792756221541","17.000,00"
"7798081661533","10.700,00"
"7794450000163","12.550,00"
"7791813405023","3.050,00"
"7798085681537","5.750,00"
"7790895007255","4.700,00"
"7790895643507","2.800,00"
"7790336033317","15.100,00"
"7790314057014","2.500,00"
"7793147572341","17.150,00"
"7798085681957","5.750,00"
"7791200200842","11.800,00"
"7791203003358","10.850,00"
"7802175001065","22.350,00"
"7798085681810","5.750,00"
"7792319972811","12.000,00"
"7790415128767","9.200,00"
"7790070760678","6.300,00"
"7790975204154","9.630,00"
"7790070760999","12.700,00"
"7790950133691","4.450,00"
"7790950003062","1.700,00"
"7791813405016","3.050,00"
"7798332150038","3.250,00"
"7797942008067","4.700,00"
"7798074864811","6.600,00"
"7793147572877","22.800,00"
"7797942007060","4.950,00"
"7791540044557","7.550,00"
"7791540054280","7.050,00"
"7798085681452","3.050,00"
"7798070290140","10.350,00"
"7790070760746","8.400,00"
"7790975198897","9.540,00"
"7790415128033","7.750,00"
"7799155001675","3.000,00"
"7790950146639","3.700,00"
"7790189743456","6.700,00"
"7790240107500","6.000,00"
"7790240041477","10.350,00"
"7794450090959","7.200,00"
"7798104410414","23.000,00"
"7790895650888","2.300,00"
"7790189021042","6.700,00"
"7794450941237","9.400,00"
"7790580154226","2.800,00"
"7799155001668","2.650,00"
"7790895643491","2.800,00"
"7798113557230","6.650,00"
"7790717152019","4.950,00"
"7790975001487","17.790,00"
"7791540049941","6.350,00"
"7798062545487","1.750,00"
"7794450941251","9.400,00"
"7790975198910","9.540,00"
"7798359120175","15.550,00"
"7790290101657","13.400,00"
"7798085682107","1.450,00"
"7790704167637","4.950,00"
"7791540049354","12.800,00"
"7790975204123","6.880,00"
"7790070650948","11.300,00"
"7790580154240","900,00"
"7794450024046","15.950,00"
"7790314000416","2.250,00"
"7791540047855","7.350,00"
"7790070760623","6.300,00"
"7798161722253","4.199,00"
"7798085681933","5.750,00"
"7790950134834","10.200,00"
"7790070760593","5.900,00"
"7793147570262","5.250,00"
"7796435006054","3.199,00"
"7797942007565","7.000,00"
"7790240128574","5.250,00"
"7798074865139","9.500,00"
"7790070651075","18.350,00"
"7790189043495","18.050,00"
"7790895646027","1.750,00"
"7791200200859","12.600,00"
"7798359120205","13.550,00"
"7798121941489","7.700,00"
"7792052090988","2.070,00"
"7797942007251","6.950,00"
"7798161722956","4.399,00"
"7790975001494","17.790,00"
"7798079374360","36.950,00"
"7792052072526","2.680,00"
"7790070764041","10.250,00"
"7790415132795","12.000,00"
"7798108834179","5.500,00"
"7790189021035","6.700,00"
"7798161722147","4.499,00"
"7796435007051","4.599,00"
"7798126080534","15.000,00"
"7790070760494","6.800,00"
"7791540999031","5.250,00"
"7791728001761","12.900,00"
"7798085681803","5.750,00"
"7790975198675","17.790,00"
"7791540999000","7.413,00"
"7790240940947","5.550,00"
"7798161722277","4.199,00"
"7798259439506","5.250,00"
"7798099590177","4.850,00"
"7790577002424","5.500,00"
"7791670028106","13.900,00"
"7798085681971","5.650,00"
"7790950610574","2.250,00"
"7798141877393","7.200,00"
"7792052072540","2.680,00"
"7798161722260","4.199,00"
"7796435006894","4.599,00"
"7796435006863","4.599,00"
"7790070760524","6.800,00"
"7792052072533","2.680,00"
"7797942006544","9.000,00"
"7791540054266","7.050,00"
"7790240072792","11.100,00"
"7790975198859","9.540,00"
"7798324540038","2.250,00"
"7790975000022","9.630,00"
"7798259439605","1.700,00"
"7796435006047","2.699,00"
"7796435006870","4.599,00"
"7790975198712","20.530,00"
"7798161722819","3.999,00"
"7790290101787","13.400,00"
"7790975198699","20.530,00"
"7790070760487","6.800,00"
"7790704870223","5.250,00"
"7794450000804","10.350,00"
"7790070760500","6.800,00"
"7798108833691","5.700,00"
"7796435007013","4.599,00"
"7790417903058","8.650,00"
"7790975000046","9.630,00"
"7790417002188","11.500,00"
"7790240941258","5.400,00"
"7790240019636","11.550,00"
"7790240020052","11.550,00"
"7790070760920","18.000,00"
"7790975000039","9.630,00"
"7798290582551","800,00"
"7796435006900","4.599,00"
"7798290581868","800,00"
"7798332150151","4.200,00"
"7796435007044","4.599,00"
"7798161723434","4.199,00"
"7790950610581","2.250,00"
"7790189042030","14.600,00"
"7798324540106","2.600,00"
"7796435006887","4.599,00"
"7790580154264","900,00"
"7790950144819","11.100,00"
"7798161723427","4.199,00"
"7798161723540","2.599,00"
"7798161723519","3.999,00"
"7796435005958","2.699,00"
"7790070336026","1.479,00"
"7790272001029","6.643,00"
"7790040143364","2.850,00"
"7790580146115","1.029,00"
"7793704000911","2.772,00"
"7790040932005","2.675,00"
"7790060023684","6.200,00"
"7790040144095","2.906,00"
"7622201761288","1.050,00"
"7622201735906","2.100,00"
"7622201740399","1.050,00"
"7790040147720","3.350,00"
"7622201735296","2.248,00"
"7622201735258","6.125,00"
"7622201735883","5.696,00"
"7790040143234","2.420,00"
"7792540250450","1.502,00"
"7798174970016","1.258,00"
"7798141972371","999,00"
"7790070336118","1.479,00"
"7790040137837","1.200,00"
"7792052170765","1.399,00"
"7798316700808","3.508,00"
"7790199000013","1.000,00"
"7790040143944","877,00"
"7798078450126","1.099,00"
"7793704000928","5.000,00"
"7790123001109","749,00"
"7792052998529","960,00"
"7794000006072","2.786,00"
"7790040139893","850,00"
"7790040132689","1.350,00"
"7791120031557","1.790,00"
"7790040143524","3.999,00"
"7790070336149","1.479,00"
"7790040143517","1.350,00"
"7790040144088","2.078,00"
"7792052170789","4.750,00"
"7790040139916","850,00"
"7792052170758","1.399,00"
"7798141971084","773,00"
"7790040137844","3.050,00"
"7792052170819","4.530,00"
"7790040143937","877,00"
"7792350067019","649,00"
"7792180001665","6.146,00"
"7790040146389","1.150,00"
"7790150006351","12.883,00"
"7790070562180","1.944,00"
"7622300829728","1.500,00"
"7798141970384","773,00"
"7790387015447","5.900,00"
"7790387015324","2.650,00"
"7790040133266","1.650,00"
"7790040139930","1.300,00"
"7790070336385","1.479,00"
"7790040139909","850,00"
"7790040139091","4.250,00"
"7790580567903","1.450,00"
"7790580131364","5.850,00"
"7622201736033","2.000,00"
"7798141970346","773,00"
"7790040139923","1.300,00"
"7790387015317","5.250,00"
"7896045114856","17.700,00"
"7790040143807","1.250,00"
"7798141970360","773,00"
"7622201745561","3.750,00"
"7790070336316","1.824,00"
"7790070012050","3.950,00"
"7896019209106","7.500,00"
"7790070318343","1.479,00"
"7790040143920","2.400,00"
"7790070336293","1.824,00"
"7790580138738","1.552,00"
"7790040143227","1.900,00"
"7793670000052","2.173,00"
"7790580138868","1.174,00"
"7797394001555","5.400,00"
"7790040143265","2.800,00"
"7790580131357","5.850,00"
"7790199000020","1.350,00"
"7794000008557","2.725,00"
"7790040133471","4.150,00"
"7790040377806","1.900,00"
"7795735000328","1.339,00"
"7792052064569","1.400,00"
"7790040143241","1.100,00"
"7790040146877","800,00"
"7790150079904","5.700,00"
"7791866001364","3.050,00"
"7790040132955","4.250,00"
"7790710334535","2.600,00"
"7896019209182","11.700,00"
"7790040142992","2.400,00"
"7791787100924","2.150,00"
"7896045114917","17.700,00"
"7790070509123","1.549,00"
"7790070336576","3.400,00"
"7792052170826","4.530,00"
"7790070335937","2.250,00"
"7792180004567","2.100,00"
"7790360720115","1.277,00"
"7622300742645","1.450,00"
"7790040139015","2.950,00"
"7790040143784","1.200,00"
"7790040003569","1.600,00"
"7792590000159","900,00"
"7790040133242","1.600,00"
"7898024395867","5.400,00"
"7622201745905","5.450,00"
"7790040932104","900,00"
"7790040136243","4.150,00"
"7790040139183","800,00"
"7792900000428","1.415,00"
"7622210691835","2.950,00"
"7790070336217","1.824,00"
"7790040133235","1.650,00"
"7622201735319","2.400,00"
"7794000006478","1.638,00"
"7730241003661","7.300,00"
"7790040143654","1.218,00"
"7790070317698","1.000,00"
"7790070431486","1.850,00"
"7798141970353","773,00"
"7622202038099","2.800,00"
"7790072001014","1.503,00"
"7790040139169","850,00"
"7791120098093","2.500,00"
"7792200000128","1.350,00"
"7790040143531","1.700,00"
"7790045001188","2.600,00"
"7790040003606","1.600,00"
"7790407031273","7.851,00"
"7792052999014","2.060,00"
"7622201735821","3.350,00"
"7790380023432","2.000,00"
"7792180001641","4.050,00"
"7790040613706","1.176,00"
"7790070336309","1.824,00"
"7795735000335","1.339,00"
"7792052174985","2.890,00"
"7792052170772","4.530,00"
"7792052999281","1.380,00"
"7790070432964","3.675,00"
"7792052178631","2.250,00"
"7791100000481","1.650,00"
"7792052174886","1.750,00"
"7790580132422","1.950,00"
"7792590001064","1.550,00"
"7790150211939","1.740,00"
"7792180134516","1.850,00"
"7792052999144","20.000,00"
"7790040145337","1.200,00"
"7791866004211","1.087,00"
"7792052180993","2.240,00"
"7798095171363","11.042,00"
"7613036069724","24.150,00"
"7794000007109","2.786,00"
"7791866000381","1.729,00"
"7790411001521","2.450,00"
"7790272001005","4.200,00"
"7798128000691","3.650,00"
"7798343751521","3.600,00"
"7790070562258","1.000,00"
"7790070562265","1.500,00"
"7790387013504","3.450,00"
"7792052065658","1.080,00"
"7792180004871","1.450,00"
"7790150100462","8.300,00"
"7790040139176","850,00"
"7622201745547","4.750,00"
"7794000006065","1.650,00"
"7790070336477","1.150,00"
"7793890258806","2.600,00"
"7792052999298","1.380,00"
"7791620187693","1.400,00"
"7790040143005","2.100,00"
"7790070431509","2.150,00"
"7622201753061","3.100,00"
"7791620187730","1.750,00"
"7790580149963","1.650,00"
"7790170902008","13.100,00"
"7792052181341","5.470,00"
"7790070433091","3.207,00"
"7792180140708","1.850,00"
"7792052180559","6.030,00"
"7790070431493","1.000,00"
"7790070317742","1.000,00"
"7891000345528","1.800,00"
"7798316700815","5.724,00"
"7790070336552","3.400,00"
"7790040127944","1.750,00"
"7790387015607","4.800,00"
"7790070433176","3.599,00"
"7790070432438","1.204,00"
"7790387800142","1.981,00"
"7790077000326","1.050,00"
"7791866001203","1.558,00"
"7896045114863","10.300,00"
"7790070335678","1.150,00"
"7790387800050","1.400,00"
"7790150037072","22.650,00"
"7790710334580","2.600,00"
"7792590000227","1.300,00"
"7794000008540","2.725,00"
"7798423800019","4.050,00"
"7792052093132","2.320,00"
"7790070336460","1.150,00"
"7797394001104","2.900,00"
"7790550022234","14.500,00"
"7790040142985","2.400,00"
"7790139101138","1.550,00"
"7790070508805","1.250,00"
"7792052999328","1.380,00"
"7798141970407","773,00"
"7790070432858","5.050,00"
"7790040144125","3.100,00"
"7790070433169","1.950,00"
"7790040143777","1.200,00"
"7793890258769","3.235,00"
"7790580147242","1.800,00"
"7792052170802","1.399,00"
"7794000006188","2.400,00"
"7792052090704","2.250,00"
"7790580132163","3.040,00"
"7790040143500","4.650,00"
"7790070318350","2.500,00"
"7797394001371","5.000,00"
"7798200050019","2.450,00"
"7790580567101","1.750,00"
"7792052177344","5.480,00"
"7792200000319","1.350,00"
"7790387013627","2.850,00"
"7790070336071","1.400,00"
"7790070433114","1.350,00"
"7793890258783","5.518,00"
"7793890258776","3.529,00"
"7790070335944","2.250,00"
"7790045824893","3.350,00"
"7793450000159","1.700,00"
"7793890258752","4.715,00"
"7792052998956","1.520,00"
"7792052093743","2.810,00"
"7622210795625","1.750,00"
"7891000248799","2.500,00"
"7891000108819","16.250,00"
"7790360720382","1.277,00"
"7798262020012","1.890,00"
"7793890261493","5.425,00"
"7793890261486","5.425,00"
"7790387800197","3.050,00"
"7792052180832","2.650,00"
"7798141970421","773,00"
"7790045000907","1.150,00"
"7622201806552","2.248,00"
"7790070431431","2.200,00"
"7790070507273","2.300,00"
"7790369000997","1.850,00"
"7790580149970","1.650,00"
"7793360131516","3.793,00"
"7790070318619","1.824,00"
"7790070336361","1.479,00"
"7622201745585","5.100,00"
"7790150211908","900,00"
"7792052999335","1.380,00"
"7792052180542","2.300,00"
"7790139003173","1.700,00"
"7622201745981","2.100,00"
"7791787000040","3.300,00"
"7790070322074","4.350,00"
"7791120098895","1.300,00"
"7791620187709","1.500,00"
"7790070433152","1.550,00"
"7790070335968","2.250,00"
"7790070318855","1.500,00"
"7792052180962","2.140,00"
"7790480090006","1.200,00"
"7791120098109","2.500,00"
"7622201106034","950,00"
"7792052174640","4.450,00"
"7791866000510","2.200,00"
"7790070335975","2.250,00"
"7792170555536","3.400,00"
"7790040139770","1.350,00"
"7798151952332","4.750,00"
"7792360094968","5.650,00"
"7798095172049","7.850,00"
"7798343751507","3.600,00"
"7790170903937","5.700,00"
"7790199000051","1.700,00"
"7790150006320","6.850,00"
"7790150101476","8.500,00"
"7791620187716","1.550,00"
"7891000392775","8.650,00"
"7792180141941","2.550,00"
"7622201503963","3.200,00"
"7790070336453","1.150,00"
"7798126072331","600,00"
"7790070432490","1.230,00"
"7790411001514","4.400,00"
"7794529042360","1.350,00"
"7791866001357","6.000,00"
"7790070432476","1.204,00"
"7790071090231","1.750,00"
"7798333090067","2.050,00"
"7790580142995","10.850,00"
"7790130000058","1.800,00"
"7622201464882","1.600,00"
"7790070336545","3.400,00"
"7790070317674","1.000,00"
"7896045114887","10.300,00"
"7792052177368","5.480,00"
"7790040132962","1.600,00"
"7797330004725","1.500,00"
"7791866000558","850,00"
"7792900000138","1.583,00"
"7798126072249","600,00"
"7798343751514","3.600,00"
"7790070318398","1.479,00"
"7792052180917","10.220,00"
"7790150830468","4.563,00"
"7790070432971","4.446,00"
"7790070231871","14.100,00"
"7891000421420","14.850,00"
"7790150610305","2.050,00"
"7790070431516","1.150,00"
"7794000006058","5.750,00"
"7622201818654","2.600,00"
"7791866000664","3.500,00"
"7793890258639","2.550,00"
"7891000421451","14.850,00"
"7792052086196","3.800,00"
"7622300742584","7.600,00"
"7790040143555","4.050,00"
"7792052074797","2.200,00"
"7793360131530","4.855,00"
"7790040143739","3.400,00"
"7790538009516","1.850,00"
"7790040117143","5.698,00"
"7790580133184","1.300,00"
"7792170555505","2.100,00"
"7793450000128","1.700,00"
"7792052999304","2.470,00"
"7791866001197","1.000,00"
"7790070509048","2.550,00"
"7622300742713","1.800,00"
"7790150100783","6.500,00"
"7792360096818","2.400,00"
"7790070336057","2.000,00"
"7794906000242","1.700,00"
"7807910043065","4.560,00"
"7793670000632","2.250,00"
"7790040136090","1.600,00"
"7622300457303","2.004,00"
"7790310987094","2.100,00"
"7790070413116","1.250,00"
"7792180137258","2.250,00"
"7790070432513","1.230,00"
"7792900092683","1.332,00"
"7792180141095","2.000,00"
"7797234000144","700,00"
"7792052180696","2.540,00"
"7791620187686","850,00"
"7792052065757","4.760,00"
"7790480008261","2.800,00"
"7790230033031","2.850,00"
"7790070336200","1.824,00"
"7792052180979","2.500,00"
"7622300742935","4.600,00"
"7792180136671","2.450,00"
"7790150565735","1.900,00"
"7792900092676","1.332,00"
"7790580105013","7.900,00"
"7790150564844","1.000,00"
"7790040136250","1.500,00"
"7792052181358","1.600,00"
"7790040144033","3.150,00"
"7891000421093","14.850,00"
"7790580150341","1.650,00"
"7792360096825","2.400,00"
"7793890260885","8.023,00"
"7790170901957","3.550,00"
"7792052998987","1.700,00"
"7790387015645","4.800,00"
"7791620187723","749,00"
"7792052175456","2.690,00"
"7798126070948","1.000,00"
"7790040146143","1.450,00"
"7790040143012","2.850,00"
"7790310983256","3.500,00"
"7790040613607","1.176,00"
"7790490998309","5.100,00"
"7792052999311","2.130,00"
"7790045001195","2.250,00"
"7790150540336","2.800,00"
"7790077000135","5.450,00"
"7792052174954","2.200,00"
"7790310985236","2.300,00"
"7790550011290","5.450,00"
"7790147546976","1.700,00"
"7790045001607","2.000,00"
"7790070418203","1.600,00"
"7790550000164","14.174,00"
"7790411001941","4.050,00"
"7790580153922","7.500,00"
"7500810034491","2.000,00"
"7790580132392","1.250,00"
"7891000337271","6.150,00"
"7798126072287","1.000,00"
"7797330100649","1.500,00"
"7792052090872","4.920,00"
"7798113153012","1.200,00"
"7790411001958","2.300,00"
"7790580650919","950,00"
"7790580109882","10.050,00"
"7794000007468","3.987,00"
"7790387015621","4.800,00"
"7794000006164","4.350,00"
"7791866000480","1.900,00"
"7790070320155","2.500,00"
"7790170901971","6.650,00"
"7790040143647","1.200,00"
"7896004009155","5.650,00"
"7792052072939","1.410,00"
"7791120098116","2.550,00"
"7792900613017","2.500,00"
"7790580138721","2.237,00"
"7891000434239","14.850,00"
"7792710000106","4.800,00"
"7791866001579","5.150,00"
"7790040135765","2.250,00"
"7794000008052","1.750,00"
"7790045825395","2.750,00"
"7790580346515","1.400,00"
"7790580124557","2.400,00"
"7790070433312","1.250,00"
"7790580716707","1.650,00"
"7792222041055","868,00"
"7790070318374","1.500,00"
"7790070418418","2.000,00"
"7791324157046","1.700,00"
"7798079230048","7.850,00"
"7790070336675","3.350,00"
"7792052075169","2.300,00"
"7790580132224","3.309,00"
"7790387013610","5.200,00"
"7792180007315","2.100,00"
"7794000008533","2.725,00"
"7792052177481","5.350,00"
"7791324157527","1.700,00"
"7798061190312","14.150,00"
"7794000006485","2.950,00"
"7790070320100","5.450,00"
"7622202219337","2.850,00"
"7794906000181","3.800,00"
"7790387015638","4.800,00"
"7790490998231","2.954,00"
"7798187211854","2.400,00"
"7790070509055","4.950,00"
"7896004009162","5.650,00"
"7798141972807","1.200,00"
"7791120021558","3.400,00"
"7792052093750","3.220,00"
"7790580152246","1.600,00"
"7791120102769","1.400,00"
"7792390620748","5.450,00"
"7793704000881","3.450,00"
"7792052180900","6.650,00"
"7793890258646","6.850,00"
"7790070507280","4.350,00"
"7790480090013","2.300,00"
"7798128000677","3.650,00"
"7798181641510","40.650,00"
"7790580607210","1.450,00"
"7622201806538","6.125,00"
"7798126072317","600,00"
"7790040135741","2.250,00"
"7792052065962","1.280,00"
"7798126072805","1.700,00"
"7622201818715","7.100,00"
"7790580602000","1.050,00"
"7798078731102","16.100,00"
"7622201385255","1.500,00"
"7798343751019","1.700,00"
"7622300759490","8.350,00"
"7790045001591","2.950,00"
"7793890258998","4.450,00"
"7794940000796","5.856,00"
"7797234000373","650,00"
"7792052174893","2.780,00"
"7797234000090","1.200,00"
"7791324157534","1.700,00"
"7792052086189","1.550,00"
"7798187211885","2.400,00"
"7793360000157","1.400,00"
"7790150160725","3.750,00"
"7790310983270","3.500,00"
"7622201492465","2.650,00"
"7797234000397","650,00"
"7792052090742","2.000,00"
"7792052181372","3.690,00"
"7792180004512","1.150,00"
"7794940000536","2.750,00"
"7791324156926","1.550,00"
"7891000427613","14.850,00"
"7791324157633","1.700,00"
"7792052174527","4.120,00"
"7790369007811","1.850,00"
"7790045001133","1.700,00"
"7790199604273","1.900,00"
"7798343750999","1.700,00"
"7790070433183","1.950,00"
"7792180139320","1.050,00"
"7792052073899","2.670,00"
"7613036961448","16.250,00"
"7798333090135","2.050,00"
"7794940000758","3.500,00"
"7790070322081","4.100,00"
"7792360002062","13.700,00"
"7622300202859","1.350,00"
"7790150570371","2.600,00"
"7790070320001","2.850,00"
"7790070433190","3.599,00"
"7798128002145","2.600,00"
"7790580607418","1.500,00"
"7622201504007","3.200,00"
"7793046008415","2.550,00"
"7790150150252","13.650,00"
"7790150211953","3.450,00"
"7790480089734","2.250,00"
"7793323004789","1.600,00"
"7613036961004","16.250,00"
"7791324157466","1.700,00"
"7891000391068","8.300,00"
"7790150830444","2.400,00"
"7790150430392","850,00"
"7792360094319","5.400,00"
"7790077000067","1.900,00"
"7790580134518","1.300,00"
"7790387800135","1.200,00"
"7798130951783","950,00"
"7792052181679","3.890,00"
"7797234000328","550,00"
"7792390620823","5.450,00"
"7790070433282","2.800,00"
"7891079012208","2.150,00"
"7790360964526","1.250,00"
"7793890258851","3.350,00"
"7790310985588","10.000,00"
"7794000007987","1.500,00"
"7790070418456","2.000,00"
"7793360131547","3.793,00"
"7613035379213","16.150,00"
"7790150100486","9.050,00"
"7896045111701","10.900,00"
"7792900092805","650,00"
"7792052175418","1.950,00"
"7792052090889","12.200,00"
"7790070335982","4.500,00"
"7797234000366","600,00"
"7891000368572","5.350,00"
"7790070318671","2.850,00"
"7891079012444","2.200,00"
"7798126071273","1.000,00"
"7790070336637","3.350,00"
"7790070336224","4.500,00"
"7790387013498","6.700,00"
"7798128002138","2.600,00"
"7896004009179","5.650,00"
"7792052075145","2.590,00"
"7790580151690","1.600,00"
"7792710006436","2.550,00"
"7793360131561","4.855,00"
"7790710334641","2.600,00"
"7790742436207","3.550,00"
"7790150330166","1.650,00"
"7790070507358","6.400,00"
"7794520868969","1.650,00"
"7891079012215","2.200,00"
"7622201818739","7.100,00"
"7790580151713","1.600,00"
"7807910040897","10.550,00"
"7792052999342","1.380,00"
"7792052174909","2.780,00"
"7793890260892","9.300,00"
"7792052175012","4.370,00"
"7797330100663","1.500,00"
"7790170904507","8.200,00"
"7790580123437","3.040,00"
"7790045827740","4.750,00"
"7791120037566","1.250,00"
"7793890258875","3.350,00"
"7896004009186","2.750,00"
"7790742436504","8.600,00"
"7791866000572","1.700,00"
"7792052072847","1.060,00"
"7790070411952","1.400,00"
"7790645001199","2.400,00"
"7790150160657","5.400,00"
"7798151953384","1.300,00"
"7790071070318","2.350,00"
"7790150100806","5.200,00"
"7790580118617","1.600,00"
"7792052073875","2.670,00"
"7622201818579","2.600,00"
"7790070432995","3.675,00"
"7798360810133","800,00"
"7792052178259","9.020,00"
"7792052181754","6.060,00"
"7790369007903","1.850,00"
"7790150460474","2.050,00"
"7791100000214","2.050,00"
"7790310985465","5.176,00"
"7792200000777","1.350,00"
"7896045111688","9.300,00"
"7622300759506","1.450,00"
"7798079230611","7.900,00"
"7790040659605","1.950,00"
"7790070432988","3.675,00"
"7790580130565","16.900,00"
"7790710003332","2.600,00"
"7898024397151","12.000,00"
"7792360002130","13.700,00"
"7798151953117","4.000,00"
"7791620187273","450,00"
"7790310985267","2.300,00"
"7790040124530","2.050,00"
"7792052090896","6.300,00"
"7790070336651","3.350,00"
"7790070433015","2.150,00"
"7790070317452","5.450,00"
"7792170555512","3.400,00"
"7622201819736","1.372,00"
"7798181511004","3.650,00"
"7798165590230","8.400,00"
"7500810034484","2.000,00"
"7790072002080","1.750,00"
"7798151953346","4.050,00"
"7792540293754","2.600,00"
"7790070418227","8.900,00"
"7790407031013","6.050,00"
"7790150555446","1.600,00"
"7790538009615","1.750,00"
"7790538009578","1.850,00"
"7792052074759","2.500,00"
"7500810034477","3.150,00"
"7793890259070","3.750,00"
"7790550000157","7.200,00"
"7790070509109","2.300,00"
"7798061190183","18.650,00"
"7790310985656","5.500,00"
"7790580124960","1.450,00"
"7790070433329","2.400,00"
"7792052180689","2.540,00"
"7790580152222","1.600,00"
"7794000007451","2.350,00"
"7791620187235","500,00"
"7798343751040","1.750,00"
"7798128410117","4.100,00"
"7790150434437","1.550,00"
"7798146139229","6.100,00"
"7790071090422","1.750,00"
"7792052175517","1.050,00"
"7791476034011","2.550,00"
"7792052072878","1.500,00"
"7792052066044","1.700,00"
"7790045001201","4.300,00"
"7794529042353","1.350,00"
"7791120031656","1.200,00"
"7792900092911","2.050,00"
"7790580103743","14.050,00"
"7793360123474","1.800,00"
"7792052177313","1.450,00"
"7793323024879","3.350,00"
"7790070418401","3.200,00"
"7790150470350","1.200,00"
"7790580124397","11.350,00"
"7792390620700","5.450,00"
"7622202241567","2.200,00"
"7798187211267","3.750,00"
"7790550029493","12.050,00"
"7798126072355","600,00"
"7798142880026","2.300,00"
"7790070320025","1.824,00"
"7790040116610","900,00"
"7792052065665","1.110,00"
"7790580133160","1.400,00"
"7891000345443","1.800,00"
"7790150434888","1.550,00"
"7790580152109","1.650,00"
"7790070432933","5.350,00"
"7790070509017","3.450,00"
"7790310985571","9.150,00"
"7798151952356","3.600,00"
"7797234000755","600,00"
"7790070418463","3.400,00"
"7798126070931","1.000,00"
"7798128000684","3.650,00"
"7791120102868","2.500,00"
"7790580697303","1.650,00"
"7792900990613","1.300,00"
"7790580143718","6.000,00"
"7790580152215","1.600,00"
"7622201705299","1.450,00"
"7793890261233","5.050,00"
"7790150570180","1.450,00"
"7790199603528","799,00"
"7792900093246","1.750,00"
"7792052174961","2.890,00"
"7798126072294","600,00"
"7798343751071","1.900,00"
"7791866003283","2.650,00"
"7790045001584","1.600,00"
"7790070433008","3.675,00"
"7794000007086","5.750,00"
"7790387014136","5.850,00"
"7891000379073","2.500,00"
"7797394001265","1.100,00"
"7790503199082","1.800,00"
"7622300844943","5.700,00"
"7792052181662","4.970,00"
"7792052091138","2.550,00"
"7791120099762","2.950,00"
"7794940000765","6.100,00"
"7790070320018","1.824,00"
"7792052074780","4.450,00"
"7792052998932","2.150,00"
"7793704000508","3.250,00"
"7790490998064","4.300,00"
"7790070336583","4.650,00"
"7891000426937","9.500,00"
"7798360810034","1.000,00"
"7798061190596","14.150,00"
"7792052174923","2.200,00"
"7790480008254","1.600,00"
"7792390620786","5.450,00"
"7790580119126","12.300,00"
"7891000379028","2.500,00"
"7790070431578","4.400,00"
"7792590001156","1.550,00"
"7792052175463","2.420,00"
"7798360810072","1.200,00"
"7792900990927","2.500,00"
"7790070432865","5.250,00"
"7790150433430","1.350,00"
"7792052075152","2.150,00"
"7794000007093","1.650,00"
"7794000006362","2.900,00"
"7798187211861","2.400,00"
"7790490998101","8.600,00"
"7790070413130","1.250,00"
"7798181510847","2.250,00"
"7613032619237","3.850,00"
"7797234000311","750,00"
"7798181511011","3.950,00"
"7790272008387","18.150,00"
"7798165590636","16.800,00"
"7792360097617","5.900,00"
"7790040143692","3.400,00"
"7798360810058","1.250,00"
"7790070318312","2.500,00"
"7798187211847","2.500,00"
"7790369007828","1.850,00"
"7622202296291","2.000,00"
"7790150438305","1.550,00"
"7790070320032","1.824,00"
"7790070337214","4.000,00"
"7798079230628","2.600,00"
"7790580133177","1.400,00"
"7790150465332","1.250,00"
"7792052181020","3.680,00"
"7797234000717","600,00"
"7790580252908","2.200,00"
"7793360131400","3.800,00"
"7798126073109","600,00"
"7790070433251","3.050,00"
"7794529042087","1.650,00"
"7790070335616","2.350,00"
"7792052175524","1.050,00"
"7793360000140","1.200,00"
"7790369007835","1.850,00"
"7790580103361","2.400,00"
"7790071090125","1.750,00"
"7798181641527","40.650,00"
"7798171730026","1.850,00"
"7790710334757","2.500,00"
"7790170904798","6.100,00"
"7793890259001","5.200,00"
"7792052181365","2.180,00"
"7790580153656","6.050,00"
"7793890261523","10.000,00"
"7790070431745","4.350,00"
"7790070509062","2.500,00"
"7791100000450","5.200,00"
"7622201807405","7.100,00"
"7790170903692","10.250,00"
"7790150490334","1.100,00"
"7891962060460","2.700,00"
"7790070433244","4.300,00"
"7792052090735","2.410,00"
"7793704000744","1.150,00"
"7798181510267","2.400,00"
"7622202373046","2.250,00"
"7790480089697","1.850,00"
"7790150355084","1.750,00"
"7792280006270","1.700,00"
"7790040142503","2.150,00"
"7792052175029","3.200,00"
"7790380023401","1.950,00"
"7622300724283","1.150,00"
"7798128410070","1.900,00"
"7790580152147","1.550,00"
"7794529041639","2.050,00"
"7798078450393","950,00"
"7790070431905","1.400,00"
"7793890261196","6.300,00"
"7793706000193","2.450,00"
"7790580116965","800,00"
"7791004000839","1.503,00"
"7793750009784","2.350,00"
"7792052091121","2.550,00"
"7794000005822","2.650,00"
"7797234000342","950,00"
"7798128410087","2.350,00"
"7790070417978","1.200,00"
"7792052086165","2.780,00"
"7790150110188","8.500,00"
"7896004004969","5.600,00"
"7790310984444","5.000,00"
"7790170903609","10.250,00"
"7793890262407","8.500,00"
"7792052086141","2.640,00"
"7792052180955","1.300,00"
"7792052175531","1.050,00"
"7790580111755","2.350,00"
"7792052088541","4.480,00"
"7790130000263","1.100,00"
"7790580123642","4.000,00"
"7791004000099","2.650,00"
"7798360810096","1.200,00"
"7622201819668","1.386,00"
"7790040375000","2.000,00"
"7798333090043","2.050,00"
"7790150556368","1.750,00"
"7790580119065","11.050,00"
"7790580147266","2.000,00"
"7792052181334","2.710,00"
"7790387015614","4.800,00"
"7790580151737","1.600,00"
"7790580135454","2.600,00"
"7798095171813","7.550,00"
"7792052181747","4.220,00"
"7790580150457","1.750,00"
"7798088960264","8.200,00"
"7798181510786","2.750,00"
"7790071010123","1.800,00"
"7790580128043","1.650,00"
"7794000005815","2.650,00"
"7790580152093","2.000,00"
"7790150250150","2.100,00"
"7790070432940","5.450,00"
"7792170555499","2.150,00"
"7790580122287","5.400,00"
"7793323024886","3.350,00"
"7790070337108","2.150,00"
"7792360094524","2.050,00"
"7794940000772","10.678,00"
"7622210828606","3.450,00"
"7622300742621","7.000,00"
"7793890259025","4.450,00"
"7790045826231","5.600,00"
"7793360131554","3.793,00"
"7794529041660","2.600,00"
"7792180132710","2.250,00"
"7790070432889","4.950,00"
"7792180134509","2.350,00"
"7807910040880","10.550,00"
"7622202271267","950,00"
"7891000377598","5.350,00"
"7790360965202","2.200,00"
"7790150406953","1.900,00"
"7792710000182","2.300,00"
"7622300990152","11.950,00"
"7793323004017","9.800,00"
"7794940000857","3.800,00"
"7622300424084","11.000,00"
"7792052094054","5.200,00"
"7790580120092","1.450,00"
"7790580132453","1.450,00"
"7794000008014","1.700,00"
"7790040129764","3.200,00"
"7792180005113","2.200,00"
"7791568000719","1.400,00"
"7790150161227","5.100,00"
"7790070418265","8.900,00"
"7792052175654","4.910,00"
"7790070410795","2.850,00"
"7792052086158","2.640,00"
"7794000008519","3.250,00"
"7798187760130","2.450,00"
"7794000007802","2.800,00"
"7794000008595","1.700,00"
"7891962064048","4.200,00"
"7793450000142","2.850,00"
"7790150080801","9.700,00"
"7793890259100","3.200,00"
"7790070336644","3.350,00"
"7793433000688","3.000,00"
"7790070417879","1.600,00"
"7792129004542","5.000,00"
"7807910040873","10.550,00"
"7790310985526","3.500,00"
"7622201819620","1.386,00"
"7790150437803","1.550,00"
"7790150433652","1.350,00"
"7790070336590","3.400,00"
"7790538010291","4.500,00"
"7622202247286","950,00"
"7792052177627","1.410,00"
"7792052088565","6.800,00"
"7790199602927","2.800,00"
"7790147548093","7.910,00"
"7795254526408","1.499,00"
"7795254526439","1.799,00"
"7798092352048","2.258,00"
"7790147548086","4.500,00"
"7797942000771","999,00"
"7795254526422","2.499,00"
"7798092353120","8.900,00"
"7798143355509","2.999,00"
"7792052072809","2.650,00"
"7795254526477","1.599,00"
"7790147548062","2.330,00"
"7795254526460","1.499,00"
"7792052016643","2.699,00"
"7792052072816","5.000,00"
"7798165240883","5.999,00"
"7798143355486","2.299,00"
"7792052072830","2.790,00"
"7798143355943","3.999,00"
"7792052072823","5.050,00"
"7798143356032","4.999,00"
"7798151953223","3.299,00"
"7798151953230","3.299,00"
"7798143357251","7.999,00"
"7798195010050","1.199,00"
"7790670052500","7.450,00"
"7798143355462","2.499,00"
"7790147000522","1.999,00"
"7798092352543","2.600,00"
"7798143356971","7.999,00"
"7798004350025","8.999,00"
"7798143350573","1.699,00"
"7798143356605","6.999,00"
"7798143350627","1.499,00"
"7798143590115","1.199,00"
"7798010465577","4.599,00"
"7798067660031","2.699,00"
"7798092352055","4.950,00"
"7790147548079","2.600,00"
"7798096881193","7.780,29"
"7792052075046","3.360,00"
"7798294780038","2.599,00"
"7794136000203","5.999,00"
"7798125100301","6.299,00"
"7798143350603","1.299,00"
"7798143355752","2.499,00"
"7798143356988","7.999,00"
"7798143355530","2.499,00"
"7798151953407","3.299,00"
"7798205057938","3.999,00"
"7790767001220","4.299,00"
"7798143590085","1.199,00"
"7798143350429","8.299,00"
"7798143355479","2.999,00"
"7798143356025","3.999,00"
"7798196040247","3.499,00"
"7798404470255","1.104,99"
"7794136000449","6.599,00"
"7798143351044","6.999,00"
"7798143357909","1.499,00"
"7798196040292","4.499,00"
"7798143355455","1.999,00"
"7798096880981","3.599,00"
"7798143356469","2.499,00"
"7798160170413","7.399,00"
"7798205057921","3.999,00"
"7798125100325","5.299,00"
"7798143355967","4.299,00"
"7795254526484","2.899,00"
"7798205050151","2.299,00"
"7798143355714","2.999,00"
"7790767001206","5.999,00"
"7792934101054","3.299,00"
"7798195010098","1.499,00"
"7798143357923","5.299,00"
"7798092353731","4.200,00"
"7797942006315","2.399,00"
"7798196040261","3.299,00"
"7798160170116","2.499,00"
"7798143357749","2.271,07"
"7798143357947","5.299,00"
"7798195010401","8.299,00"
"7798143356537","2.499,00"
"7798015650046","3.499,00"
"7798196041053","4.299,00"
"7798143350849","18.999,00"
"7798143356995","7.999,00"
"7798143356490","4.699,00"
"7797128000014","3.899,00"
"7798143590306","1.899,00"
"7798015650770","3.999,00"
"7797942006230","3.899,00"
"7798143355745","2.899,00"
"7790767001237","7.999,00"
"7798143356131","5.899,00"
"7798196040728","3.799,00"
"7798294780120","2.499,00"
"7798391620053","5.499,00"
"7798205057952","3.999,00"
"7798205057945","3.999,00"
"7798205057969","3.999,00"
"7797942001020","5.499,00"
"7798143357312","4.899,00"
"7798096880554","6.299,00"
"7798142850715","1.990,00"
"7797942006308","3.899,00"
"7798142850623","1.990,00"
"7798195010388","3.499,00"
"7798143356483","3.699,00"
"7798143357930","5.299,00"
"7798089940050","3.442,55"
"7798096880578","6.299,00"
"7798143358012","3.226,67"
"7798160170420","7.399,00"
"7798160170444","7.599,00"
"7798195010104","4.499,00"
"7798089940012","3.199,00"
"7798015650787","3.299,00"
"7798096882381","7.399,00"
"7798143356100","3.499,00"
"7798143356728","1.499,00"
"7798175827081","4.299,00"
"7790767001190","3.499,00"
"7798175826046","3.999,00"
"7792052177603","4.899,00"
"7798205056481","3.299,00"
"7798195010210","3.899,00"
"7798175827906","4.299,00"
"7798064980040","7.799,00"
"7798205050564","2.499,00"
"7798143357992","6.917,17"
"7797942000863","3.999,00"
"7798143355776","2.699,00"
"7798196040803","3.699,00"
"7798143357008","8.299,00"
"7798195010319","4.499,00"
"7798205050441","4.499,00"
"7798196040735","3.799,00"
"7798015650374","6.399,00"
"7798196040797","3.699,00"
"7798143356506","6.299,00"
"7798196041039","3.999,00"
"7792934105021","3.199,00"
"7798205050113","3.699,00"
"7798015650763","4.299,00"
"7798205056474","4.899,00"
"7797942001723","4.499,00"
"7798175826022","6.299,00"
"7798096880530","6.399,00"
"7798196041046","3.199,00"
"7798205050939","4.299,00"
"7798196040810","2.699,00"
"7798015650756","3.799,00"
"7792934103676","3.299,00"
"7798196040780","3.899,00"
"7798015650220","3.299,00"
"7798015650107","2.599,00"
"7792934109036","4.999,00"
"7798205050953","5.041,67"
"7798175827029","3.899,00"
"7798205050120","4.499,00"
"7790742352002","1.982,00"
"7791337010413","1.200,00"
"7790742348302","1.982,00"
"7790742363107","2.570,00"
"7790742625304","3.758,00"
"7798085370080","3.400,00"
"7792052999137","2.270,00"
"7790742363008","2.570,00"
"7793940054006","4.599,00"
"7790742333605","2.874,00"
"7798338290479","1.590,00"
"7798338290028","2.550,00"
"7791337010017","4.344,00"
"7792052175609","2.270,00"
"7791337009998","2.842,00"
"7791337009660","2.960,00"
"7790742335609","2.786,00"
"7791337010420","1.200,00"
"7798338290035","2.550,00"
"7790787153664","3.497,00"
"7791058010662","2.550,00"
"7791337007253","6.865,00"
"7790742067005","4.300,00"
"7793913012996","2.400,00"
"7792052098069","1.770,00"
"7791337009684","1.790,00"
"7791337010307","1.200,00"
"7791337009677","2.960,00"
"7791337010314","1.200,00"
"7793913001822","2.400,00"
"7791337010215","4.350,00"
"7790070622044","2.448,00"
"7791337007819","1.844,00"
"7790787960668","4.600,00"
"7791337010208","1.200,00"
"7798018850184","1.000,00"
"7791337009981","2.842,00"
"7791337009943","1.928,00"
"7790742348005","1.982,00"
"7791337010000","4.344,00"
"7791337007260","2.500,00"
"7793940052002","2.750,00"
"7790787960514","3.500,00"
"7792052074957","3.320,00"
"7790742357205","1.250,00"
"7791337010260","1.200,00"
"7790742625205","4.522,00"
"7798338291070","1.690,00"
"7791337939813","3.027,00"
"7791337009820","3.027,00"
"7791337010727","1.200,00"
"7790398000272","3.816,00"
"7790742358509","2.874,00"
"7791664000668","4.877,00"
"7791337007802","1.844,00"
"7790742172105","4.750,00"
"7798338291087","1.690,00"
"7791337009691","1.790,00"
"7791337010475","4.350,00"
"7791337008564","2.350,00"
"7791620187860","2.668,00"
"7792052178822","3.980,00"
"7790787960422","690,00"
"7791337009776","6.300,00"
"7791664000330","1.700,00"
"7791337010147","3.100,00"
"7792052180023","1.890,00"
"7792052178594","3.280,00"
"7791337010376","4.350,00"
"7790070622013","2.155,00"
"7791337007246","2.600,00"
"7790742192103","1.750,00"
"7792052180078","2.220,00"
"7790742192301","1.750,00"
"7790787960521","3.500,00"
"7798338291056","1.550,00"
"7792052178815","2.300,00"
"7791337009974","3.100,00"
"7790813444469","1.050,00"
"7793890258288","3.950,00"
"7793890258264","3.950,00"
"7791337010192","1.850,00"
"7790244941919","1.900,00"
"7798018853192","750,00"
"7790742141606","3.200,00"
"7793913013689","1.900,00"
"7791337010437","1.200,00"
"7790742358400","2.874,00"
"7790742014122","7.200,00"
"7790236018353","3.700,00"
"7791664000071","2.050,00"
"7791337010093","3.700,00"
"7790742141903","2.750,00"
"7791337007345","2.600,00"
"7798344910286","2.500,00"
"7790742335807","2.874,00"
"7791337009967","3.700,00"
"7791337010338","1.850,00"
"7790147547430","1.290,00"
"7790742335302","2.786,00"
"7793913013993","3.750,00"
"7790070622006","2.448,00"
"7792052180054","2.240,00"
"7791337010185","1.850,00"
"7794820902721","2.200,00"
"7792052180085","2.220,00"
"7798018851211","800,00"
"7791337008243","6.300,00"
"7792052178570","3.280,00"
"7790147547447","1.250,00"
"7790398100088","4.400,00"
"7793890258271","3.950,00"
"7790522000048","1.950,00"
"7790787960408","690,00"
"7791337007185","3.027,00"
"7791337007918","5.600,00"
"7791337010444","2.750,00"
"7791337010321","1.850,00"
"7791337007864","2.600,00"
"7792052091237","3.360,00"
"7790398100071","2.400,00"
"7794820902790","1.400,00"
"7790742335401","2.786,00"
"7790742348203","1.982,00"
"7791337010512","5.100,00"
"7790742345707","4.450,00"
"7792052180030","2.510,00"
"7790070621962","2.159,00"
"7790742340306","4.950,00"
"7790070621863","4.050,00"
"7791337007611","2.900,00"
"7794820902967","5.700,00"
"7790787960552","3.500,00"
"7790787030132","2.850,00"
"7791337007628","2.900,00"
"7790070621894","4.050,00"
"7790070621870","4.050,00"
"7792052091282","2.510,00"
"7790742141309","3.150,00"
"7798027481096","2.550,00"
"7790742011701","3.350,00"
"7795711000113","1.950,00"
"7791337007932","5.600,00"
"7791620187822","2.000,00"
"7794820903186","3.450,00"
"7790787030125","5.300,00"
"7790070621856","4.050,00"
"7793913013535","1.100,00"
"7791337010505","5.100,00"
"7791337010482","5.600,00"
"7791337010604","4.900,00"
"7790742141101","4.947,00"
"7790742104304","9.350,00"
"7791337008199","2.150,00"
"7790742625106","3.050,00"
"7793913013450","2.150,00"
"7791337010451","3.200,00"
"7790070621955","2.155,00"
"7791869000234","2.450,00"
"7793913013474","2.150,00"
"7790236001768","4.200,00"
"7790070320940","3.100,00"
"7791337009424","1.844,00"
"7791337007208","4.400,00"
"7790742141705","4.703,00"
"7790522118088","1.600,00"
"7793913013559","1.100,00"
"7792052178433","2.840,00"
"7794820902806","1.400,00"
"7793913013528","1.100,00"
"7794820903230","1.200,00"
"7791337010536","4.250,00"
"7790787949083","4.850,00"
"7791337009387","3.300,00"
"7791337009356","3.300,00"
"7792052178471","3.280,00"
"7791664000224","3.700,00"
"7793913013573","3.300,00"
"7790360967824","3.600,00"
"7794820902257","4.000,00"
"7790742142009","3.500,00"
"7798290581899","2.600,00"
"7792052075053","4.260,00"
"7794820903223","1.200,00"
"7791337007949","5.600,00"
"7798136870545","2.750,00"
"7791337010499","5.600,00"
"7791337010635","4.150,00"
"7791337007956","5.600,00"
"7790070622082","4.050,00"
"7791337008625","6.650,00"
"7794820903612","3.600,00"
"7793913013771","2.000,00"
"7791337009622","5.750,00"
"7791337008588","3.350,00"
"7791337008571","2.350,00"
"7794820902899","5.350,00"
"7794820903711","3.650,00"
"7790742340900","4.950,00"
"7790787960651","2.350,00"
"7790070621849","4.050,00"
"7791337010598","4.900,00"
"7791869000609","2.450,00"
"7793913013566","1.100,00"
"7798060852723","8.550,00"
"7794820902264","4.000,00"
"7792052089807","2.510,00"
"7798136870859","3.350,00"
"7792052091299","1.780,00"
"7790742661067","3.000,00"
"7790742624109","3.250,00"
"7793913013986","3.750,00"
"7791664001252","2.500,00"
"7790742142207","6.900,00"
"7791337007192","3.027,00"
"7792052178457","3.100,00"
"7790522000062","2.000,00"
"7891000410066","1.378,59"
"7791337007666","4.050,00"
"7791337009639","5.750,00"
"7791337008212","850,00"
"7790070036025","5.750,00"
"7798338291315","4.200,00"
"7791664001269","2.500,00"
"7792052178587","3.280,00"
"7790742172204","1.700,00"
"7792052099387","3.700,00"
"7790787153671","4.100,00"
"7793913013818","2.000,00"
"7793913002423","1.900,00"
"7790070621825","5.895,00"
"7790787960446","1.650,00"
"7790787960927","1.700,00"
"7792052178563","3.100,00"
"7791337009790","1.844,00"
"7791218123997","3.700,00"
"7798136870682","3.350,00"
"7798338291346","3.050,00"
"7793913013603","3.300,00"
"7790787960453","1.650,00"
"7794820903056","4.150,00"
"7793913013757","2.000,00"
"7791337008403","5.300,00"
"7792052099394","3.700,00"
"7794820903605","4.650,00"
"7790742671653","4.100,00"
"7790787035007","1.700,00"
"7790742387806","4.300,00"
"7792052178440","2.960,00"
"7790787150632","9.600,00"
"7798338291353","3.050,00"
"7791218000052","2.100,00"
"7793913013238","2.000,00"
"7791337009400","5.950,00"
"7790742341600","4.850,00"
"7791337010581","4.900,00"
"7791337010574","4.900,00"
"7791337010291","2.750,00"
"7790742340108","4.950,00"
"7798136870613","3.350,00"
"7791218123805","2.200,00"
"7794820902837","2.700,00"
"7790787960378","950,00"
"7790522012188","2.300,00"
"7790787960934","3.900,00"
"7790742566027","1.150,00"
"7791218123980","3.300,00"
"7791218000021","1.900,00"
"7798136870675","3.350,00"
"7790070621818","8.000,00"
"7792052091022","3.570,00"
"7791337008236","850,00"
"7791337008410","2.050,00"
"7792052099370","5.710,00"
"7790360975195","3.800,00"
"7793890260915","7.100,00"
"7791337010659","2.850,00"
"7792052099400","3.700,00"
"7794820902714","4.100,00"
"7791337007901","5.600,00"
"7794820903247","1.750,00"
"7794820902707","4.100,00"
"7794820903308","4.950,00"
"7793913013597","3.300,00"
"7798334803208","4.200,00"
"7791218123799","2.200,00"
"7791664001313","1.550,00"
"7794820903254","1.750,00"
"7790360967794","5.050,00"
"7790070612106","3.250,00"
"7790070036155","5.750,00"
"7791664001337","5.150,00"
"7793913013696","2.400,00"
"7798136870620","3.350,00"
"7794820903049","4.150,00"
"7790522118033","5.000,00"
"7790522002509","2.550,00"
"7791337010673","4.250,00"
"7791218122617","2.700,00"
"7794820903629","1.200,00"
"7791218000144","2.200,00"
"7798136870743","3.350,00"
"7790787960347","1.700,00"
"7790174001370","5.050,00"
"7790606085343","1.950,00"
"7791337010628","4.150,00"
"7790742665027","3.000,00"
"7790070631176","3.000,00"
"7794820903483","1.800,00"
"7790606085428","2.450,00"
"7792052180047","3.130,00"
"7791337010703","6.541,67"
"7794820903490","1.800,00"
"7793890261905","4.000,00"
"7798290581905","4.150,00"
"7794820902905","5.350,00"
"7790742872654","1.700,00"
"7791337010611","4.150,00"
"7795711000076","3.650,00"
"7795711000069","5.150,00"
"7798136870583","2.750,00"
"7791337010642","2.850,00"
"7791337010680","4.250,00"
"7790522002875","5.650,00"
"7791218123003","3.600,00"
"7791218000076","2.600,00"
"7790787045211","3.000,00"
"7793913014075","1.600,00"
"7795711000120","2.000,00"
"7790742661333","3.000,00"
"7790522002882","5.550,00"
"7790606085336","1.900,00"
"7794820903209","4.550,00"
"7794820903216","4.550,00"
"7790606085411","2.500,00"
"7794820903636","1.200,00"
"7791218000137","2.800,00"
"7790742665010","3.000,00"
"7795711001189","3.400,00"
"7790787032419","900,00"
"7790606000254","2.550,00"
"7795711000151","3.150,00"
"7798136871603","3.450,00"
"7798136871597","3.450,00"
"7790787045204","3.000,00"
"7790787032402","900,00"
"7793913014044","2.500,00"
"7793344009206","2.850,00"
"7790250016182","2.396,00"
"7791290792043","11.150,00"
"7790132098459","1.377,00"
"7790250056881","2.800,00"
"7791070000696","1.150,00"
"7790990003220","15.269,00"
"7793344904013","2.850,00"
"7790250015543","4.750,00"
"7790250015536","4.300,00"
"7791070003222","1.250,00"
"7790250015871","6.350,00"
"7792052768979","2.560,00"
"7792052998796","2.520,00"
"7790990003039","4.624,00"
"7792052998741","2.110,00"
"7791290792838","13.350,00"
"7790250015840","7.200,00"
"7790520997623","6.882,00"
"7793344904228","5.600,00"
"7798238110204","950,00"
"7791290794221","4.276,00"
"7790250057086","3.200,00"
"7791290794054","2.550,00"
"7791290794115","4.150,00"
"7792052998789","5.340,00"
"7791290794085","3.650,00"
"7792052998727","4.320,00"
"7790520025869","5.050,00"
"7793344000517","4.000,00"
"7790990002834","12.350,00"
"7791290792791","15.650,00"
"7791828900186","2.850,00"
"7790520995285","4.713,00"
"7791290794092","3.650,00"
"7793344902057","1.700,00"
"7793344904990","4.000,00"
"7791290795587","2.350,00"
"7792052998758","3.520,00"
"7793344904143","2.700,00"
"7790990003787","4.250,00"
"7794440003440","1.050,00"
"7790250057765","1.955,00"
"7506339332643","15.024,00"
"7793253003791","3.500,00"
"7790250054962","2.449,00"
"7792052998819","1.960,00"
"7790520028747","6.000,00"
"7790520996961","6.000,00"
"7794218106854","950,00"
"7793253003517","4.300,00"
"7793344904150","3.550,00"
"7791290795600","2.350,00"
"7500435201285","15.024,00"
"7791290795495","11.150,00"
"7791290794238","2.500,00"
"7790990003138","4.624,00"
"7790520995551","4.950,00"
"7791290795518","13.350,00"
"7793253003715","1.900,00"
"7793253003838","3.500,00"
"7790990003022","3.200,00"
"7798184581554","550,00"
"7793253006716","5.500,00"
"7790990002988","12.450,00"
"7792052065450","1.160,00"
"7791828000046","2.550,00"
"7790520029089","2.550,00"
"7790117000200","5.200,00"
"7793253003654","4.300,00"
"7793253003722","3.550,00"
"7790520995315","4.713,00"
"7791828900377","2.950,00"
"7790520997654","5.606,00"
"7791290795501","13.350,00"
"7791290794108","2.550,00"
"7500435201292","8.900,00"
"7790990003411","4.624,00"
"7790990002827","15.269,00"
"7793344009237","5.850,00"
"7790520161055","6.975,00"
"7792052998802","6.180,00"
"7792459161021","1.100,00"
"7793253003586","4.300,00"
"7793253003807","3.500,00"
"7791290795624","2.350,00"
"7791130681384","6.300,00"
"7790990003046","7.400,00"
"7791290796638","3.700,00"
"7798184585019","1.900,00"
"7500435160070","15.024,00"
"7792459161007","1.250,00"
"7790520031433","4.713,00"
"7791070003215","1.750,00"
"7791290793781","4.650,00"
"7790520025395","7.300,00"
"7791290796478","8.050,00"
"7790520998262","3.900,00"
"7791290796409","13.350,00"
"7791290793675","14.400,00"
"7790250054344","2.250,00"
"7798238110891","2.250,00"
"7793253003555","4.300,00"
"7891150000971","8.900,00"
"7791290796454","11.350,00"
"7790520025845","5.050,00"
"7792052065436","1.790,00"
"7790773034014","700,00"
"7791130683760","4.200,00"
"7791290795648","4.000,00"
"7790117000033","6.500,00"
"7790520031426","4.713,00"
"7790520995308","4.713,00"
"7791290795143","3.050,00"
"7792052064187","1.360,00"
"7792052071956","2.700,00"
"7791290793378","4.276,00"
"7792052065870","900,00"
"7793253003739","7.150,00"
"7791290796751","4.000,00"
"7790520998187","3.900,00"
"7791290796706","5.050,00"
"7790520995568","4.950,00"
"7793253005467","2.200,00"
"7791290796447","11.350,00"
"7500435160001","15.024,00"
"7790990002810","4.350,00"
"7791290796485","11.150,00"
"7793253209537","1.600,00"
"7791130963350","4.200,00"
"7790520998903","4.150,00"
"7791290796591","11.900,00"
"7793253003487","4.300,00"
"7500435252942","5.900,00"
"7791070005103","5.400,00"
"7790990003190","4.600,00"
"7791290793385","2.500,00"
"7793253003500","2.500,00"
"7791290794160","2.950,00"
"7798238110884","2.250,00"
"7791290794955","3.300,00"
"7790520026187","1.850,00"
"7794440101702","2.700,00"
"7790117000231","8.100,00"
"7791290796416","13.350,00"
"7794321550209","3.450,00"
"7793253003753","3.600,00"
"7791070005615","3.250,00"
"7791130683845","6.150,00"
"7793344905003","8.000,00"
"7790520025715","6.950,00"
"7793253004774","2.400,00"
"7791290793804","3.650,00"
"7790520025753","10.200,00"
"7793253001186","2.550,00"
"7793253003463","4.300,00"
"7792052064194","2.550,00"
"7790520998934","5.150,00"
"7792052070461","1.800,00"
"7791130003643","7.500,00"
"7790520025722","15.900,00"
"7793253038526","1.850,00"
"7790520995360","5.950,00"
"7790520998279","3.900,00"
"7790520009500","9.300,00"
"7790520996978","6.000,00"
"7794218100241","950,00"
"7798184586351","1.700,00"
"7793253005153","4.600,00"
"7506195143834","8.900,00"
"7793253000523","4.450,00"
"7790520009746","10.100,00"
"7791053001153","1.450,00"
"7790250023845","2.800,00"
"7792052178853","2.080,00"
"7791070000078","2.350,00"
"7791290795112","3.050,00"
"7791130963374","4.200,00"
"7791290794078","6.200,00"
"7500435252935","5.900,00"
"7790520998255","3.900,00"
"7790520031570","3.900,00"
"7790520029096","2.950,00"
"7790520996947","4.200,00"
"7793253003647","2.500,00"
"7790520025777","10.200,00"
"7891150091986","8.900,00"
"7798059384044","750,00"
"7793253003784","4.250,00"
"7793253003241","3.850,00"
"7791290796683","3.250,00"
"7793253005481","8.550,00"
"7794440045921","3.050,00"
"7791290796423","13.350,00"
"7794440994205","5.200,00"
"7791290795662","4.000,00"
"7794321550216","4.900,00"
"7793253092276","1.600,00"
"7791290795655","4.000,00"
"7798184581103","1.950,00"
"7790520998927","9.250,00"
"7790990003121","3.200,00"
"7793253003401","4.450,00"
"7790520028945","1.950,00"
"7790250092438","1.800,00"
"7792052096966","3.570,00"
"7794297012039","5.800,00"
"7790520992574","5.850,00"
"7791130963299","2.950,00"
"7791290793682","4.600,00"
"7792052065887","920,00"
"7794321019201","1.750,00"
"7891150045460","8.900,00"
"7794321019218","2.550,00"
"7790117061294","3.300,00"
"7790990001509","10.000,00"
"7798184581066","1.950,00"
"7791290796645","3.700,00"
"7790520994356","10.100,00"
"7793253004781","4.550,00"
"7790990003381","5.800,00"
"7790520999436","4.500,00"
"7790520028877","6.000,00"
"7501058753458","3.250,00"
"7891150090460","8.900,00"
"7798131250380","1.100,00"
"7791130962025","3.850,00"
"7790520026194","1.850,00"
"7798059384518","650,00"
"7793253003821","3.500,00"
"7790520028648","4.250,00"
"7791290796669","2.100,00"
"7790520990013","5.250,00"
"7794440003341","950,00"
"7790520996497","4.850,00"
"7793253006594","4.300,00"
"7798238110310","3.650,00"
"7794218106120","2.100,00"
"7791130683791","4.200,00"
"7790520018656","3.800,00"
"7790520031556","12.200,00"
"7790520996473","4.850,00"
"7790520028969","2.300,00"
"7793253005498","5.250,00"
"7798059384303","1.900,00"
"7790117000347","12.300,00"
"7790990001776","2.350,00"
"7793253003777","2.200,00"
"7792052065498","3.570,00"
"7790117061836","4.800,00"
"7791130001649","3.950,00"
"7791130015035","2.900,00"
"7791130681391","6.300,00"
"7790520010506","5.900,00"
"7791130683784","4.200,00"
"7790520986160","8.250,00"
"7790520026132","6.050,00"
"7798184581646","950,00"
"7790132009158","8.050,00"
"7790520995650","4.000,00"
"7790773034915","2.500,00"
"7793253003265","3.850,00"
"7791130681438","6.300,00"
"7791290795297","7.100,00"
"7790990002698","3.300,00"
"7798184583039","1.000,00"
"7791290794962","3.300,00"
"7791290796102","4.300,00"
"7793253003524","9.600,00"
"7793253003814","3.500,00"
"7793253006822","2.150,00"
"7790520999429","4.500,00"
"7791290795594","4.300,00"
"7798184583015","1.000,00"
"7703147350818","1.600,00"
"7790520026088","6.050,00"
"7794440994212","5.200,00"
"7793253004262","4.000,00"
"7790520993045","6.750,00"
"7793253003913","4.900,00"
"7794440017133","4.850,00"
"7793253401030","3.450,00"
"7791130015004","2.800,00"
"7794440007035","7.650,00"
"7791290796744","7.600,00"
"7791290795617","4.300,00"
"7702626214832","10.700,00"
"7793253005054","3.800,00"
"7791130962032","3.850,00"
"7798184581332","1.950,00"
"7500435243650","15.024,00"
"7500435160087","8.900,00"
"7791130683777","4.200,00"
"7790520024954","2.650,00"
"7791290795259","3.700,00"
"7896001001138","5.450,00"
"7790520995971","6.050,00"
"7790990003145","7.400,00"
"7794440005109","1.600,00"
"7790520996930","4.200,00"
"7794440007189","5.700,00"
"7798184581073","1.950,00"
"7793253005146","5.200,00"
"7790520031044","5.300,00"
"7790990001905","3.300,00"
"7793253003562","9.600,00"
"7791290795273","7.100,00"
"7790520028907","7.600,00"
"7790147005749","2.700,00"
"7791290792784","3.150,00"
"7794218106328","1.150,00"
"7798059389155","4.300,00"
"7798059389292","4.750,00"
"7793253003746","1.900,00"
"7791130002431","12.850,00"
"7793253003234","2.700,00"
"7791290793613","14.650,00"
"7791290794122","6.200,00"
"7791130963411","7.500,00"
"7790520028891","6.000,00"
"7791290792104","13.150,00"
"7798059384631","1.600,00"
"7792052096959","3.990,00"
"7793253004705","4.950,00"
"7891150039001","8.900,00"
"7790520995667","5.550,00"
"7792052065399","2.400,00"
"7791290793583","7.150,00"
"7793253003548","2.500,00"
"7791130963305","4.800,00"
"7793253005283","2.200,00"
"7791290795570","4.300,00"
"7793253003470","2.500,00"
"7798160461870","7.940,00"
"7790520028075","5.900,00"
"7798131250519","7.600,00"
"7790520996220","5.850,00"
"7702626219912","11.800,00"
"7792052097444","6.490,00"
"7793344009305","5.350,00"
"7792052999458","1.800,00"
"7791130015219","2.800,00"
"7790520025838","3.200,00"
"7790520998842","2.800,00"
"7790520028556","3.650,00"
"7794218100265","1.600,00"
"7792052065948","4.170,00"
"7792052096409","5.730,00"
"7792052065924","4.170,00"
"7798238110327","2.250,00"
"7790520552815","5.700,00"
"7793350000150","8.400,00"
"7790520028723","4.900,00"
"7891150091979","8.900,00"
"7798184586177","5.800,00"
"7790520031020","5.300,00"
"7790520025814","5.100,00"
"7891150025288","8.900,00"
"7791290796539","7.150,00"
"7790520020819","5.900,00"
"7793253004231","4.000,00"
"7791290793354","5.050,00"
"7793253005726","4.850,00"
"7791290793576","14.650,00"
"7791290793453","1.800,00"
"7791290796362","4.350,00"
"7791290792012","3.800,00"
"7793253003876","7.250,00"
"7790990000588","8.950,00"
"7790613072008","1.600,00"
"7790132072206","7.250,00"
"7793253004293","4.000,00"
"7791290794177","2.950,00"
"7790520996077","9.250,00"
"7790520995377","3.900,00"
"7792052071949","11.180,00"
"7791290796713","7.600,00"
"7790990000625","2.900,00"
"7790520025746","10.200,00"
"7790520995964","6.050,00"
"7791130105835","2.800,00"
"7794440045938","3.050,00"
"7790520999269","2.900,00"
"7793253003951","4.300,00"
"7791290796614","13.150,00"
"7790117061270","3.800,00"
"7798059384525","850,00"
"7791130001212","4.250,00"
"7790520996428","2.750,00"
"7805000321970","9.950,00"
"7791130963329","2.250,00"
"7791290794986","2.150,00"
"7793253004699","2.850,00"
"7891150028944","15.950,00"
"7792052091640","8.600,00"
"7798160461207","849,00"
"7794297012015","4.500,00"
"7793253003593","9.600,00"
"7501058753441","3.250,00"
"7790520998958","6.150,00"
"7790613071582","1.600,00"
"7798131250540","1.750,00"
"7791130015011","2.800,00"
"7790520028990","1.950,00"
"7793253005313","2.200,00"
"7790613071575","1.600,00"
"7791130683814","4.200,00"
"7790520026170","1.850,00"
"7790520996527","10.050,00"
"7790520029553","6.050,00"
"7792052065467","2.590,00"
"7792052065504","3.360,00"
"7791130683753","3.200,00"
"7790520552808","6.050,00"
"7790520028631","5.900,00"
"7798184581547","550,00"
"7793253099084","6.300,00"
"7793253003869","7.250,00"
"7791290794276","2.300,00"
"7790520024978","2.650,00"
"7793253000912","3.950,00"
"7792052097062","4.610,00"
"7793253003418","5.450,00"
"7791130962407","3.950,00"
"7506339389876","15.200,00"
"7792052178907","3.240,00"
"7790520996435","2.750,00"
"7791290791954","14.600,00"
"7792052178877","1.900,00"
"7791290793347","13.150,00"
"7791290795808","2.600,00"
"7790520996152","8.400,00"
"7790773034502","2.150,00"
"7790520996169","5.850,00"
"7790520031501","5.500,00"
"7790520031488","3.100,00"
"7791053017574","4.200,00"
"7793253005276","4.100,00"
"7790520996466","4.850,00"
"7793253004743","2.850,00"
"7790520992710","5.900,00"
"7794440760015","6.100,00"
"7790520996381","2.750,00"
"7798273210952","7.450,00"
"7791290792173","13.300,00"
"7793253004255","4.000,00"
"7791130683524","2.450,00"
"7794440760008","3.900,00"
"7793253000905","2.100,00"
"7791130002776","2.250,00"
"7793253170639","5.850,00"
"7793253007034","1.900,00"
"7790613001381","1.600,00"
"7791130963633","4.200,00"
"7791130962902","8.750,00"
"7794440994199","5.200,00"
"7798059389179","6.700,00"
"7793253004361","10.200,00"
"7790520996138","5.850,00"
"7791130963497","3.950,00"
"7790990002742","7.050,00"
"7793253004750","4.950,00"
"7791290796621","11.900,00"
"7798131250526","1.750,00"
"7790520028716","4.900,00"
"7790520028082","8.950,00"
"7790520996145","5.850,00"
"7790520992987","11.050,00"
"7798273211096","7.450,00"
"7792052097895","1.890,00"
"7794440045914","3.050,00"
"7794297012183","6.100,00"
"7793253006587","2.500,00"
"7506195143858","8.900,00"
"7790520996411","2.750,00"
"7790520032027","11.050,00"
"7793253005337","5.000,00"
"7790520028044","4.350,00"
"7798238110341","1.200,00"
"7791130014137","5.600,00"
"7790520998866","5.500,00"
"7790520029522","3.100,00"
"7792052096621","4.120,00"
"7793253007072","9.750,00"
"7798184581622","900,00"
"7798131250724","2.300,00"
"7793253003258","2.700,00"
"7793253005474","4.100,00"
"7896001001503","11.300,00"
"7798059384594","900,00"
"7790520028952","2.300,00"
"7790520990884","4.550,00"
"7792459013115","8.650,00"
"7896001000582","3.950,00"
"7790520999320","2.700,00"
"7790520017956","11.200,00"
"7792052088183","9.150,00"
"7798273211010","7.450,00"
"7790990003398","9.150,00"
"7793253003456","2.500,00"
"7793253003760","7.150,00"
"7790990003374","3.700,00"
"7896001004993","10.400,00"
"7798131250199","1.400,00"
"7793253005290","3.700,00"
"7793253003272","4.350,00"
"7793253005221","5.150,00"
"7798059384815","1.050,00"
"7794321801172","4.550,00"
"7798184581523","550,00"
"7791130962704","13.250,00"
"7793253005122","5.450,00"
"7790520996022","9.250,00"
"7790990003817","3.350,00"
"7793253003449","9.600,00"
"7791290795471","5.250,00"
"7792052070454","2.480,00"
"7790117002594","7.500,00"
"7791130144544","2.250,00"
"7794440070022","8.950,00"
"7897750794227","750,00"
"7791130963466","7.500,00"
"7897750775783","8.000,00"
"7790520031914","11.500,00"
"7790520027269","4.850,00"
"7791290793460","3.300,00"
"7792052065931","4.170,00"
"7702626204178","12.500,00"
"7790990002162","3.350,00"
"7791290795846","4.600,00"
"7791053610003","2.750,00"
"7790520031860","6.600,00"
"7790520028419","3.550,00"
"7794440007141","5.050,00"
"7790520998200","3.900,00"
"7798238110358","1.200,00"
"7790520024947","2.650,00"
"7792459000382","7.850,00"
"7791130683722","2.450,00"
"7790520995605","7.200,00"
"7897750778890","9.900,00"
"7791053001016","2.500,00"
"7896001004528","1.550,00"
"7790520989949","4.200,00"
"7798131250205","1.400,00"
"7790990002001","1.850,00"
"7790520031549","9.250,00"
"7792459425024","3.600,00"
"7806810007702","4.050,00"
"7790520026101","6.050,00"
"7798131250212","1.400,00"
"7798124362656","2.150,00"
"7791130683838","4.200,00"
"7896001001831","6.350,00"
"7798131250175","1.400,00"
"7897750777411","3.900,00"
"7791130963428","7.500,00"
"7792459007282","10.900,00"
"7790520998385","5.250,00"
"7791130681414","6.300,00"
"7793253002565","10.050,00"
"7791290795464","3.150,00"
"7793253099060","6.300,00"
"7891150045484","15.950,00"
"7790117061881","7.600,00"
"7790520031877","7.350,00"
"7790990000618","2.900,00"
"7792052096607","7.200,00"
"7792052039505","3.880,00"
"7798273210488","6.800,00"
"7792459004113","5.350,00"
"7798059381104","3.200,00"
"7790117061850","7.850,00"
"7798131250533","1.750,00"
"7793253189006","6.050,00"
"7790990004005","4.850,00"
"7791290795822","3.100,00"
"7790520028426","3.550,00"
"7897750781678","8.900,00"
"7798184583022","1.000,00"
"7790520012524","4.650,00"
"7792052097383","6.110,00"
"7790528003098","2.200,00"
"7791290794306","3.500,00"
"7790520029539","9.250,00"
"7792052073196","4.730,00"
"7790520031518","3.100,00"
"7896001001671","9.600,00"
"7798059389162","5.250,00"
"7790520996039","9.250,00"
"7793350102304","4.200,00"
"7896001004849","2.400,00"
"7790520996510","10.050,00"
"7791130963367","2.450,00"
"7792052097369","5.660,00"
"7798238110402","2.450,00"
"7791130683678","2.450,00"
"7793350000440","7.750,00"
"7791130683685","2.450,00"
"7793253003579","2.500,00"
"7790520998835","8.100,00"
"7798124362243","7.700,00"
"7791130962568","3.550,00"
"7897750794210","750,00"
"7891150105836","8.500,00"
"7790117061843","7.450,00"
"7790520990020","5.250,00"
"7793253004323","4.000,00"
"7798008381506","3.900,00"
"7798131250731","2.150,00"
"7897750779132","10.900,00"
"7793253002589","10.050,00"
"7793350000907","4.200,00"
"7791130683852","11.850,00"
"7792052173964","9.140,00"
"7790520028440","6.150,00"
"7791290793606","14.650,00"
"7792052091657","3.180,00"
"7793350000402","7.700,00"
"7790520012531","4.650,00"
"7793253099077","6.300,00"
"7791130144506","2.250,00"
"7897750779668","9.900,00"
"7501032901851","9.000,00"
"7790520999573","19.600,00"
"7791130963435","3.950,00"
"7790520995995","9.250,00"
"7897750778678","7.500,00"
"7790520996008","9.250,00"
"7790520996053","9.250,00"
"7891035000683","4.950,00"
"7896001002500","6.000,00"
"7791130963626","2.450,00"
"7790520999528","12.200,00"
"7792052070478","3.820,00"
"7790990999851","2.750,00"
"7791130146913","3.850,00"
"7793253170615","5.350,00"
"7790520999511","12.200,00"
"7896001016354","10.900,00"
"7702626217048","18.750,00"
"7791290794290","2.300,00"
"7793253002541","3.650,00"
"7793350000419","7.650,00"
"7792459000634","5.650,00"
"7790250023197","5.500,00"
"7792052097079","4.610,00"
"7792052096638","8.650,00"
"7791130003544","1.850,00"
"7897750781685","9.900,00"
"7791290795815","5.050,00"
"7798273211232","4.900,00"
"7790520028464","6.150,00"
"7791053001184","2.100,00"
"7791053170002","4.800,00"
"7793253004309","4.000,00"
"7790613072183","4.650,00"
"7793253411800","4.900,00"
"7792459264128","7.650,00"
"7500435243612","8.900,00"
"7702626217031","18.750,00"
"7791130962575","3.550,00"
"7791199003028","5.000,00"
"7793253005238","2.200,00"
"7790520999559","12.200,00"
"7790990002902","10.650,00"
"7798131250472","1.750,00"
"7792459000337","11.400,00"
"7897750789988","6.900,00"
"7790520995438","8.050,00"
"7790520999498","19.600,00"
"7791130001137","7.050,00"
"7790520986856","11.200,00"
"7792052073202","7.050,00"
"7791130963343","2.450,00"
"7897750780732","1.550,00"
"7792052096980","3.950,00"
"7790520006479","4.850,00"
"7793253175634","2.750,00"
"7798160469098","8.980,00"
"7792052065429","2.400,00"
"7791130683661","2.450,00"
"7791130146883","3.850,00"
"7798124361550","3.450,00"
"7792052097376","10.700,00"
"7798238110372","1.700,00"
"7896001000544","4.650,00"
"7791130683876","11.850,00"
"7793253003944","2.500,00"
"7792459264111","3.600,00"
"7798124362229","2.400,00"
"7791130963459","3.950,00"
"7791130146180","3.500,00"
"7896001004870","1.300,00"
"7793253003609","2.500,00"
"7794321801189","7.100,00"
"7896001000407","4.500,00"
"7896001001268","7.300,00"
"7791130146791","3.850,00"
"7798131250458","1.800,00"
"7798273210716","5.900,00"
"7791130683531","2.450,00"
"7792459264104","2.850,00"
"7793253400163","4.000,00"
"7798273212833","5.900,00"
"7798124360355","1.900,00"
"7793253174200","4.850,00"
"7798012210977","4.450,00"
"7790117000965","14.450,00"
"7790520018663","6.250,00"
"7798273210334","5.900,00"
"7792459001778","24.550,00"
"7798124360348","1.900,00"
"7896001001152","5.000,00"
"7896001000568","4.650,00"
"7897750778067","4.500,00"
"7290113763784","126.999,00"
"7796941250811","309.999,00"
"7502271278162","718.999,00"
"7797102526875","735.999,00"
"7796941328862","349.999,00"
"7796885340654","719.999,00"
"7798426654701","295.999,00"
"7791758121002","973.665,00"
"7791758120708","856.779,00"
"7799111677173","768.699,00"
"7799111684379","1.899.999,00"
"7798169447905","899.999,00"
"7798304570086","585.999,00"
"7796962999935","429.999,00"
"7796962987321","829.999,00"
"7799111675735","686.819,00"
"7796825000679","419.999,00"
"7800155486918","399.999,00"
"7797102526912","918.999,00"
"7796885495095","257.559,00"
"7796885340661","749.999,00"
"7791758400732","1.582.449,00"
"7796825000600","379.999,00"
"7797003375527","255.569,00"
"7795473037747","1.008.999,00"
"7797037812746","619.999,00"
"7800155347882","75.990,00"
"7502271278278","653.999,00"
"7800155486079","37.850,00"
"7798091700796","59.999,00"
"7796962001027","1.299.999,00"
"7796825000686","519.999,00"
"7796941329272","799.999,00"
"7797003956290","205.159,00"
"7795473037402","949.999,00"
"7796962001034","1.989.999,00"
"7795473037853","207.998,96"
"7146041687060","169.999,00"
"7797750980555","309.999,00"
"7797750979184","1.019.999,00"
"7797039902032","999.999,00"
"7891129552074","1.379.999,00"
"7796885483283","169.399,00"
"7799111676190","429.999,00"
"7290113764019","126.999,00"
"7796962002314","850.814,69"
"7798019099896","529.289,00"
"7798426260223","89.999,00"
"7909569446560","1.252.779,00"
"7798118962237","109.999,00"
"7800155486413","16.200,00"
"7502271279244","1.039.999,00"
"7796885483344","157.399,00"
"7796825000617","429.999,00"
"7790894901448","199.999,00"
"7800155486086","97.350,00"
"7800155350257","196.550,00"
"7798192368222","49.999,00"
"7797037813224","514.839,00"
"7800155283630","271.399,00"
"7796999011563","978.499,00"
"7797003266528","352.389,00"
"7798081287474","1.999.999,00"
"7290116741901","274.999,00"
"7800155332413","6.550,00"
"7800155078076","51.950,00"
"7800155563091","259.999,00"
"7798295540532","967.595,00"
"7793862009702","58.999,00"
"7799111677074","204.999,00"
"7800155048666","39.000,00"
"7797037913368","280.555,00"
"7798192369274","36.999,00"
"7796941329074","1.399.999,00"
"7799111682115","1.499.999,00"
"7800155345727","129.800,00"
"7793862008408","145.999,00"
"7708228051080","1.069.999,00"
"7796999008020","501.549,00"
"7797750980845","1.109.999,00"
"7798192369755","59.849,00"
"7891129573505","2.549.999,00"
"7799111675049","219.999,00"
"7796999007221","474.739,00"
"7798016574662","1.199.999,00"
"7800155486925","199.999,00"
"7798081280550","1.464.999,00"
"7798169448360","1.299.999,00"
"7793862011262","54.999,00"
"7891129521285","969.999,00"
"7796885403045","699.999,00"
"7795473001229","239.999,00"
"7793862014171","49.999,00"
"7798175212108","380.000,00"
"7798111355937","309.999,00"
"7800155078502","81.850,00"
"7798175212467","970.000,00"
"7290002793311","45.799,00"
"7800155418865","346.678,00"
"7796962991939","1.299.999,00"
"7502271278285","1.499.999,00"
"7798192366051","99.999,00"
"7800155563060","269.999,00"
"7799111679634","49.999,00"
"7800155078434","156.859,00"
"7800155418902","107.299,00"
"7798111354046","115.999,00"
"7798169447912","1.399.999,00"
"7797037912019","246.999,00"
"7800155332420","10.800,00"
"7793862010012","42.999,00"
"7798155590196","19.999,00"
"7796962002208","699.999,00"
"7798304570468","669.999,00"
"7800155486949","97.350,00"
"7796999017190","616.975,00"
"7800155345529","6.550,00"
"7800155047522","84.400,00"
"7798169448094","999.999,00"
"7790894901400","299.999,00"
"7909569485323","155.555,00"
"7502271274942","1.899.999,00"
"7799111677548","99.999,00"
"7797003956863","1.599.999,00"
"7800155205120","129.999,00"
"7800155205106","135.190,00"
"7796999017206","706.655,00"
"7799111680548","165.105,00"
"7797750979252","909.999,00"
"7798102242062","499.999,00"
"7708228051196","1.129.999,00"
"7800155421865","34.650,00"
"7796962002338","1.199.999,00"
"7798317565604","49.999,00"
"7798192369724","84.999,00"
"7798122112550","73.590,00"
"7799034321801","219.999,00"
"7800155418940","31.999,00"
"7796885495118","369.640,00"
"7798295540525","899.999,00"
"7790653062243","2.999.999,00"
"7800155490380","37.850,00"
"7790894901974","349.999,00"
"7797750980791","999.999,00"
"7798122111638","69.990,00"
"7798081287597","74.999,00"
"7798175210012","274.900,00"
"7800155416502","322.599,00"
"7797750979191","1.179.999,00"
"7790894901431","199.999,00"
"7796962987291","799.999,00"
"7800155078946","6.999,00"
"7799111672116","66.999,00"
"7798081285371","72.999,00"
"7798192369267","47.999,00"
"7909569485330","133.335,00"
"7797003956986","1.399.900,00"
"7795473037488","823.999,00"
"7797750979320","1.029.999,00"
"7800155486390","129.999,00"
"7798175212023","305.000,00"
"7798175212528","889.000,00"
"7796999011556","890.795,00"
"7799111038950","69.999,00"
"7891129589315","1.869.999,00"
"7790894901844","219.999,00"
"7798118962312","149.999,00"
"7891129589377","1.179.999,00"
"7793862011316","47.999,00"
"7798102242499","339.999,00"
"7502271278179","828.999,00"
"7800155418957","27.050,00"
"7800155486932","45.450,00"
"7793862012191","44.999,00"
"7800155350370","102.999,00"
"7909569485354","99.999,00"
"7797750980852","1.089.999,00"
"7798175212399","1.295.000,00"
"7790653062267","6.499.999,00"
"7796962998167","499.999,00"
"7798192369687","43.999,00"
"7502271273914","229.999,00"
"7800155078427","199.999,00"
"7797037913689","813.322,00"
"7800155419206","199.999,00"
"7793862013235","45.999,00"
"7798081285449","106.999,00"
"7793862011965","41.999,00"
"7798137723574","319.999,00"
"7800155631592","15.999,00"
"7796885495132","319.999,00"
"7797037913481","753.599,00"
"7796962011699","349.999,00"
"7797026960847","279.999,00"
"7793862009672","69.999,00"
"7790894901417","299.999,00"
"7800155078366","95.199,00"
"7798081287481","1.799.999,00"
"7798192369670","47.999,00"
"7798081286255","189.999,00"
"7798081287559","1.054.999,00"
"7798426260193","69.999,00"
"7798192369120","439.999,00"
"7798115592444","119.999,00"
"7799111677050","189.999,00"
"7796999007238","554.329,00"
"7799111672277","665.999,00"
"7800155292212","187.999,00"
"7797750979986","1.769.999,00"
"7790894901967","399.999,00"
"7796885457314","899.999,00"
"7891129541047","899.999,00"
"7798111354862","29.999,00"
"7793862009788","64.999,00"
"7800155078380","94.999,00"
"7790894901837","219.999,00"
"7798081289874","189.999,00"
"7800155486901","5.400,00"
"7797003575521","292.769,00"
"7793862008958","48.449,00"
"7800155566252","126.499,00"
"7798091702530","55.999,00"
"7798169448100","1.599.999,00"
"7896347187794","78.445,00"
"7793862008897","109.999,00"
"7796962990598","1.499.999,00"
"7793862012337","149.999,00"
"7896347163996","333.335,00"
"7793862013259","249.999,00"
"7800155419121","19.550,00"
"7799111038707","199.999,00"
"7796931870876","486.599,00"
"7797750980623","344.999,00"
"7790894901851","259.999,00"
"7799111677067","204.999,00"
"7798175212115","415.000,00"
"7798091701878","125.000,00"
"7797026970334","389.000,00"
"7798115592871","65.999,00"
"7798102242109","319.999,00"
"7790894901950","399.999,00"
"7796962007074","259.999,00"
"7800155346342","93.999,00"
"7800155397108","91.699,00"
"7909569468630","222.220,00"
"7800155048406","248.999,00"
"7796962010135","909.999,00"
"7798118962305","129.999,00"
"7798081285128","61.999,00"
"7798102242444","399.999,00"
"7793862009801","69.999,00"
"7798317569572","101.999,00"
"7798111353384","52.999,00"
"7798118962398","79.999,00"
"7796885483214","205.000,00"
"7798102242468","499.999,00"
"7798118962466","269.999,00"
"7793862012955","59.999,00"
"7798192368253","47.999,00"
"7798081280604","1.999.999,00"
"7798175210029","319.900,00"
"7799111037748","67.999,00"
"7790894901868","259.999,00"
"7797750980548","279.999,00"
"7800155282992","16.200,00"
"7800155397139","235.699,00"
"7793862013273","39.999,00"
"7798175210470","630.000,00"
"7793862011712","87.999,00"
"7792052172318","98.649,00"
"7796962006572","349.999,00"
"7796931870869","371.219,00"
"7800155347745","9.999,00"
"7793862009368","140.999,00"
"7796999997522","1.289.135,00"
"7909569485361","122.220,00"
"7798141761692","241.999,00"
"7798118961292","39.999,00"
"7896347162128","111.110,00"
"7798111355388","52.796,33"
"7896347158893","199.999,00"
"7798091702479","95.999,00"
"7800155487687","175.265,00"
"7708228051158","1.019.999,00"
"7896347187787","53.999,00"
"7798169448407","349.999,00"
"7796931870913","343.239,00"
"7798169447547","1.299.999,00"
"7793862012238","49.999,00"
"7800155079172","9.999,00"
"7798118962329","109.999,00"
"7891129573826","899.999,00"
"7796931870920","407.529,00"
"7797026970297","869.999,00"
"7800155350363","46.313,00"
"7797026960946","689.000,00"
"7800155048437","217.000,00"
"7796962999904","965.999,00"
"7798137714763","16.999,00"
"7796941251368","419.999,00"
"7800155486857","175.999,00"
"7798192367683","72.999,00"
"7800155047072","1.599.999,00"
"7797087510173","899.999,00"
"7793862009696","79.999,00"
"7896347198271","55.554,00"
"7800155486826","1.699.999,00"
"7793862008293","189.999,00"
"7790894901387","229.999,00"
"7798192369311","30.999,00"
"7891129589223","1.539.999,00"
"7800155420325","193.699,00"
"7800155566351","62.799,00"
"7792052165211","137.049,00"
"7798192369281","39.999,00"
"7798175210036","399.900,00"
"7799111040632","339.999,00"
"7800155631011","39.999,00"
"7797003956832","729.269,00"
"7896347187770","63.025,09"
"7796962017196","949.000,00"
"7798111679262","144.999,00"
"7793862011705","87.999,00"
"7800155486796","57.999,00"
"7793862014058","59.999,00"
"7793862012979","59.999,00"
"7796931870845","1.127.649,00"
"7799034006494","389.999,00"
"7800155079042","15.999,00"
"7798118962336","109.999,00"
"7793862011651","85.999,00"
"7796941251320","749.999,00"
"7799111677043","189.999,00"
"7796931870814","751.579,00"
"7798115593090","42.999,00"
"7799111671485","114.999,00"
"7898620272197","3.116.667,59"
"7799111680579","340.999,00"
"7793862010906","79.999,00"
"7891129589216","1.429.999,00"
"7798403350350","39.999,00"
"7797087534162","869.999,00"
"7798192367591","94.999,00"
"7796885063881","1.899.999,00"
"7798091701359","41.479,00"
"7796962000242","1.289.999,00"
"7800155631363","19.999,00"
"7798325352517","42.499,00"
"7799111671430","82.999,00"
"7798137723543","319.999,00"
"7798137726148","6.999,00"
"7798192369663","47.999,00"
"7793862013983","64.999,00"
"7796885065274","1.269.999,00"
"7798081287412","54.999,00"
"7797087523920","999.999,00"
"7798115591256","119.999,00"
"7796941251238","1.119.999,00"
"7799111037717","54.999,00"
"7798081287573","89.999,00"
"7796931870821","878.459,00"
"7800155416526","149.249,00"
"7793862011330","179.999,00"
"7798137718037","18.250,25"
"7798175212276","2.050.000,00"
"7798118964224","88.999,00"
"7796933619466","799.999,00"
"7793862008118","169.999,00"
"7799111672338","39.999,00"
"7798091702424","68.199,00"
"7797750980579","257.249,00"
"7798111679279","144.999,00"
"7793862014386","63.999,00"
"7798118962749","112.999,00"
"7800155486789","70.099,00"
"7798111354763","39.999,00"
"7798160628655","4.006,79"
"7800155486741","326.265,00"
"7798091702745","38.499,00"
"7800155631356","49.999,00"
"7798175211323","254.900,00"
"7798456550165","39.999,00"
"7799111679054","59.999,00"
"7798115591263","129.999,00"
"7800155631035","24.999,00"
"7798118964194","99.999,00"
"7800155416533","168.999,00"
"7798137714329","8.999,00"
"7798111355531","249.999,00"
"7799111679863","64.999,00"
"7800155418995","9.999,00"
"7798118964811","159.999,00"
"7799111673564","69.999,00"
"7798115591942","139.999,00"
"7798175211941","299.990,00"
"7891129572485","2.449.999,00"
"7798115591737","139.999,00"
"7798091701557","41.479,00"
"7800155332505","9.999,00"
"7798111354770","39.999,00"
"7800155079059","7.999,00"
"7798137716712","4.663,69"
"7800155397122","102.749,00"
"7798118964187","149.999,00"
"7798081287535","1.119.999,00"
"7800155347738","9.999,00"
"7798115591300","79.999,00"
"7798137726094","16.999,00"
"7798373232632","179.999,00"
"7800155013947","45.900,00"
"7800155158587","31.990,00"
"7453105005013","23.999,00"
"7790400016437","3.655,00"
"7800155249537","99.990,00"
"7792540294805","9.749,00"
"7792052177900","21.219,00"
"7800155388960","479.900,00"
"7800155347011","99.990,00"
"7798363280117","5.649,00"
"7800155488332","88.900,00"
"7800155429076","45.900,00"
"7800155013916","30.900,00"
"7800155428918","68.550,00"
"7800155605784","50.045,00"
"7800155428864","51.900,00"
"7796893000632","3.810,00"
"7800155428444","79.900,00"
"7800155107813","159.000,00"
"7790400005974","1.959,00"
"7800155488370","136.900,00"
"7792052177894","21.219,00"
"7800155428925","79.900,00"
"7795208010052","7.299,00"
"7800155064871","41.900,00"
"7800155573410","299.000,00"
"7792052096065","5.899,00"
"7792216359074","15.575,00"
"7798164520177","11.849,00"
"7796893000472","1.785,00"
"7792216359098","20.345,00"
"7791762110078","1.545,00"
"7796893002360","1.705,00"
"7450077074931","2.149,00"
"7800155064901","39.900,00"
"7791762298073","10.569,00"
"7792052096164","5.899,00"
"7800155440156","26.799,00"
"7792052096041","5.899,00"
"7792052096089","5.899,00"
"7792052096010","5.899,00"
"7792052095976","5.899,00"
"7796893002353","1.510,00"
"7792052096133","5.899,00"
"7800155613550","16.399,00"
"7792216857709","5.499,00"
"7796893000649","5.589,00"
"7800155519982","19.990,00"
"7800155420288","41.900,00"
"7800155375724","24.990,00"
"7798371101435","3.379,00"
"7800155421902","39.900,00"
"7794757117106","2.039,00"
"7796819050000","2.099,00"
"7795245151039","4.765,00"
"7800155488363","79.900,00"
"7800155141299","24.990,00"
"7795513076378","8.199,00"
"7798371108069","3.379,00"
"7791762480614","1.345,00"
"7798373412539","6.599,00"
"7800155519944","32.990,00"
"7800155441979","29.990,00"
"7792216857716","6.015,00"
"7798164520733","11.599,00"
"7896020620013","12.900,00"
"7791762480126","9.919,00"
"7792216156284","10.679,00"
"7791762480324","859,00"
"7792052096096","1.890,00"
"7791762110375","1.545,00"
"7796893001189","2.099,00"
"7798104183066","7.899,00"
"7792216041634","5.969,00"
"7792052055352","6.950,00"
"7800155519883","19.990,00"
"7798371105198","13.475,00"
"7791762812484","5.569,00"
"7796893002131","1.825,00"
"7792435006100","34.749,00"
"7800155064888","41.900,00"
"7794757260819","6.215,00"
"7792052096102","3.599,00"
"7796893002346","1.190,00"
"7800155421407","39.900,00"
"7798005792374","12.999,00"
"7795513078341","2.639,00"
"7792216857631","6.539,00"
"7796893001165","1.569,00"
"7791762814686","5.569,00"
"7792216041641","5.969,00"
"7798100519227","25.655,00"
"7791762812583","5.569,00"
"7796893000113","695,00"
"7798005790653","9.999,00"
"7808718510674","3.255,00"
"7800155064895","41.900,00"
"7800155059372","2.390,00"
"7800155418063","10.990,00"
"7798104180522","6.299,00"
"7703486038538","6.659,00"
"7798363280315","7.199,00"
"7799175000474","3.890,00"
"7792216857648","6.539,00"
"7791762299070","10.569,00"
"7798164521204","14.599,00"
"7791762480621","1.219,00"
"7796819030057","15.649,00"
"7800155375755","26.990,00"
"7796893002339","1.049,00"
"7800155059389","10.990,00"
"7791762001055","10.569,00"
"7796819030309","4.399,00"
"7791762319419","7.399,00"
"7794635061194","22.749,00"
"7798085300308","299.990,00"
"7791762480423","9.919,00"
"7794008034466","18.949,00"
"7891360658832","7.795,00"
"7798306914857","1.575,00"
"7800155418308","4.350,00"
"7792745022548","10.149,00"
"7798108220064","11.799,00"
"7450077125244","14.999,00"
"7799133001642","7.309,00"
"7798104181192","2.449,00"
"7798104182243","9.399,00"
"7798005790769","11.899,00"
"7754111019484","7.805,00"
"7798167431227","3.485,00"
"7792216041665","11.685,00"
"7792435006698","5.499,00"
"7792216156277","8.999,00"
"7798373413048","6.895,00"
"7798310076558","34.999,00"
"7792435006568","12.799,00"
"7798170914236","1.890,00"
"7450077073712","25.149,00"
"7794008010156","11.399,00"
"7791806005131","6.849,00"
"7450077118734","18.599,00"
"7792216856153","9.039,00"
"7800155418339","5.700,00"
"7501030682332","3.565,00"
"7792435003642","5.099,00"
"7794008001765","11.499,00"
"7798104180782","7.999,00"
"7450077057491","53.099,00"
"7795208032481","4.999,00"
"7798164521488","15.999,00"
"7798104180966","1.349,00"
"7791762001062","10.569,00"
"7450077065403","18.999,00"
"7798104183073","5.499,00"
"7450077073835","31.049,00"
"7450077061399","13.099,00"
"7798085300292","249.990,00"
"7798104180386","9.449,00"
"7792435003581","4.449,00"
"7453105019942","24.999,00"
"7450077070636","8.499,00"
"7800155158358","9.990,00"
"7450077059020","35.799,00"
"7450077092218","23.999,00"
"7798104181185","4.549,00"
"7798104180300","4.999,00"
"7798310070259","17.899,00"
"7453077221701","6.749,00"
"7800155108100","205.000,00"
"7798166465728","3.199,00"
"7794360000260","2.825,00"
"7795208040011","2.399,00"
"7796893000991","2.919,00"
"7798165401703","3.199,00"
"7798165402397","5.199,00"
"7453077248432","28.999,00"
"7796893000984","2.919,00"
"7794635017504","39.025,00"
"7798104180515","3.749,00"
"7792216210535","1.855,00"
"7790580132736","1.900,00"
"7450077090672","11.000,00"
"7798085300407","249.990,00"
"7800155289090","74.990,00"
"7798131640174","17.349,00"
"7450077097831","7.999,00"
"7450077126524","35.499,00"
"7800155425436","99.990,00"
"7798373412553","6.895,00"
"7796893000960","2.925,00"
"7450077055800","19.999,00"
"7799133011306","3.199,00"
"7798104180539","4.849,00"
"7450077082394","28.799,00"
"7450077051901","27.899,00"
"7800155108094","175.000,00"
"7794008001642","13.149,00"
"7795208010069","7.299,00"
"7453077229684","23.999,00"
"7800155289106","74.990,00"
"7450077072401","18.099,00"
"7798131640167","15.099,00"
"7794635061170","15.225,00"
"7798155606316","2.149,00"
"7798104181222","5.849,00"
"7800155289076","99.990,00"
"7800155289311","99.990,00"
"7798363280087","6.299,00"
"7800155289175","169.990,00"
"7798104180980","1.449,00"
"7794008006821","14.099,00"
"7453077242867","11.799,00"
"7798104180959","1.349,00"
"7798363280094","10.299,00"
"7798363280247","6.549,00"
"7450077063720","17.299,00"
"7792216210672","2.415,00"
"7798310074172","18.199,00"
"7453077234497","23.199,00"
"7450077089188","3.749,00"
"7792745022463","14.749,00"
"7794635061187","15.699,00"
"7798104180942","1.349,00"
"7450077126210","8.500,00"
"7792435003635","5.099,00"
"7450077140537","10.399,00"
"7450077061191","40.249,00"
"7798310078903","6.399,00"
"7800155289083","99.990,00"
"7453077202571","14.499,00"
"7896020636878","8.590,00"
"7799032000364","1.290,00"
"7796819030033","16.599,00"
"7794635004184","27.349,00"
"7509546695617","13.350,00"
"7791293049489","4.604,00"
"7506306241183","5.302,00"
"7891150046481","6.863,00"
"7509546686516","5.100,00"
"7509552902327","11.750,00"
"7509546686523","3.400,00"
"7794626011559","4.100,00"
"7891024134429","5.148,00"
"7791293051468","5.343,00"
"7791293046136","4.100,00"
"7791293051437","5.400,00"
"7790940216151","800,00"
"7509546683379","3.400,00"
"7791293051208","2.460,00"
"7791293047508","9.500,00"
"7509546070988","2.350,00"
"7791293047102","9.500,00"
"7791293047447","9.500,00"
"7791293049458","4.604,00"
"7791293045948","5.298,00"
"7509552902518","11.750,00"
"7791293047492","9.500,00"
"7790250097617","2.400,00"
"7500435209694","10.450,00"
"7790740000486","6.000,00"
"7791293049960","10.350,00"
"7791293045740","5.400,00"
"7509552902358","11.750,00"
"7791293049496","4.604,00"
"7793100111891","2.900,00"
"7506306241176","5.302,00"
"7791293047461","8.150,00"
"7509552964387","12.350,00"
"7509546686509","2.900,00"
"7509552902815","11.750,00"
"7791293050836","4.450,00"
"7506306214989","7.550,00"
"7790250097495","1.740,00"
"7791293048826","2.800,00"
"7509546702636","8.900,00"
"7509552903461","11.750,00"
"7891150019560","2.550,00"
"7791293045931","5.400,00"
"7791293048475","5.302,00"
"7891150097124","17.950,00"
"7891150104839","10.550,00"
"7790940233240","1.250,00"
"7509552790498","11.750,00"
"7791293046402","5.400,00"
"7791293049564","4.750,00"
"7509552874204","20.950,00"
"7791293047164","9.500,00"
"7791293045764","5.400,00"
"7790740000493","6.000,00"
"7500435159210","12.500,00"
"7791293045955","5.400,00"
"7791293045733","5.400,00"
"7509552928846","12.350,00"
"7790770602292","5.700,00"
"7509552902495","18.250,00"
"7891024123027","6.600,00"
"7509552790443","11.750,00"
"7500435245838","12.450,00"
"7891150095700","6.800,00"
"7791293044477","3.500,00"
"7791293044507","5.950,00"
"7791293047522","9.500,00"
"7791293048482","5.302,00"
"7790740001414","6.000,00"
"7506306214972","7.300,00"
"7791293045962","5.400,00"
"7791293025889","4.407,00"
"7509546702728","4.450,00"
"7791293047478","7.400,00"
"7792052064132","2.980,00"
"7509552876482","11.750,00"
"7509552902334","18.250,00"
"7791293051017","10.550,00"
"7790250097655","4.950,00"
"7791293045757","5.400,00"
"7509552791280","11.750,00"
"7500435231237","12.500,00"
"7791293050126","10.400,00"
"7506339337532","14.100,00"
"7891150095618","2.550,00"
"7791293050560","6.000,00"
"7509546056098","4.000,00"
"7791293050324","9.500,00"
"7790064000261","1.350,00"
"7791293047515","9.500,00"
"7891150075382","2.550,00"
"7791293033273","5.302,00"
"7790010002844","13.800,00"
"7791293049557","4.750,00"
"7791293046464","5.400,00"
"7891024134610","5.950,00"
"7791293047171","9.500,00"
"7500435235365","9.950,00"
"7791293049533","4.750,00"
"7791293050355","9.500,00"
"7891024005064","9.850,00"
"7891150064300","7.550,00"
"7509546686035","8.900,00"
"7509552964394","12.350,00"
"7891010254773","3.750,00"
"7891024183120","4.350,00"
"7792052064125","2.730,00"
"7794218106564","3.000,00"
"7791293045771","5.400,00"
"7500435229531","6.100,00"
"7791293045542","9.500,00"
"7500435229500","4.700,00"
"7509552964424","20.050,00"
"7509552876413","7.300,00"
"7791293050928","4.250,00"
"7500435225366","11.800,00"
"7790770601998","10.000,00"
"7509552902365","18.050,00"
"7791293049878","10.400,00"
"7790250097648","2.815,00"
"7509552902112","7.300,00"
"7509552930344","12.350,00"
"7509552964165","7.950,00"
"7793008018919","2.050,00"
"7791293044491","5.950,00"
"7790139101435","5.800,00"
"7500435019545","12.500,00"
"7793100130236","4.600,00"
"7790940216243","1.750,00"
"7790010002806","9.861,00"
"7790010002905","2.350,00"
"7790010002653","2.000,00"
"7500435229845","6.550,00"
"7500435155847","10.100,00"
"7790139003807","4.000,00"
"7509552902440","11.750,00"
"7791293049618","8.150,00"
"7500435230018","9.900,00"
"7509552902891","11.750,00"
"7509546703213","1.350,00"
"7509552902341","7.100,00"
"7509552876659","8.350,00"
"7791293049571","4.750,00"
"7891010254780","3.750,00"
"7791274198052","2.500,00"
"7898422746827","2.550,00"
"7791293045979","5.400,00"
"7791293051444","8.700,00"
"7509552890969","5.700,00"
"7790010002868","9.861,00"
"7702018037896","21.700,00"
"7790773007063","1.750,00"
"7509546686042","6.150,00"
"7790033338197","10.650,00"
"7793100120275","2.500,00"
"7509552844405","7.950,00"
"7891010254766","3.750,00"
"7791293049588","6.250,00"
"7794218000046","3.000,00"
"7791293050331","8.150,00"
"7506306254459","5.419,00"
"7790139003654","3.200,00"
"7509552979558","20.050,00"
"7500435229609","7.900,00"
"7702010631207","5.250,00"
"7509552876437","11.750,00"
"7500435191425","10.050,00"
"7790139101428","3.450,00"
"7500435229494","9.500,00"
"7702026194581","2.800,00"
"7794626014949","4.250,00"
"7509552907759","7.300,00"
"7509552922325","5.700,00"
"7891024034095","3.200,00"
"7791293050942","4.250,00"
"7790940801067","2.500,00"
"7500435162586","18.800,00"
"7790740001421","6.000,00"
"7791519704673","10.100,00"
"7791293025780","4.407,00"
"7500435019491","12.500,00"
"7804955003634","6.950,00"
"7500435229517","7.684,00"
"7891010254803","6.350,00"
"7790770601851","3.600,00"
"7506339337525","8.050,00"
"7891150103474","8.850,00"
"7891024124628","7.200,00"
"7791293045511","9.500,00"
"7509546690315","6.750,00"
"7790740000318","5.350,00"
"7794218000176","3.000,00"
"7790139000400","7.050,00"
"7793008018940","2.050,00"
"7791293025797","4.407,00"
"7790250097662","2.650,00"
"7500435229814","9.950,00"
"7509552925890","11.250,00"
"7500435191456","15.950,00"
"7791293046914","4.400,00"
"7506339389500","15.200,00"
"7509546065465","7.650,00"
"7790010002776","3.150,00"
"7790940216212","2.100,00"
"7891024134702","3.250,00"
"7794218000152","3.000,00"
"7509552876260","18.250,00"
"7509552902471","18.050,00"
"7702018072408","12.650,00"
"7791274196003","1.900,00"
"7500435191494","15.950,00"
"7506306256934","5.700,00"
"7509552964554","7.550,00"
"7509552876550","18.050,00"
"7891150097148","8.850,00"
"7791293049731","5.400,00"
"7509552935615","9.350,00"
"7500435248037","10.050,00"
"7500435243674","10.100,00"
"7509546687278","4.800,00"
"7790740001841","5.200,00"
"7891150101777","9.500,00"
"7509552899214","24.250,00"
"7500435235297","10.450,00"
"7791293043791","4.407,00"
"7500435219648","9.050,00"
"7509546075242","3.450,00"
"7500435229562","7.550,00"
"7791293050775","3.300,00"
"7509552920949","7.850,00"
"7793100193262","6.150,00"
"7500435235334","9.950,00"
"7791274187742","1.850,00"
"7791274198076","2.500,00"
"7891150068735","7.350,00"
"7791293045795","9.100,00"
"7790250097624","3.650,00"
"7506306255050","5.700,00"
"7702018072477","10.600,00"
"7792052066990","2.980,00"
"7791274196041","1.850,00"
"7896009498978","10.000,00"
"7791293050263","10.400,00"
"7791293045702","3.400,00"
"7791293050911","4.250,00"
"7509552902419","11.750,00"
"7509546056111","6.350,00"
"7509552902532","7.300,00"
"7500435229586","8.650,00"
"7791293041858","3.700,00"
"7891010255237","7.634,00"
"7891150103481","16.800,00"
"7509552964417","7.700,00"
"7891150103504","17.550,00"
"7509552922226","5.550,00"
"7790010002769","2.500,00"
"7791293050577","6.000,00"
"7500435249348","12.500,00"
"7891150097131","16.800,00"
"7790740001827","4.500,00"
"7791274196010","1.850,00"
"7509552874013","14.500,00"
"7500435142557","12.500,00"
"7790139101121","6.350,00"
"7509552876420","7.100,00"
"7500435144223","7.900,00"
"7791293045801","9.100,00"
"7790940235077","1.400,00"
"7500435110013","30.150,00"
"7792052098229","4.130,00"
"7791274196300","3.900,00"
"7791293048642","9.950,00"
"7896009419294","6.100,00"
"7891010245214","13.200,00"
"7500435019880","12.500,00"
"7509546659329","5.850,00"
"7509552874136","11.750,00"
"7791293048536","7.900,00"
"7794626011566","7.450,00"
"7509552903416","7.100,00"
"7509552902822","11.250,00"
"7509552791273","18.050,00"
"7891150023529","9.500,00"
"7791293050607","5.600,00"
"7500435244442","16.900,00"
"7509552899207","25.050,00"
"7791293051574","6.050,00"
"7509546695525","4.850,00"
"7509552840353","7.100,00"
"7500435147583","11.800,00"
"7791274198045","2.900,00"
"7702026194703","2.800,00"
"7500435241113","10.050,00"
"7791293051581","6.050,00"
"7509546654034","6.150,00"
"7509552928266","20.050,00"
"7791293051543","6.200,00"
"7500435235396","10.450,00"
"7791293050812","4.450,00"
"7790010002899","7.800,00"
"7891010337438","3.250,00"
"7793008017943","4.400,00"
"7500435247979","15.950,00"
"7509552964042","5.550,00"
"7793008019893","3.150,00"
"7891024131183","7.450,00"
"7793008018902","2.050,00"
"7790770602049","11.950,00"
"7509552902501","11.750,00"
"7500435248044","15.950,00"
"7509546653402","8.650,00"
"7791293047577","15.300,00"
"7509546668055","6.150,00"
"7790010002677","7.500,00"
"7509552849677","12.550,00"
"7798142356385","12.800,00"
"7790010002684","5.000,00"
"7500435230094","10.450,00"
"7500435233019","3.150,00"
"7509546687292","2.600,00"
"7791293047638","15.950,00"
"7793008018766","7.250,00"
"7509552903423","7.100,00"
"7791293044484","3.500,00"
"7790010002851","4.000,00"
"7791293051642","7.350,00"
"7500435230117","9.950,00"
"7509546061689","10.250,00"
"7790770601912","4.300,00"
"7891150090682","4.600,00"
"7793008017936","4.400,00"
"7896015591106","6.350,00"
"7791293047607","14.950,00"
"7790010002837","8.550,00"
"7791293050553","5.650,00"
"7791293050386","4.400,00"
"7791293051475","9.100,00"
"7793008020431","4.400,00"
"7509552791860","7.300,00"
"7791293049014","9.950,00"
"7791293045825","9.100,00"
"7509546679532","7.350,00"
"7509552902464","11.750,00"
"7509552930337","7.700,00"
"7702018913664","13.700,00"
"7790010002882","8.550,00"
"7791293012087","5.419,00"
"7791293046990","5.700,00"
"7791293045986","8.600,00"
"7891150101784","10.400,00"
"7500435241052","15.950,00"
"7500435233033","8.150,00"
"7509552925913","11.250,00"
"7509546665818","4.450,00"
"7790740001858","5.200,00"
"7791293048505","5.302,00"
"7804955890593","5.800,00"
"7790250097501","4.750,00"
"7891150099906","10.400,00"
"7509552791457","7.100,00"
"7500435202695","12.500,00"
"7500435169486","20.150,00"
"7500435019873","7.550,00"
"7500435243681","10.100,00"
"7509552928877","20.050,00"
"7791293045993","9.100,00"
"7500435229654","4.000,00"
"7500435219655","14.150,00"
"7790770601974","2.850,00"
"7500435019705","7.550,00"
"7790770602070","1.250,00"
"7891024028018","9.450,00"
"7506306256927","5.700,00"
"7509552902433","7.100,00"
"7891024132647","7.200,00"
"7791293050416","4.400,00"
"7500435213417","11.350,00"
"7798140257738","7.650,00"
"7791274189333","2.950,00"
"7790940515063","4.850,00"
"7509552922233","7.950,00"
"7792052067119","4.150,00"
"7790010002790","4.000,00"
"7791274198069","2.900,00"
"7500435248075","8.850,00"
"7509552859133","7.300,00"
"7798142356583","8.850,00"
"7791293048635","9.950,00"
"7509552902976","18.050,00"
"7790250097594","6.050,00"
"7791293045689","3.750,00"
"7791293048659","9.950,00"
"7791293050546","6.000,00"
"7506306255067","5.700,00"
"7790770602186","1.650,00"
"7500435229838","16.900,00"
"7791293047645","15.300,00"
"7793008018926","2.050,00"
"7500435162913","18.800,00"
"7790770602087","2.400,00"
"7791293043845","4.407,00"
"7791293045658","3.800,00"
"7793008019725","3.150,00"
"7791293047621","15.250,00"
"7509546700434","6.150,00"
"7791600037345","5.750,00"
"7509546066776","4.850,00"
"7509546693170","2.350,00"
"7790139101053","3.250,00"
"7506306249981","5.700,00"
"7792052066907","2.000,00"
"7791293050454","4.400,00"
"7891024136409","5.400,00"
"7791293051550","6.200,00"
"7793742004711","25.426,00"
"7891024116319","7.650,00"
"7790416066631","3.150,00"
"7500435147569","11.800,00"
"7500435138000","12.500,00"
"7509552937343","7.550,00"
"7891024123362","8.200,00"
"7891150101647","5.950,00"
"7790033338142","17.050,00"
"7500435229821","10.450,00"
"7500435231244","7.550,00"
"7702018053469","9.050,00"
"7899706188340","35.050,00"
"7891010255275","9.500,00"
"7509552876536","7.950,00"
"7798142356392","12.800,00"
"7509546693736","11.300,00"
"7500435129367","12.000,00"
"7790139100797","3.650,00"
"7791293051024","6.350,00"
"7791293047072","5.700,00"
"7899706194273","24.050,00"
"7790010002783","13.650,00"
"7891024027257","2.900,00"
"7509546667577","7.450,00"
"7500435147507","11.800,00"
"7791293050409","4.400,00"
"7791293051246","3.750,00"
"7702031310914","17.050,00"
"7509552911961","9.300,00"
"7793008017929","4.400,00"
"7791293050133","15.950,00"
"7591083011098","3.600,00"
"7500435213882","11.350,00"
"7791519704635","10.100,00"
"7509552928853","12.250,00"
"7891150104822","6.350,00"
"7509552923162","7.850,00"
"7891010255312","7.634,00"
"7791293046013","9.100,00"
"7891150089952","7.300,00"
"7793008020424","4.400,00"
"7500435019484","7.550,00"
"7891010253936","12.600,00"
"7791274189326","2.950,00"
"7791519704628","11.250,00"
"7790416066532","3.150,00"
"7506460101064","6.300,00"
"7792052065825","3.280,00"
"7509546679617","9.150,00"
"7891010253257","12.600,00"
"7891150088894","6.000,00"
"7791293046389","9.100,00"
"7798142351205","5.300,00"
"7500435159241","7.450,00"
"7500435244374","16.500,00"
"7791293047058","5.700,00"
"7500435229999","16.900,00"
"7791293046440","9.100,00"
"7791293046983","5.700,00"
"7791274199653","2.400,00"
"7791293049922","6.000,00"
"7500435159234","11.800,00"
"7791293045856","3.800,00"
"7790940233257","2.550,00"
"7509552928273","20.050,00"
"7791293049991","6.000,00"
"7790010002813","2.550,00"
"7702018874729","7.300,00"
"7500435229807","16.500,00"
"7793008019817","3.150,00"
"7793008030478","6.300,00"
"7791293050492","9.850,00"
"7500435247627","10.350,00"
"7791293049779","9.100,00"
"7702027042010","6.700,00"
"7790740001865","4.750,00"
"7798142352110","12.800,00"
"7793008019060","6.050,00"
"7792052066891","2.000,00"
"7791293050423","4.400,00"
"7500435241045","15.950,00"
"7791600037635","5.600,00"
"7790010002820","3.550,00"
"7791293046365","3.800,00"
"7509552922295","7.950,00"
"7794640173127","5.750,00"
"7792640008111","10.350,00"
"7891024027998","9.450,00"
"7500435202671","7.550,00"
"7702425543966","8.750,00"
"7500435176224","19.350,00"
"7500435247900","24.350,00"
"7509546651057","6.600,00"
"7509552923940","16.550,00"
"7790416066433","3.150,00"
"7500435162135","18.800,00"
"7509546703640","5.950,00"
"7500435241106","10.050,00"
"7891024024249","4.100,00"
"7891010255398","6.500,00"
"7792052067065","2.770,00"
"7500435244381","16.500,00"
"7891150090675","4.600,00"
"7794218106489","650,00"
"7791293047003","5.700,00"
"7794640171758","14.600,00"
"7793008019749","3.150,00"
"7793008020332","16.750,00"
"7506460101088","6.950,00"
"7509552844047","24.050,00"
"7509552791297","18.250,00"
"7791293050850","1.650,00"
"7509552840339","44.000,00"
"7702018001071","15.350,00"
"7503036426057","2.600,00"
"7500435219662","14.150,00"
"7790773007124","3.550,00"
"7790033338180","7.550,00"
"7500435209632","6.250,00"
"7794640173097","4.050,00"
"7791600018344","4.800,00"
"7500435191586","10.450,00"
"7500435224604","14.150,00"
"7790010002738","6.650,00"
"7509552790153","18.050,00"
"7790770602056","8.150,00"
"7506339390230","9.950,00"
"7500435249355","7.550,00"
"7792052066914","2.000,00"
"7791274004414","3.700,00"
"7791293050430","4.400,00"
"7509546686615","9.450,00"
"7791293049748","9.100,00"
"7509546690384","7.200,00"
"7791293049915","6.000,00"
"7509546686912","7.950,00"
"7509552948172","22.950,00"
"7798140257868","10.000,00"
"7500435229487","5.700,00"
"7591083011081","3.600,00"
"7791293049755","3.800,00"
"7791293050768","3.300,00"
"7793620003560","15.250,00"
"7791293050058","15.950,00"
"7793100120282","4.500,00"
"7791293050072","6.000,00"
"7500435173223","8.000,00"
"7793008019770","3.150,00"
"7791293051482","6.000,00"
"7791274009532","3.050,00"
"7792052067041","2.770,00"
"7792052066839","5.580,00"
"7791293047034","5.700,00"
"7891024039571","7.350,00"
"7791293047065","5.700,00"
"7791293045870","3.750,00"
"7791293050881","9.500,00"
"7793008018780","7.250,00"
"7791293046419","9.100,00"
"7792052067096","1.600,00"
"7500435253086","11.100,00"
"7503036426446","3.000,00"
"7791293046396","3.750,00"
"7791293048048","4.450,00"
"7790033338173","11.650,00"
"7790770602230","1.650,00"
"7509552836592","9.150,00"
"7509552923933","16.550,00"
"7509546690285","7.200,00"
"7791969076634","9.600,00"
"7798140257721","7.650,00"
"7500435243698","9.500,00"
"7500435202701","18.800,00"
"7793008030485","6.300,00"
"7790416066525","2.400,00"
"7798339190143","4.800,00"
"7509552948073","22.950,00"
"7791293051451","3.800,00"
"7891010255251","9.500,00"
"7891024123188","5.200,00"
"7793742002915","26.750,00"
"7804923025286","9.500,00"
"7798092840187","5.450,00"
"7500435211635","21.250,00"
"7891010251055","19.150,00"
"7500435127417","10.600,00"
"7791293047591","15.300,00"
"7790033338203","6.450,00"
"7500435155830","6.550,00"
"7790740001834","4.950,00"
"7509552902402","7.300,00"
"7793008018186","6.250,00"
"7500435247955","10.050,00"
"7702003010774","1.200,00"
"7794626012822","3.400,00"
"7509552902426","18.250,00"
"7500435106382","9.500,00"
"7509546703763","4.350,00"
"7792052065818","3.210,00"
"7891010254933","38.300,00"
"7790010002875","3.550,00"
"7509552790436","18.250,00"
"7891024130940","5.400,00"
"7509552948097","22.950,00"
"7793742007415","16.800,00"
"7500435161602","19.350,00"
"7792052067058","2.770,00"
"7500435148047","7.550,00"
"7794626011177","23.050,00"
"7790033338159","20.050,00"
"7503036426439","3.000,00"
"7791600024239","4.700,00"
"7891150088887","6.000,00"
"7791293046426","3.800,00"
"7791293050089","6.000,00"
"7792640001167","9.300,00"
"7500435233057","8.050,00"
"7791600064457","4.700,00"
"7500435231268","18.800,00"
"7500435252867","25.050,00"
"7500435244404","16.900,00"
"7793742003004","11.800,00"
"7794640170102","2.250,00"
"7790010002615","3.950,00"
"7500435244411","16.900,00"
"7791274193392","2.750,00"
"7790940233011","2.000,00"
"7793008018896","3.150,00"
"7791274189340","2.950,00"
"7891010255299","9.500,00"
"7891024179437","9.000,00"
"7793008019732","3.150,00"
"7790010002622","10.150,00"
"7794626014956","3.200,00"
"7791293047652","15.950,00"
"7791293049793","6.000,00"
"7509552948103","22.950,00"
"7791293045672","3.750,00"
"7791293012063","5.419,00"
"7791293051659","7.350,00"
"7509552948974","22.950,00"
"7509546073453","2.850,00"
"7791293050003","6.000,00"
"7793008018148","6.250,00"
"7509546702605","6.150,00"
"7791274193408","2.750,00"
"7500435142564","7.550,00"
"7793742004698","19.901,00"
"7793008019794","3.150,00"
"7500435144636","20.800,00"
"7500435141840","9.950,00"
"7509552924121","16.550,00"
"7793008019756","3.150,00"
"7500435249331","18.800,00"
"7791274193415","2.750,00"
"7509546653396","4.350,00"
"7790740001896","4.750,00"
"7798140257554","3.850,00"
"7791274200045","3.050,00"
"7791293049021","9.500,00"
"7501054541172","18.300,00"
"7791293050140","15.800,00"
"7790740001889","4.750,00"
"7891024131459","7.450,00"
"7791293047584","15.300,00"
"7500435129947","9.350,00"
"7509552948547","22.950,00"
"7792052066921","3.540,00"
"7790740001872","4.750,00"
"7896001026025","7.300,00"
"7500435160674","8.100,00"
"7793008018773","5.550,00"
"7509552902389","11.750,00"
"7791293051666","7.350,00"
"7793008018858","3.150,00"
"7793742002922","26.750,00"
"7509552928860","10.050,00"
"7509552947991","22.950,00"
"7793008018872","3.150,00"
"7500435106412","9.500,00"
"7702018983902","14.800,00"
"7794640171376","2.250,00"
"7509546695518","3.400,00"
"7500435212557","16.100,00"
"7509552948189","22.950,00"
"7793008017370","6.250,00"
"7891010882990","24.250,00"
"7791293046471","9.100,00"
"7793008019787","3.150,00"
"7793742003790","29.597,00"
"7790010002691","3.150,00"
"7790010002752","3.950,00"
"7791293047874","1.650,00"
"7509552948004","22.950,00"
"7891010972226","10.050,00"
"7794640173196","7.700,00"
"7793008020370","7.450,00"
"7791293045665","3.750,00"
"7509552948141","22.950,00"
"7792052999526","3.520,00"
"7500435148061","12.500,00"
"7500435233026","16.200,00"
"7891010251048","13.300,00"
"7891010255374","6.500,00"
"7791293049809","5.500,00"
"7792052066884","3.650,00"
"7896001025806","6.600,00"
"7509552948028","22.950,00"
"7891150099920","5.950,00"
"7792052098236","8.750,00"
"7792052066945","3.540,00"
"7793008018759","5.550,00"
"7791274200038","1.850,00"
"7791293045894","3.800,00"
"7791293047041","5.700,00"
"7500435252966","12.500,00"
"7791293045887","3.750,00"
"7791293041841","3.700,00"
"7791600087234","5.850,00"
"7509552836585","7.300,00"
"7896001025769","22.400,00"
"7798140259985","13.850,00"
"7792052066853","3.650,00"
"7896001025714","3.050,00"
"7891010251031","14.200,00"
"7790773008473","4.100,00"
"7790033338166","12.250,00"
"7798142357283","12.050,00"
"7509546695082","12.900,00"
"7792052066938","3.540,00"
"7798142350468","5.300,00"
"7791293049830","6.000,00"
"7793008012665","6.300,00"
"7790010002639","3.150,00"
"7791293045863","3.750,00"
"7500435141833","11.150,00"
"7791293051420","3.800,00"
"7791293049892","15.800,00"
"7792052067072","1.600,00"
"7500435233040","8.050,00"
"7792052066877","5.760,00"
"7509552948554","22.950,00"
"7793008020356","16.750,00"
"7792052063708","6.000,00"
"7891024179420","6.300,00"
"7792052067089","1.600,00"
"7790773008459","3.750,00"
"7798142357399","7.400,00"
"7790773091000","3.300,00"
"7792052066860","5.920,00"
"7702018874750","14.050,00"
"7794626015229","13.100,00"
"7791293046457","3.800,00"
"7702018983872","8.400,00"
"7792052063715","3.530,00"
"7791293046860","1.600,00"
"7509552795301","18.050,00"
"7509546705767","1.350,00"
"7794640171420","6.545,99"
"7798142356705","11.450,00"
"7791274000546","3.650,00"
"7790773091017","4.300,00"
"7790250040880","24.150,00"
"7500435228749","35.550,00"
"7891010035976","2.000,00"
"7500435230506","22.850,00"
"7790250042792","19.450,00"
"7500435237604","41.350,00"
"7794626011023","4.950,00"
"7500435228763","35.550,00"
"7500435228732","35.550,00"
"7500435228756","30.202,00"
"7500435237642","25.919,00"
"7790250042068","15.908,00"
"7500435237659","41.650,00"
"7896061990694","11.950,00"
"7790250040873","24.150,00"
"7790250042082","15.908,00"
"7896061990687","3.950,00"
"7500435228770","35.550,00"
"7500435237611","23.850,00"
"7500435237598","45.710,00"
"7500435228589","25.701,00"
"7500435237628","41.350,00"
"7500435228565","43.450,00"
"7790010002950","5.500,00"
"7500435237550","70.350,00"
"7795323775348","3.300,00"
"7792052096805","6.320,00"
"7500435228602","25.795,00"
"7794626015359","26.000,00"
"7500435146258","36.250,00"
"7795323775256","2.250,00"
"7500435228701","54.050,00"
"7794626012952","28.300,00"
"7794626012846","28.300,00"
"7500435237543","64.600,00"
"7790010002936","8.200,00"
"7500435228572","26.200,00"
"7500435228541","43.450,00"
"7794626011047","8.750,00"
"7795323775324","3.250,00"
"7790010002943","6.050,00"
"7790064104693","4.850,00"
"7790010003308","9.850,00"
"7790010002967","10.300,00"
"7790010003292","6.500,00"
"7790010003179","11.500,00"
"7702425632189","9.650,00"
"7794626012938","26.200,00"
"7500435228596","25.701,00"
"7500435146241","36.250,00"
"7896061990717","6.050,00"
"7891010247324","6.950,00"
"7794626012945","28.300,00"
"7500435237635","42.600,00"
"7795323775249","2.350,00"
"7794626011054","9.050,00"
"7798311610317","4.100,00"
"7896018704398","2.100,00"
"7794626012839","28.300,00"
"7790010002929","4.400,00"
"7795323775263","2.500,00"
"7798181641459","2.050,00"
"7790010002974","6.300,00"
"7790740608255","4.450,00"
"7790010002998","6.300,00"
"7790064104679","4.850,00"
"7702031604143","7.200,00"
"7500435172714","8.700,00"
"7790010002912","7.400,00"
"7792052096812","3.960,00"
"7791274198434","1.500,00"
"7790773018335","4.700,00"
"7790010003254","12.000,00"
"7891010255145","5.500,00"
"7792052064217","1.950,00"
"7790010003193","5.200,00"
"7790773082558","4.700,00"
"7891010257392","3.750,00"
"7791274196546","5.700,00"
"7790010003209","6.300,00"
"7791274005237","2.400,00"
"7791274200663","6.400,00"
"7790773008367","4.700,00"
"7794626013973","8.050,00"
"7798181641466","8.550,00"
"7790010003230","6.500,00"
"7891010560737","3.250,00"
"7891010257378","5.250,00"
"7500435231695","15.600,00"
"7891010032937","6.950,00"
"7790740608293","4.450,00"
"7891010251024","6.700,00"
"7791274003578","4.500,00"
"7702031244592","9.350,00"
"7702031244622","9.400,00"
"7790064104808","7.600,00"
"7790010003261","6.900,00"
"7790064104815","12.650,00"
"7790773007117","2.450,00"
"7790010003278","12.000,00"
"7795323775331","3.350,00"
"7792052065535","2.170,00"
"7791274199387","6.500,00"
"7790064104716","3.450,00"
"7790070036223","3.800,00"
"7790070035974","8.550,00"
"7792052178396","3.290,00"
"7790360966841","5.510,00"
"7790670050667","25.266,00"
"7790670052371","5.900,00"
"7790360026576","8.380,00"
"7790070036599","8.250,00"
"7790670051831","8.250,00"
"7790360026583","39.650,00"
"7790670053064","1.450,00"
"7798147783223","7.850,00"
"7790360966797","2.430,00"
"7790360982445","6.600,00"
"7790360026606","4.750,00"
"7790360026590","23.416,00"
"7790360967763","4.250,00"
"7790670050780","41.700,00"
"7792052178419","24.020,00"
"7790070035981","4.900,00"
"7790360981042","5.450,00"
"7790070036131","8.400,00"
"7790070036063","10.650,00"
"7790070103918","10.000,00"
"7795792000224","1.699,00"
"7792052179966","3.720,00"
"7798342151513","6.000,00"
"7790360982018","7.550,00"
"7790070036346","4.050,00"
"7790070036292","4.950,00"
"7790360980618","5.000,00"
"7798147784008","7.850,00"
"7790070035998","4.900,00"
"7790360971395","20.450,00"
"7790670050605","14.200,00"
"7790070035967","4.900,00"
"7790360967701","7.150,00"
"7790070036322","3.900,00"
"7790360967411","6.950,00"
"7792052178402","8.610,00"
"7798147784442","7.850,00"
"7891515629458","7.650,00"
"7790070103925","9.000,00"
"7790070036438","7.850,00"
"7891515629465","16.450,00"
"7790670052289","10.000,00"
"7790070036384","3.800,00"
"7798342151544","4.650,00"
"7798384890296","19.990,00"
"7790360026682","8.950,00"
"7798342151407","6.050,00"
"7792052072588","5.890,00"
"7793281493489","30.300,00"
"7790070036650","7.550,00"
"7790070036148","12.500,00"
"7790070036391","4.700,00"
"7891515547066","14.000,00"
"7790670050957","5.350,00"
"7790070036049","7.400,00"
"7790670052791","7.400,00"
"7792052175197","10.850,00"
"7798138004757","6.350,00"
"7891515571351","6.100,00"
"7798138004764","6.250,00"
"7798342151384","10.200,00"
"7790070040046","16.150,00"
"7790670052722","5.500,00"
"7792052178426","40.450,00"
"7790070036056","7.400,00"
"7790670050612","7.300,00"
"7790670052593","4.650,00"
"7792052067218","5.970,00"
"7798138004733","6.100,00"
"7792052097741","5.610,00"
"7790670052524","7.800,00"
"7790580454210","17.400,00"
"7790670052586","6.200,00"
"7790147547799","3.080,00"
"7798141132591","4.800,00"
"7798342151124","8.050,00"
"7792052179959","2.600,00"
"7798342151520","4.800,00"
"7792052097758","20.690,00"
"7798342151254","6.950,00"
"7790070036117","5.050,00"
"7792052175203","10.850,00"
"7798342151612","3.550,00"
"7798342151582","6.350,00"
"7792052175227","4.290,00"
"7798160225847","4.750,00"
"7793281493496","47.900,00"
"7798342151377","5.800,00"
"7790670051329","6.050,00"
"7792052179942","2.640,00"
"7790360023902","7.850,00"
"7792052096898","7.700,00"
"7790670051336","6.050,00"
"7792052096249","6.300,00"
"7790580121860","19.000,00"
"7891515586720","10.050,00"
"7790070036230","7.150,00"
"7790360982247","6.100,00"
"7790070103901","10.000,00"
"7798342151261","8.200,00"
"7798138004771","5.500,00"
"7891515588410","7.250,00"
"7790070104007","9.500,00"
"7790670052739","5.500,00"
"7891515586812","7.400,00"
"7790360982223","4.900,00"
"7793281493410","7.950,00"
"7790670052609","4.500,00"
"7790580121877","19.000,00"
"7798016103220","11.950,00"
"7792052096256","7.390,00"
"7798342151391","8.650,00"
"7792052067195","7.000,00"
"7790580121907","19.000,00"
"7790670052999","3.850,00"
"7790070036261","7.150,00"
"7795792001252","5.990,00"
"7790309000049","9.450,00"
"7792052175210","4.350,00"
"7790670052708","5.500,00"
"7798342151971","5.500,00"
"7792180009074","7.050,00"
"7790070036247","7.150,00"
"7798415760277","14.900,00"
"7792052091626","4.150,00"
"7798260740295","9.950,00"
"7792052067188","5.760,00"
"7790360982230","4.900,00"
"7891515547059","17.200,00"
"7790174001394","7.550,00"
"7790670052715","5.500,00"
"7792052176149","11.660,00"
"7798141511051","12.990,00"
"7790360982254","6.100,00"
"7790174001400","7.350,00"
"7790174001301","6.700,00"
"7790174001325","6.700,00"
"7798016104784","5.900,00"
"7792180142641","5.700,00"
"7792180143402","14.900,00"
"7792180143600","16.350,00"
"7792180130310","9.800,00"
"7891515575014","9.900,00"
"7798384891903","17.990,00"
"7793281493946","6.700,00"
"7792180142122","10.850,00"
"7792052091770","13.900,00"
"7798160225885","4.600,00"
"7790174000601","6.700,00"
"7790360982025","14.800,00"
"7792180142085","11.700,00"
"7798415760154","14.900,00"
"7798260740264","15.900,00"
"7798304841452","9.850,00"
"7790360982537","7.700,00"
"7790174001332","6.700,00"
"7798415760055","14.900,00"
"7798415760239","14.900,00"
"7792180142634","4.700,00"
"7792180130303","9.800,00"
"7791473001061","3.000,00"
"7791473001634","7.000,00"
"7794529042308","2.000,00"
"7798009620673","2.500,00"
"7798164190578","4.000,00"
"7793890258592","2.300,00"
"7794529041820","3.000,00"
"7793890259292","4.180,00"
"7791473002624","2.500,00"
"7793890259322","3.240,00"
"7790522012010","3.550,00"
"7793890259308","4.703,00"
"7794529041837","3.000,00"
"7791473001627","7.000,00"
"7794529042285","2.000,00"
"7798157742142","4.500,00"
"7798164193265","3.000,00"
"7798177400121","5.500,00"
"7798164192152","4.000,00"
"7793890259339","5.400,00"
"7798164193302","3.000,00"
"7798164192756","4.000,00"
"7794529042292","2.000,00"
"7798157742166","4.500,00"
"7798164193289","3.000,00"
"7798004241323","3.500,00"
"7791664001283","1.900,00"
"7798073177394","21.550,00"
"7797453000550","1.350,00"
"7798073177431","17.450,00"
"7797453000796","1.310,00"
"7797453000475","1.310,00"
"7891000244074","1.650,00"
"7613287613431","9.650,00"
"7797453000482","1.310,00"
"7798073173860","13.080,00"
"7797453000413","1.350,00"
"7613287230386","22.750,00"
"7613287614971","33.715,00"
"7797453000437","1.350,00"
"7798073177226","3.800,00"
"7798073177516","29.700,00"
"7613287613455","19.410,00"
"7797453001571","12.900,00"
"7797453000543","1.350,00"
"7797453972406","18.550,00"
"7797453000406","1.350,00"
"7613287225535","39.650,00"
"7798073177233","10.100,00"
"7797453972345","6.800,00"
"7613287225191","15.300,00"
"7797453000420","1.350,00"
"7798139793346","7.750,00"
"7797453001519","12.350,00"
"7891000244036","1.650,00"
"7798139791731","1.200,00"
"7798139793414","9.350,00"
"7613287225375","41.850,00"
"7797453001557","11.900,00"
"7797453001489","1.350,00"
"7798073177387","8.750,00"
"7797453972307","18.750,00"
"7798073177615","3.850,00"
"7797453972253","3.750,00"
"7797453001595","12.350,00"
"7613287613226","5.900,00"
"7792052038959","8.270,00"
"7891000244661","1.650,00"
"7891000115619","1.650,00"
"7798073177370","4.550,00"
"7797453972499","29.750,00"
"7797453001540","6.400,00"
"7792052038966","4.590,00"
"7797453972352","18.550,00"
"7797453973793","2.150,00"
"7797453971843","5.200,00"
"7613287225313","41.850,00"
"7891000244012","1.650,00"
"7613287613240","10.650,00"
"7798073174089","4.900,00"
"7798073177622","7.003,00"
"7891000115695","1.650,00"
"7613287613356","5.400,00"
"7797453971812","4.500,00"
"7800155470696","6.300,00"
"7797453972291","6.800,00"
"7797453973816","3.600,00"
"7891000244722","1.650,00"
"7798073177264","1.950,00"
"7797453971805","2.300,00"
"7613287613264","21.850,00"
"7800155045634","2.550,00"
"7800155472201","19.800,00"
"7800155473512","37.500,00"
"7798139796415","13.250,00"
"7800155238784","3.500,00"
"7613287228017","39.650,00"
"7613287225511","15.300,00"
"7797453001502","7.000,00"
"7798139796811","1.000,00"
"7798139796682","1.250,00"
"7797453972338","3.750,00"
"7800155470825","14.620,00"
"7800155046266","6.900,00"
"7797453973090","7.700,00"
"7800155471983","6.540,00"
"7613287225115","47.950,00"
"7798139796668","1.200,00"
"7800155471976","6.540,00"
"7800155472003","6.540,00"
"7800155471990","6.540,00"
"7613287227294","15.300,00"
"7798389200052","2.050,00"
"7797453971829","1.100,00"
"7800155471952","6.540,00"
"7798073177639","3.850,00"
"7798139791793","1.200,00"
"7800155234342","7.950,00"
"7798073177646","7.003,00"
"7800155471969","6.540,00"
"7798389200069","2.300,00"
"7800155472669","6.900,00"
"7797453001533","12.300,00"
"7797453001526","6.400,00"
"7797453971874","2.100,00"
"7800155470870","5.110,00"
"7798073177592","28.650,00"
"7798073177417","3.850,00"
"7800155045641","5.780,00"
"7798139791618","16.200,00"
"7798139791700","6.100,00"
"7798139791779","1.200,00"
"7800155471297","5.590,00"
"7613287224897","16.850,00"
"7797453972260","6.800,00"
"7797453001564","6.950,00"
"7798139793056","1.000,00"
"7797453973083","4.200,00"
"7800155471037","9.450,00"
"7798139796712","2.000,00"
"7797453001472","1.350,00"
"7798139793407","7.050,00"
"7797453972284","3.750,00"
"7800155471495","3.590,00"
"7797453973786","2.150,00"
"7798139791755","1.200,00"
"7798389200045","2.000,00"
"7891000120774","1.450,00"
"7798139796675","1.250,00"
"7798139791694","6.300,00"
"7800155235233","5.700,00"
"7800155326733","2.900,00"
"7800155045603","7.990,00"
"7798139793070","1.000,00"
"7800155472690","9.590,00"
"7797453971867","2.650,00"
"7800155470597","1.990,00"
"7798139796439","4.500,00"
"7797453971850","2.650,00"
"7800155471044","9.350,00"
"7797453971836","2.650,00"
"7792052045483","6.270,00"
"7800155471341","5.500,00"
"7798139796897","2.250,00"
"7800155471471","3.590,00"
"7800155045610","13.900,00"
"7800155470863","5.500,00"
"7797453973441","1.550,00"
"7800155326740","3.950,00"
"7792052045490","6.270,00"
"7800155472409","6.900,00"
"7800155471303","5.590,00"
"7800155326719","6.500,00"
"7800155046501","3.500,00"
"7800155472393","9.030,00"
"7800155238883","5.780,00"
"7798139796873","1.350,00"
"7798139796958","1.350,00"
"7800155471488","3.590,00"
"7792052045476","5.760,00"
"7800155470689","3.720,00"
"7800155235004","5.750,00"
"7800155326757","4.800,00"
"7792052169080","3.024,00"
"7800155471815","4.990,00"
"7800155471457","12.100,00"
"7800155472386","7.160,00"
"7800155470788","9.850,00"
"7800155234991","5.750,00"
"7792052169097","3.024,00"
"7798139796729","3.500,00"
"7800155471051","9.560,00"
"7792052169103","5.238,00"
"7800155472379","6.000,00"
"7800155234984","5.750,00"
"7797453972383","3.750,00"
"7800155471518","3.590,00"
"7798139796927","1.650,00"
"7798139790789","3.050,00"
"7791822688004","2.899,00"
"7800155061047","1.399.000,00"
"7800155061238","1.999.900,00"
"7797887971341","59.999,00"
"7800155062976","122.900,00"
"7798118410745","490,00"
"7800155419695","84.900,00"
"7790520989963","4.949,00"
"7790065000734","3.349,00"
"7800155062952","129.900,00"
"7790520989956","5.149,00"
"7800155503288","4.999,00"
"7790520027474","8.149,00"
"7798149039977","199.900,00"
"7798042576050","99.990,00"
"7800155173290","139.990,00"
"7790520991430","11.049,00"
"7800155172781","48.990,00"
"7791822681159","1.999,00"
"7800155164892","26.245,00"
"7800155519609","66.990,00"
"7800155441580","42.190,00"
"7800155444963","5.599,00"
"7791822676414","2.350,00"
"7800155164779","16.099,00"
"7800155452944","79.990,00"
"7800155164861","21.055,00"
"7800155063034","174.900,00"
"7792052066037","2.449,00"
"7791822688462","3.239,00"
"7891023556505","19.499,00"
"7791822676407","2.249,00"
"7798347080849","2.799,00"
"7702147336952","20.149,00"
"7800155268323","64.900,00"
"7800155354583","53.549,00"
"7896741361028","85.500,00"
"7800155378954","30.590,00"
"7798125593158","30.229,00"
"7791822623005","2.899,00"
"7896952506461","3.649,00"
"7896952506539","7.890,00"
"7800155062938","179.900,00"
"7800155441573","24.290,00"
"7896398320119","30.379,00"
"7800155236988","2.490,00"
"7800155171340","69.999,00"
"7896952533054","2.199,00"
"7800155475806","99.990,00"
"7800155354590","76.499,00"
"7800155062808","179.900,00"
"7791231605005","8.449,00"
"7790520027467","8.649,00"
"7798098179847","131.299,00"
"7798347086193","2.119,00"
"7798125591840","21.759,00"
"7798118413203","2.599,00"
"7891023554679","13.199,00"
"7800155172774","32.990,00"
"7798347086209","2.119,00"
"7790065000017","2.599,00"
"7790117000422","3.299,00"
"7800155171722","4.990,00"
"7800155167183","23.249,00"
"7795587000316","1.799,00"
"7896952506492","6.890,00"
"7798343358171","6.699,00"
"7798274755926","199.899,00"
"7806810200097","13.399,00"
"7800155165202","30.549,00"
"7798274755827","183.499,00"
"7800155307534","34.259,00"
"7790520991447","11.449,00"
"7792052066020","4.699,00"
"7896952506478","3.749,00"
"7799032000296","1.125,00"
"7800155105673","109.990,00"
"7800155169095","7.990,00"
"7800155361284","34.990,00"
"7800155167152","33.399,00"
"7800155441597","49.990,00"
"7798125594919","29.019,00"
"7800155257860","58.999,00"
"7891155038993","3.549,00"
"7806810201735","21.449,00"
"7798003293590","9.049,00"
"7891112018648","9.829,00"
"7798178540178","8.299,00"
"7792281000789","5.849,00"
"7800155296982","14.105,00"
"7800155522852","220.990,00"
"7800155503295","6.999,00"
"7791465001253","4.849,00"
"7798009181297","176.699,00"
"7792281009133","49.599,00"
"7800155476025","40.990,00"
"7800155169514","11.915,00"
"7800155592305","129.999,00"
"7800155592565","19.999,00"
"7896359015252","15.199,00"
"7800155441191","32.990,00"
"7800155297866","12.799,00"
"7800155174846","13.990,00"
"7501032990053","10.149,00"
"7800155062990","122.900,00"
"7891023005003","9.990,00"
"7896952505709","1.449,00"
"7800155139180","15.990,00"
"7891155056584","6.649,00"
"7795587001023","4.999,00"
"7800155375328","15.990,00"
"7798347080054","2.499,00"
"7791822686093","10.849,00"
"7800155441610","131.990,00"
"7799032000166","1.125,00"
"7791822676452","2.049,00"
"7798433961731","29.999,00"
"7800155475820","99.990,00"
"7798120231208","15.649,00"
"7800155508207","22.990,00"
"7796038043067","1.899,00"
"7896398320522","29.399,00"
"7791822689797","15.299,00"
"7800155299341","10.699,00"
"7806810210010","8.699,00"
"7798401381905","158.849,00"
"7798103300327","16.990,00"
"7790400017199","2.549,00"
"7806810221009","7.299,00"
"7800155592572","19.999,00"
"7798347080856","2.799,00"
"7800155167275","6.999,00"
"7790117002310","5.399,00"
"7800155297842","8.549,00"
"7798009183772","171.599,00"
"7800155244747","19.949,00"
"7800155519579","26.900,00"
"7791822688455","2.249,00"
"7800155587882","11.999,00"
"7896359006304","5.249,00"
"7891361269822","12.699,00"
"7800155330181","9.999,00"
"7800155503356","4.999,00"
"7791822689193","2.899,00"
"7800155579085","285.499,00"
"7791822689469","13.949,00"
"7800155579122","119.900,00"
"7798274750037","153.749,00"
"7793752303361","9.799,00"
"7791822621452","1.999,00"
"7800155307541","19.185,00"
"7800155522838","205.990,00"
"7800155519180","9.999,00"
"7798114711136","9.499,00"
"7800155372020","15.990,00"
"7790391102669","1.099,00"
"7791822621353","1.749,00"
"7798009185257","108.049,00"
"7800155592596","34.999,00"
"7800155168524","9.990,00"
"7896359015078","4.249,00"
"7806810200080","13.299,00"
"7800155519531","22.900,00"
"7800155330426","59.990,00"
"7800155591179","99.990,00"
"7790065000048","6.899,00"
"7792579017741","4.749,00"
"7800155504025","6.949,00"
"7799032000272","1.125,00"
"7891361273959","10.399,00"
"7806810200028","18.149,00"
"7792281346115","2.699,00"
"7702147236955","3.049,00"
"7800155508979","17.005,00"
"7800155502175","7.449,00"
"7800155165288","4.099,00"
"7800155441603","63.990,00"
"7800155386195","6.990,00"
"7891023572727","14.449,00"
"7800155476001","30.990,00"
"7798009184335","148.849,00"
"7800155354729","4.549,00"
"7798118410332","2.350,00"
"7791822621773","2.299,00"
"7800155508641","13.490,00"
"7798151812117","4.835,00"
"7800155244587","31.275,00"
"7799032000265","1.125,00"
"7800155092270","9.099,00"
"7891155032328","3.650,00"
"7896952506393","3.990,00"
"7800155503332","4.999,00"
"7800155446431","7.399,00"
"7798149038505","129.449,00"
"7791822623012","2.699,00"
"7793015000440","19.149,00"
"7798151819697","4.849,00"
"7800155475837","99.990,00"
"7800155417905","39.999,00"
"7798025510774","1.790,00"
"7796589000632","9.849,00"
"7800155523040","100.990,00"
"7800155455884","4.990,00"
"7798151813084","3.399,00"
"7800155503103","9.999,00"
"7798375128629","1.985,00"
"7790400030464","6.169,00"
"7790147008115","12.149,00"
"7791822621971","2.249,00"
"7800155536231","39.900,00"
"7800155299280","12.249,00"
"7800155338514","9.990,00"
"7800155293479","79.900,00"
"7896952531708","3.849,00"
"7796038081137","2.149,00"
"7800155167190","53.099,00"
"7800155171753","41.999,00"
"7792579020680","15.899,00"
"7792579002457","2.449,00"
"7792281021609","2.499,00"
"7798114711310","3.849,00"
"7800155352831","160.849,00"
"7793206061502","18.099,00"
"7791822681142","1.949,00"
"7800155357539","6.999,00"
"7800155592756","39.999,00"
"7798009186483","89.949,00"
"7800155522777","185.990,00"
"7798375128612","1.985,00"
"7798347085585","2.079,00"
"7800155446110","10.649,00"
"7798338231977","17.999,00"
"7800155592961","54.999,00"
"7794297083596","5.469,00"
"7891155071327","18.649,00"
"7800155296708","6.749,00"
"7800155256498","55.100,00"
"7891112017207","11.305,00"
"7798347086131","2.229,00"
"7796589000649","12.175,00"
"7800155522883","220.990,00"
"7798375128742","1.985,00"
"7798375128681","1.985,00"
"7791822688707","2.399,00"
"7795722019616","41.065,00"
"7800155307527","32.999,00"
"7791822622435","2.949,00"
"7800155062419","10.990,00"
"7792281003605","6.029,00"
"7792281156226","5.390,00"
"7798003294665","8.349,00"
"7795587002242","3.449,00"
"7800155174808","35.990,00"
"7800155441207","29.990,00"
"7800155592619","44.999,00"
"7798347086148","2.229,00"
"7798375128520","1.985,00"
"7800155171746","24.999,00"
"7798151812025","4.305,00"
"7791822689834","16.149,00"
"7800155166377","11.049,00"
"7800155171739","9.999,00"
"7800155142371","14.990,00"
"7791822388270","7.849,00"
"7800155105499","46.990,00"
"7800155508054","16.990,00"
"7800155142388","14.990,00"
"7800155142395","14.990,00"
"7791465001741","11.649,00"
"7800155169064","3.990,00"
"7793752301367","12.099,00"
"7891023554655","17.799,00"
"7891112017214","11.449,00"
"7800155029498","143.749,00"
"7800155587899","6.999,00"
"7891155072690","12.949,00"
"7800155300436","22.299,00"
"7791822684280","2.150,00"
"7791822670245","2.699,00"
"7800155522845","220.990,00"
"7791822388157","7.349,00"
"7702147229834","4.899,00"
"7798433961748","22.999,00"
"7800155503387","9.999,00"
"7791416091067","7.549,00"
"7800155165295","4.099,00"
"7793752302364","11.549,00"
"7792281000574","5.349,00"
"7800155168463","2.499,00"
"7800155523743","6.049,00"
"7798239332490","5.209,00"
"7800155531601","9.999,00"
"7800155475776","99.990,00"
"7800155504162","7.990,00"
"7798347081426","1.749,00"
"7791213041074","28.099,00"
"7798239338744","10.415,00"
"7792281000871","19.599,00"
"7899620665538","24.845,00"
"7791822621476","2.050,00"
"7800155296654","4.199,00"
"7800155174204","3.550,00"
"7792281000796","5.349,00"
"7791416091128","7.849,00"
"7800155381633","8.990,00"
"7800155295466","6.369,00"
"7800155259727","5.390,00"
"7798139049856","10.415,00"
"7800155028668","193.699,00"
"7792281000543","5.849,00"
"7800155394312","44.255,00"
"7800155508023","14.990,00"
"7896952531722","3.399,00"
"7792281025324","12.899,00"
"7798433961724","29.999,00"
"7800155508399","29.990,00"
"7891361273935","12.249,00"
"7794122013101","4.989,00"
"7798347089750","1.399,00"
"7800155591193","109.990,00"
"7800155504186","9.549,00"
"7798151819727","5.755,00"
"7800155348018","34.990,00"
"7790400016727","3.269,00"
"7792459002249","13.600,00"
"7791231011004","9.349,00"
"7800155173313","12.990,00"
"7793015001041","12.349,00"
"7891361269839","10.290,00"
"7790065001823","5.699,00"
"7800155592589","19.999,00"
"7800155166568","17.499,00"
"7800155107240","64.900,00"
"7798332210190","4.999,00"
"7800155502885","11.049,00"
"7798347089583","3.219,00"
"7800155257266","4.439,00"
"7798332216345","18.539,00"
"7800155594248","24.999,00"
"7800155300047","7.749,00"
"7798114711235","11.899,00"
"7791822389208","9.309,00"
"7798343357020","7.999,00"
"7800155165455","9.899,00"
"7800155169194","16.390,00"
"7891155083580","8.899,00"
"7800155376875","17.190,00"
"7800155168487","5.999,00"
"7791465001734","11.599,00"
"7791822674182","3.715,00"
"7800155362021","6.799,00"
"7800155592732","39.999,00"
"7791822670214","2.799,00"
"7800155311357","89.899,00"
"7791822676469","4.549,00"
"7800155508122","19.990,00"
"7800155508597","9.990,00"
"7800155591155","69.990,00"
"7800155168517","3.399,00"
"7800155510170","6.949,00"
"7800155501581","19.349,00"
"7800155293868","649.000,00"
"7891155006091","26.249,00"
"7896359015153","7.115,00"
"7798433961854","34.999,00"
"7702147202349","2.299,00"
"7800155029207","287.349,00"
"7800155510019","28.999,00"
"7800155592282","109.999,00"
"7800155174211","4.250,00"
"7794793877675","8.285,00"
"7798391142241","4.699,00"
"7800155165271","4.099,00"
"7800155508726","4.865,00"
"7798019887387","3.599,00"
"7800155502892","9.749,00"
"7795587005205","9.149,00"
"7896359006410","15.199,00"
"7896359006199","4.049,00"
"7800155592343","129.999,00"
"7796589001035","4.775,00"
"7806810200042","21.999,00"
"7798343356474","6.850,00"
"7791822689728","15.849,00"
"7800155295473","6.355,00"
"7800155508221","22.990,00"
"7800155449333","8.449,00"
"7800155307503","17.085,00"
"7896359015115","3.649,00"
"7797080403656","5.999,00"
"7790188103053","11.999,00"
"7896359006168","4.349,00"
"7798125595350","27.809,00"
"7800155083667","279.900,00"
"7800155300481","10.449,00"
"7800155169088","7.990,00"
"7800155592435","129.999,00"
"7800155257259","14.895,00"
"7800155476834","59.999,00"
"7800155592749","45.999,00"
"7791416091074","8.215,00"
"7798118410653","2.949,00"
"7792281346146","4.299,00"
"7798019887349","3.880,00"
"7794793873509","14.295,00"
"7800155531588","9.999,00"
"7796038811895","2.699,00"
"7792281022033","4.249,00"
"7800155430867","285.499,00"
"7800155169002","23.999,00"
"7800155168227","4.499,00"
"7800155161945","1.590,00"
"7800155168531","18.249,00"
"7798375128650","1.985,00"
"7793206041542","11.499,00"
"7800155446424","12.749,00"
"7792281000826","3.449,00"
"7800155387925","29.990,00"
"7800155592602","39.999,00"
"7891112017252","7.299,00"
"7800155508887","12.759,00"
"7800155449364","6.999,00"
"7798003294696","7.329,00"
"7795456061486","12.185,00"
"7800155588063","4.999,00"
"7791822675516","6.315,00"
"7800155247991","18.990,00"
"7792281000604","21.999,00"
"7800155578125","129.000,00"
"7792281021616","2.599,00"
"7792281021630","8.349,00"
"7798114711327","5.049,00"
"7896553959055","35.999,00"
"7792281000611","3.899,00"
"7800155174198","6.050,00"
"7800155300023","9.399,00"
"7702147227960","4.249,00"
"7798128912178","27.999,00"
"7795587005236","16.535,00"
"7800155508580","16.969,00"
"7791210297979","14.999,00"
"7798343352353","2.749,00"
"7800155376868","12.750,00"
"7798112160493","4.999,00"
"7791210297962","14.999,00"
"7797080403663","5.999,00"
"7800155174242","4.290,00"
"7798325065646","24.999,00"
"7791210297986","14.999,00"
"7800155508924","14.990,00"
"7896359006267","6.855,00"
"7791210297955","14.999,00"
"7800155300061","6.799,00"
"7800155508856","6.990,00"
"7800155508658","32.250,00"
"7800155504155","9.990,00"
"7800155446417","7.049,00"
"7796589000908","4.889,00"
"7791806005001","1.190,00"
"7963830100018","7.849,00"
"7798433961700","24.999,00"
"7793206032304","11.999,00"
"7798347085400","1.199,00"
"7791822685591","2.949,00"
"7800155446097","14.449,00"
"7800155592893","59.999,00"
"7800155315539","15.649,00"
"7702147231585","4.190,00"
"7800155386201","10.990,00"
"7793206061496","18.099,00"
"7800155507446","8.719,00"
"7791822675370","4.949,00"
"7794793936006","6.999,00"
"7795456687389","19.085,00"
"7798151812230","3.199,00"
"7896952505747","2.549,00"
"7792281063111","2.049,00"
"7798239332766","2.495,00"
"7800155295558","20.705,00"
"7791231608006","8.849,00"
"7806810209670","6.549,00"
"7795254000670","12.799,00"
"7800155592763","45.999,00"
"7800155175263","3.699,00"
"7790117061539","3.549,00"
"7795456611520","19.085,00"
"7796038041162","1.849,00"
"7790117001382","3.599,00"
"7800155307510","24.459,00"
"7800155297859","11.999,00"
"7896359006205","4.299,00"
"7800155355146","16.285,00"
"7795587005465","6.649,00"
"7792052100076","34.999,00"
"7798239338768","10.415,00"
"7899620649033","8.199,00"
"7792281000581","3.449,00"
"7800155442051","7.990,00"
"7800155504315","3.249,00"
"7800155508825","11.990,00"
"7800155508153","21.990,00"
"7798391140063","8.649,00"
"7792281346207","8.199,00"
"7795456563966","19.085,00"
"7800155531892","7.999,00"
"7798125593677","21.759,00"
"7891155082132","23.590,00"
"7795224368526","5.549,00"
"7798073143849","12.999,00"
"7793617198712","2.449,00"
"7800155174280","18.390,00"
"7800155226750","3.649,00"
"7792281022026","2.749,00"
"7891361269815","10.999,00"
"7891155031055","4.449,00"
"7800155028651","89.900,00"
"7798338232028","19.999,00"
"7896359010400","4.549,00"
"7800155606231","16.999,00"
"7791822688776","2.399,00"
"7793617915869","6.499,00"
"7796901292141","6.149,00"
"7798433961755","22.999,00"
"7800155174181","7.290,00"
"7896553958935","7.949,00"
"7800155580562","27.199,00"
"7800155510163","21.999,00"
"7798073143542","12.999,00"
"7790391839459","1.099,00"
"7896359000265","3.095,00"
"7798151812278","5.535,00"
"7791822684396","2.399,00"
"7798135920753","4.449,00"
"7800155037448","179.900,00"
"7800155593999","14.999,00"
"7798120233288","14.699,00"
"7797773042049","8.599,00"
"7798128912802","27.999,00"
"7798343358126","2.799,00"
"7800155508160","21.990,00"
"7800155478227","6.490,00"
"7798332216109","13.555,00"
"7800155578606","499.900,00"
"7798128912826","27.999,00"
"7800155579092","199.900,00"
"7898335075342","2.075,00"
"7792281000567","5.349,00"
"7798128912819","27.999,00"
"7891155032458","6.649,00"
"7791822625054","2.149,00"
"7798139049870","10.415,00"
"7800155489360","389.900,00"
"7798332217021","10.415,00"
"7800155592411","119.999,00"
"7800155028989","209.949,00"
"7798098172718","132.349,00"
"7800155028132","125.349,00"
"7800155592558","19.999,00"
"7793206070122","7.089,00"
"7798332216925","18.539,00"
"7800155173832","11.990,00"
"7794793970437","8.999,00"
"7891361267095","9.290,00"
"7798239332513","10.415,00"
"7800155293462","79.900,00"
"7798347089590","1.859,00"
"7795224368519","7.449,00"
"7795587002488","4.299,00"
"7796038812038","3.949,00"
"7800155592336","109.999,00"
"7800155504056","11.849,00"
"7798391141367","4.549,00"
"7800155358413","19.999,00"
"7792281025201","11.149,00"
"7896359006274","8.149,00"
"7798391141992","6.949,00"
"7800155299327","15.649,00"
"7792281156219","5.899,00"
"7896398325916","51.399,00"
"7702147229797","4.199,00"
"7800155593296","41.999,00"
"7800155352343","249.000,00"
"7800155073835","203.899,00"
"7791822675509","5.245,00"
"7790400018592","2.719,00"
"7794793112875","9.999,00"
"7794793900083","14.999,00"
"7798433961779","29.999,00"
"7798239332469","5.209,00"
"7790188103077","9.999,00"
"7800155606217","12.290,00"
"7797080403700","8.499,00"
"7798139049849","10.415,00"
"7800155226767","15.899,00"
"7800155593074","4.990,00"
"7800155504339","2.790,00"
"7793206041566","11.499,00"
"7798112165221","5.119,00"
"7794793914011","8.499,00"
"7798332216321","18.539,00"
"7896359000364","3.149,00"
"7800155107653","49.990,00"
"7800155593081","9.999,00"
"7800155579108","669.900,00"
"7800155504049","5.149,00"
"7800155384429","14.999,00"
"7798343351721","4.749,00"
"7800155593319","9.999,00"
"7800155508382","24.990,00"
"7796901106226","21.799,00"
"7800155504032","5.349,00"
"7800155299266","19.899,00"
"7800155393735","36.990,00"
"7792281063142","2.599,00"
"7798149559314","3.899,00"
"7795587005649","9.649,00"
"7793206041573","11.499,00"
"7800155165370","5.849,00"
"7800155519494","47.990,00"
"7795456609947","19.085,00"
"7800155434636","21.990,00"
"7795224368564","6.799,00"
"7898335076264","3.459,00"
"7800155259758","3.199,00"
"7800155166551","17.509,00"
"7800155434650","21.990,00"
"7791822625061","4.239,00"
"7798391143873","4.499,00"
"7798418166816","24.999,00"
"7800155508016","14.990,00"
"7791822685751","3.490,00"
"7800155593326","24.999,00"
"7800155531786","6.999,00"
"7794793915551","9.499,00"
"7796038811826","2.699,00"
"7794793915537","9.499,00"
"7800155579115","59.900,00"
"7798239332445","5.209,00"
"7798239332742","4.999,00"
"7800155592923","69.999,00"
"7798325065684","24.999,00"
"7793617027685","10.499,00"
"7796038812076","2.490,00"
"7800155588247","29.999,00"
"7798112169502","2.495,00"
"7798112169465","2.495,00"
"7798347085394","699,00"
"7800155168890","23.390,00"
"7800155531595","9.999,00"
"7800155592886","54.999,00"
"7800155393742","39.990,00"
"7800155242323","20.729,00"
"7800155318219","14.999,00"
"7800155259734","3.490,00"
"7800155593180","41.999,00"
"7798343351783","2.749,00"
"7896359015269","33.099,00"
"7800155593289","24.999,00"
"7800155590561","59.990,00"
"7795224368601","4.949,00"
"7796901106127","6.649,00"
"7798343352292","4.749,00"
"7891361267101","7.899,00"
"7791416041048","18.349,00"
"7800155531762","6.999,00"
"7800155531915","7.999,00"
"7800155165363","5.849,00"
"7798128912536","29.999,00"
"7795224368700","8.899,00"
"7798391143859","6.349,00"
"7898335076301","5.619,00"
"7793617901770","7.499,00"
"7800155171395","69.999,00"
"7800155171364","59.999,00"
"7800155477176","29.999,00"
"7800155168982","22.299,00"
"7800155593159","4.990,00"
"7793206067900","5.999,00"
"7800155257853","38.949,00"
"7798128912529","29.999,00"
"7800155504179","8.199,00"
"7796901292172","9.999,00"
"7800155028118","125.349,00"
"7800155592633","59.999,00"
"7800155173283","94.900,00"
"7800155355290","23.449,00"
"7798112163661","5.119,00"
"7796038811802","2.890,00"
"7800155592367","119.999,00"
"7798338232011","19.999,00"
"7794793112929","16.499,00"
"7800155606200","12.290,00"
"7794793970451","8.999,00"
"7800155606255","19.990,00"
"7800155026039","349.000,00"
"7797080403694","8.499,00"
"7798112164354","4.999,00"
"7798332216284","18.539,00"
"7796038812052","3.050,00"
"7800155578637","119.899,00"
"7792052100045","49.999,00"
"7891361267071","9.149,00"
"7800155300450","19.590,00"
"7800155507590","14.990,00"
"7800155592466","119.999,00"
"7800155578118","129.000,00"
"7800155306476","24.325,00"
"7891155012825","14.850,00"
"7800155090283","18.895,00"
"7800155508801","8.990,00"
"7796038811888","2.749,00"
"7891155061014","3.690,00"
"7800155508177","21.990,00"
"7800155531779","6.999,00"
"7800155508139","21.990,00"
"7800155293936","79.900,00"
"7798149559352","4.149,00"
"7800155590745","79.990,00"
"7800155593111","4.990,00"
"7800155508832","9.915,00"
"7800155592664","44.999,00"
"7800155257273","7.299,00"
"7891155013884","4.799,00"
"7800155502861","11.049,00"
"7796589001028","5.749,00"
"7800155449326","24.990,00"
"7796901392179","11.349,00"
"7800155504308","4.599,00"
"7800155588056","4.999,00"
"7800155594255","24.999,00"
"7800155174259","9.990,00"
"7800155593302","4.990,00"
"7800155375533","36.395,00"
"7800155519456","5.990,00"
"7798391143729","6.399,00"
"7794793970444","8.999,00"
"7800155504322","8.349,00"
"7795456611612","19.085,00"
"7798433961786","29.999,00"
"7798239332452","5.209,00"
"7798375128933","2.235,00"
"7797080001012","3.899,00"
"7798114711341","3.849,00"
"7795456609848","19.085,00"
"7800155449340","6.849,00"
"7797080000015","3.899,00"
"7793206053248","11.999,00"
"7794793873479","7.999,00"
"7796038811864","3.149,00"
"7797080000343","3.899,00"
"7797080403717","8.499,00"
"7798433961830","29.999,00"
"7794793112905","9.999,00"
"7799175000788","2.235,00"
"7800155441665","159.990,00"
"7891155068952","12.749,00"
"7793617198705","2.449,00"
"7798418166779","54.999,00"
"7800155029689","244.699,00"
"7799165022837","38.990,00"
"7795456071980","10.815,00"
"7795456562457","20.775,00"
"7794793970475","8.999,00"
"7800155386188","9.990,00"
"7799175001570","2.235,00"
"7798332216291","18.539,00"
"7795456610042","19.085,00"
"7796901192175","9.649,00"
"7795456071928","10.815,00"
"7800155578644","119.899,00"
"7798112163692","5.119,00"
"7800155579139","199.900,00"
"7792052099967","24.999,00"
"7793206051091","8.999,00"
"7800155593265","4.990,00"
"7800155533315","79.990,00"
"7800155590769","99.990,00"
"7795224368687","8.349,00"
"7800155590967","99.990,00"
"7963850100012","8.449,00"
"7800155593142","41.999,00"
"7964450100013","6.985,00"
"7800155508078","16.990,00"
"7800155519449","5.390,00"
"7702147229674","26.349,00"
"7798120233820","36.399,00"
"7800155504254","20.990,00"
"7800155168500","15.849,00"
"7800155593098","24.999,00"
"7792281022057","9.149,00"
"7800155590721","59.990,00"
"7797080403731","10.499,00"
"7800155508009","14.990,00"
"7798120233196","15.149,00"
"7800155591070","79.990,00"
"7794793915520","7.999,00"
"7796901392148","6.549,00"
"7800155355665","5.599,00"
"7795456687341","19.085,00"
"7794793900281","7.479,00"
"7800155606224","12.290,00"
"7800155594149","14.999,00"
"7896359000371","3.949,00"
"7798417369775","22.999,00"
"7800155508146","21.990,00"
"7800155592381","129.999,00"
