"EAN","PRECIO"
"7793704000928","4.969,00"
"7798123134773","1.489,00"
"7790040143234","2.549,00"
"7798270245124","879,00"
"7799120005110","1.299,00"
"7622201759636","6.209,00"
"7798270245148","879,00"
"7790070336293","1.849,00"
"7792180001665","6.219,00"
"7790580146115","799,00"
"7790040720800","3.289,00"
"7791866001364","3.039,00"
"7790040143944","949,00"
"7790580138868","1.159,00"
"7790060023684","6.159,00"
"7792540250450","1.569,00"
"7799120000887","3.299,00"
"7622201735883","5.819,00"
"7798174970016","1.399,00"
"7790040144095","3.159,00"
"7798270241492","636,75"
"7794000006072","2.889,00"
"7798153719131","1.529,00"
"7790272001029","4.979,25"
"7794000008557","2.849,00"
"7790040143937","949,00"
"7790503199082","1.899,00"
"7799120003949","1.739,00"
"7891000345528","1.409,25"
"7795735000328","1.339,00"
"7790040143357","3.529,00"
"7790387015317","5.369,00"
"7790790120257","789,00"
"7790070336118","1.499,00"
"7790070336316","1.849,00"
"7798094229881","2.799,00"
"7799120000610","884,25"
"7798270245155","879,00"
"7790503199099","2.129,00"
"7799120000870","3.299,00"
"7790070433114","1.319,00"
"7790072001014","1.559,00"
"7790070336071","1.349,00"
"7792350067019","899,00"
"7799120000863","1.199,00"
"7790040008175","2.729,00"
"7622202839962","3.599,00"
"7622201761288","1.089,00"
"7790070336217","1.849,00"
"7790272000831","3.314,25"
"7790070336026","1.499,00"
"7790580567903","1.459,00"
"7790070336576","3.399,00"
"7794000006478","1.639,00"
"7798316700808","3.779,00"
"7791866001371","5.959,00"
"7792900000428","1.429,00"
"7798270245131","879,00"
"7790387800067","2.559,00"
"7791866004211","1.109,00"
"7790040132689","1.369,00"
"7791866000381","1.739,00"
"7790070320315","969,00"
"7790150211939","1.729,00"
"7790040143524","4.229,00"
"7798270247241","1.059,00"
"7790040143364","2.859,00"
"7793046015024","2.199,00"
"7790040139015","3.059,00"
"7790360720115","1.289,00"
"7790480008261","2.769,00"
"7793360131516","3.849,00"
"7793670000076","3.209,25"
"7791120031557","1.789,00"
"7790070318343","1.499,00"
"7622201735906","2.149,00"
"7790580509507","3.099,00"
"7799120004229","3.299,00"
"7794000004993","2.899,00"
"7799120000856","1.199,00"
"7790070342027","969,00"
"7790070336149","1.499,00"
"7790070320308","969,00"
"7790150610305","2.049,00"
"7792900093246","1.709,00"
"7798270244059","1.699,00"
"7790360720382","1.289,00"
"7795735000335","1.339,00"
"7622201735296","2.279,00"
"7792180001641","3.799,00"
"7622201745905","5.429,00"
"7790710334573","4.299,00"
"7790070433176","3.589,00"
"7790070318619","1.849,00"
"7792710000182","1.689,00"
"7790040132955","4.189,00"
"7791866001203","1.549,00"
"7799120000696","699,00"
"7799120003710","3.659,00"
"7790070336309","1.849,00"
"7622201740399","1.089,00"
"7790150565735","1.759,00"
"7798105588853","1.724,25"
"7792200000128","1.379,00"
"7790070431486","1.349,00"
"7790070431509","2.099,00"
"7790070335937","2.149,00"
"7790272001005","3.149,25"
"7794000960138","2.889,00"
"7790070336385","1.499,00"
"7622300742775","1.449,00"
"7798153718004","1.699,00"
"7790150564844","1.009,00"
"7799120004038","1.799,00"
"7794000006188","2.489,00"
"7799120006216","6.699,00"
"7790070036308","4.064,25"
"7790070036315","3.279,00"
"7790360974020","7.439,00"
"7790070036285","6.651,75"
"7799120003468","2.729,00"
"7790070036322","3.729,00"
"7790070036582","6.239,00"
"7799120006223","8.689,00"
"7790070036391","3.359,25"
"7799120003451","4.279,00"
"7799120003444","3.189,00"
"7799120003413","3.949,00"
"7790670052517","4.716,75"
"7790070036414","3.339,00"
"7792335000550","10.995,00"
"7790070036346","3.899,00"
"7790060007967","2.775,00"
"7790670052203","7.064,25"
"7798422170083","11.359,00"
"7790670052500","5.489,25"
"7798422170120","22.159,00"
"7798140550198","6.489,00"
"7798092353120","6.699,00"
"7790670052616","3.929,00"
"7790070036384","2.721,75"
"7792335000543","6.699,00"
"7798140550150","6.999,00"
"7790670052548","4.529,00"
"7799120003420","2.839,00"
"7798140550167","6.999,00"
"7798331180098","2.599,00"
"7790070036292","3.629,25"
"7796746003544","6.999,00"
"7790670052562","5.109,00"
"7790670052593","4.609,00"
"7799120003437","3.199,00"
"7790670052609","4.479,00"
"7798183682917","8.099,00"
"7796746000062","6.699,00"
"7796746000079","10.849,00"
"7798331180135","2.299,00"
"7799120006087","4.649,00"
"7799120006018","2.499,00"
"7798422170021","11.849,00"
"7798016338189","8.499,00"
"7798141132720","5.609,00"
"7798331180081","2.299,00"
"7799120006759","3.499,00"
"7798183683242","6.899,00"
"7798317980414","9.289,00"
"7798317980360","9.289,00"
"7792335001304","3.799,00"
"7798092353731","4.310,00"
"7798142850180","2.799,00"
"7792335001212","2.199,00"
"7798317980353","9.389,00"
"7796746000222","2.499,00"
"7798317980483","7.189,00"
"7799120006025","2.859,00"
"7799120006094","5.349,00"
"7796746000024","4.999,00"
"7798317980384","7.789,00"
"7792335000345","4.750,00"
"7799120004106","2.499,00"
"7792335000314","4.660,00"
"7790670051992","11.436,75"
"7798422170113","14.359,00"
"7796746000031","2.249,00"
"7794729200584","16.639,00"
"7798183682900","8.599,00"
"7796746000017","4.499,00"
"7795165000011","4.409,00"
"7798183683235","6.399,00"
"7798331180166","4.999,00"
"7798015650091","2.999,00"
"7798142850203","4.999,00"
"7798317980438","9.589,00"
"7798142850050","2.999,00"
"7798183683112","9.099,00"
"7792335000338","2.500,00"
"7794729201215","8.909,00"
"7798142850104","2.999,00"
"7798331180180","3.999,00"
"7798142850043","2.999,00"
"7798317980452","9.589,00"
"7798317980445","9.589,00"
"7798331180012","1.999,00"
"7798422170106","23.169,00"
"7790670051985","10.536,75"
"7798317980407","6.589,00"
"7799120000993","1.499,00"
"7793940054006","4.589,00"
"7790398100132","4.399,00"
"7790742363107","2.679,00"
"7790398000272","3.989,00"
"7792882029431","2.099,00"
"7790742625304","3.769,00"
"7790742348302","1.850,00"
"7798312320512","3.089,00"
"7794990879656","3.299,00"
"7798060850026","2.849,25"
"7798153715225","3.399,00"
"7790742358608","2.869,00"
"7798018850184","959,00"
"7790742333605","2.869,00"
"7790742363008","2.679,00"
"7791337010017","4.329,00"
"7798085370080","2.549,25"
"7790742344205","3.899,00"
"7798338290912","2.619,00"
"7798060852044","3.299,00"
"7798338290950","2.809,00"
"7798338291230","2.649,00"
"7790742348005","1.850,00"
"7790360966827","17.639,25"
"7791337008304","2.119,00"
"7798338291131","2.619,00"
"7790742141903","2.659,00"
"7798060853096","4.299,00"
"7794820902721","2.179,00"
"7798060853072","4.299,00"
"7790742373304","5.349,00"
"7790398000265","2.559,00"
"7790309000049","8.699,00"
"7791337061491","8.009,00"
"7790070320940","2.329,00"
"7790813444469","999,00"
"7790742625205","4.509,00"
"7790398100088","4.389,00"
"7790742352002","1.850,00"
"7793913013689","1.859,00"
"7798060853003","2.599,00"
"7793913013993","3.589,00"
"7790070036599","8.229,00"
"7798060853034","2.599,00"
"7790360966810","8.439,00"
"7798060852945","2.999,00"
"7790787960422","939,00"
"7794990879663","3.299,00"
"7790742373205","5.349,00"
"7790742062505","4.079,00"
"7793890261486","5.707,00"
"7798060852822","2.999,00"
"7793940328008","1.729,00"
"7793890258264","2.939,25"
"7797906054826","6.929,00"
"7798060853324","3.299,00"
"7790787960514","2.319,00"
"7790742335609","2.809,00"
"7798060852990","2.599,00"
"7790742114105","4.529,00"
"7791337008281","2.119,00"
"7791337009998","2.879,00"
"7791337009950","1.929,00"
"7790670050667","19.161,75"
"7798060853010","2.599,00"
"7798270244448","10.379,00"
"7798338291254","2.649,00"
"7790742192301","1.729,00"
"7791337009660","2.969,00"
"7793890258288","2.939,25"
"7790742770301","3.089,00"
"7793890261493","5.707,00"
"7793940692000","7.659,00"
"7799120004892","3.899,00"
"7790670050650","6.869,25"
"7793890260885","8.443,00"
"7791337061361","5.155,00"
"7797906054925","8.919,00"
"7791337007178","850,00"
"7794820015162","4.049,00"
"7793890258752","3.539,00"
"7793913013375","3.189,00"
"7793890258783","4.079,00"
"7793913001822","1.799,00"
"7790787960361","939,00"
"7791337009677","2.969,00"
"7791337007161","850,00"
"7790742345707","4.239,00"
"7790742357205","1.239,00"
"7798095171363","11.059,00"
"7790742321800","3.569,00"
"7790787960927","1.579,00"
"7798068287466","12.789,00"
"7791337009943","1.929,00"
"7790070036223","3.799,00"
"7790398100118","1.889,00"
"7790742192103","1.729,00"
"7794820902950","3.399,00"
"7791337010215","4.149,00"
"7791337061507","8.009,00"
"7798338291094","6.119,00"
"7793913013726","3.899,00"
"7790742335500","2.809,00"
"7794480000027","3.299,00"
"7790070035974","5.123,40"
"7792180004741","1.168,30"
"7790813150131","549,00"
"7790742771209","4.709,00"
"7790070034311","10.379,00"
"7790742344106","3.899,00"
"7791337007253","6.859,00"
"7790070035981","2.939,40"
"7791337010000","4.330,00"
"7798068287657","16.789,00"
"7793940052002","2.599,00"
"7791620187761","2.819,00"
"7791337010307","1.175,00"
"7794820015179","4.049,00"
"7798338291063","5.699,00"
"7790742104304","8.839,00"
"7791337061439","3.700,00"
"7790742358509","2.869,00"
"7790742324108","5.349,00"
"7794990880003","15.519,00"
"7790398100071","2.419,00"
"7793890258776","3.737,00"
"7799120004885","2.469,00"
"7798270244417","18.549,00"
"7790787153671","3.949,00"
"7790070433169","1.889,00"
"7891962064055","4.999,00"
"7790080013610","9.119,00"
"7793890261905","2.939,25"
"7791337010475","4.140,00"
"7793913012996","1.799,00"
"7790070036636","5.399,00"
"7799120004878","2.469,00"
"7790070034427","21.209,00"
"7790813110401","629,00"
"7793913013573","3.189,00"
"7799120003284","8.449,00"
"7790199602927","2.989,00"
"7790070036605","22.149,00"
"7792882029448","999,00"
"7790742436207","3.659,00"
"7790070035998","2.939,40"
"7798060853119","2.599,00"
"7790742104403","9.819,00"
"7798068287411","13.899,00"
"7791337010468","4.140,00"
"7794990177523","4.049,00"
"7791337010420","1.179,00"
"7798095171370","11.099,00"
"7790742665027","2.136,75"
"7790080016956","9.119,00"
"7790616000503","7.599,00"
"7798060854017","2.599,00"
"7790742321701","3.569,00"
"7790070036131","6.006,75"
"7798001880464","3.239,00"
"7793890258998","4.404,00"
"7791337010413","1.179,00"
"7791337010321","1.835,00"
"7791708611454","3.429,00"
"7794820902707","4.049,00"
"7793890258851","3.303,00"
"7798136870545","2.659,00"
"7790742335807","2.869,00"
"7794480000461","2.899,00"
"7791337010406","4.235,00"
"7791337009820","3.089,00"
"7797906054819","13.199,00"
"7791620187822","2.039,00"
"7794820902790","1.409,00"
"7790670052371","4.469,25"
"7790742104205","2.959,00"
"7798304851338","7.749,00"
"7791337939813","3.099,00"
"7791337061385","5.155,00"
"7793913013412","3.899,00"
"7790742014122","6.999,00"
"7798403210135","9.449,00"
"7790070035967","2.921,40"
"7794820001547","8.649,00"
"7798060854024","2.599,00"
"7794990879557","10.769,00"
"7793890258769","3.424,00"
"7792180136978","1.429,00"
"7790742142009","3.409,00"
"7799120003406","6.229,00"
"7790070989567","9.089,00"
"7793890260892","9.210,00"
"7790244941827","3.599,00"
"7790742340306","4.729,00"
"7793281493953","6.849,00"
"7799120003796","6.499,00"
"7793913013771","1.999,00"
"7791337009981","2.879,00"
"7793913013368","3.189,00"
"7791337009608","7.019,00"
"7797906055014","8.859,00"
"7791337010192","1.839,00"
"7790742363206","2.679,00"
"7791337010505","5.085,00"
"7794820902813","2.289,00"
"7791337008519","1.410,00"
"7791337010512","5.085,00"
"7790070040015","11.509,00"
"7791337010314","1.179,00"
"7790787949724","3.704,25"
"7791337009844","5.405,00"
"7793940797002","6.029,00"
"7798085370073","1.439,25"
"7790787960569","2.319,00"
"7790199602910","1.629,00"
"7794820903247","1.819,00"
"7798270244387","999,00"
"7798338291049","5.159,00"
"7791620187808","2.349,00"
"7791337007802","1.840,00"
"7791337009882","7.019,00"
"7790070036148","8.939,25"
"7793913013245","1.999,00"
"7790360982445","6.249,00"
"7791708001484","3.749,00"
"7794820902806","1.409,00"
"7793281493489","20.279,35"
"7799120004830","6.799,00"
"7793890259025","4.404,00"
"7793913013252","1.999,00"
"7798147780062","8.249,00"
"7798060850019","1.709,25"
"7791620187778","2.819,00"
"7790616000411","3.669,00"
"7798018850078","599,00"
"7790360966841","5.489,00"
"7791337010390","4.235,00"
"7791337009776","6.020,00"
"7790070040039","21.869,00"
"7791337010727","1.175,00"
"7794820902936","4.239,00"
"7794573000019","2.999,00"
"7790787960873","3.519,00"
"7793281493472","6.785,35"
"7798060854482","3.899,00"
"7791337009868","7.019,00"
"7793890259070","3.670,00"
"7798060854475","3.899,00"
"7798147780055","8.249,00"
"7794820902752","1.229,00"
"7794820903483","1.819,00"
"7797906054864","8.859,00"
"7793890261073","7.599,00"
"7793890262131","7.675,00"
"7790787960880","3.519,00"
"7798060853300","3.074,25"
"7790742326409","2.909,00"
"7891962064048","4.499,00"
"7794820903049","4.109,00"
"7791337008212","850,00"
"7797906054956","11.269,00"
"7791337008236","850,00"
"7794820902943","4.669,00"
"7790742358400","2.869,00"
"7793913013566","1.099,00"
"7794820902967","5.619,00"
"7791337009851","5.405,00"
"7791337008106","2.405,00"
"7790070036063","7.619,25"
"7790070433282","2.759,00"
"7790670052869","2.449,00"
"7793890259261","4.280,00"
"7794990880201","3.499,00"
"7790787153657","2.429,00"
"7794820903209","4.739,00"
"7790070036117","5.049,00"
"7790742624109","3.109,00"
"7791337007260","2.409,00"
"7790742141101","4.939,00"
"7794820903308","4.949,00"
"7793913013528","1.099,00"
"7792180140562","1.462,30"
"7794820012390","2.279,00"
"7798290581936","909,00"
"7798111062149","819,00"
"7791337007819","1.840,00"
"7791337010444","2.735,00"
"7790742436108","3.659,00"
"7794820903070","6.909,00"
"7794820902714","4.049,00"
"7794990177530","4.049,00"
"7793913013559","1.099,00"
"7798334803123","3.999,00"
"7791337010369","4.149,00"
"7793890259001","5.138,00"
"7791337009974","3.019,00"
"7790070433190","3.589,00"
"7790742667328","4.409,00"
"7791337008113","2.405,00"
"7794820000885","8.179,00"
"7790742436405","7.369,00"
"7790742771605","6.659,00"
"7790742324009","3.569,00"
"7790903001343","2.999,00"
"7791708001378","2.469,00"
"7790360967701","7.009,00"
"7793890260724","3.240,75"
"7794820903087","6.909,00"
"7790309000063","17.849,00"
"7794820903056","4.109,00"
"7790070036025","3.431,40"
"7790742667649","4.409,00"
"7793913002423","1.859,00"
"7793890262162","7.675,00"
"7790070433251","2.949,00"
"7790070433275","1.449,00"
"7795513160701","6.499,00"
"7793913013405","3.899,00"
"7794903232936","2.999,00"
"7791337008472","3.499,00"
"7794820903216","4.739,00"
"7790070036032","4.253,40"
"7790742665010","2.136,75"
"7793913013788","1.999,00"
"7790670050780","41.649,00"
"7790742770103","3.239,00"
"7791337007918","5.479,00"
"7791337010093","3.669,00"
"7798304851512","7.099,00"
"7790670052524","8.049,00"
"7794820903254","1.819,00"
"7798111062187","819,00"
"7790742326607","2.909,00"
"7790079019708","3.519,00"
"7790670052708","3.574,35"
"7798060852037","1.399,00"
"7790670050957","5.249,00"
"7790070036261","7.109,00"
"7793913013580","3.189,00"
"7791337008625","6.620,00"
"7790070102607","2.899,00"
"7790742335302","2.809,00"
"7794820903605","5.059,00"
"7790670045465","5.499,00"
"7793913013535","1.099,00"
"7791708617517","2.279,00"
"7794990177561","13.089,00"
"7790787960354","1.699,00"
"7790360968548","16.459,00"
"7793281491980","12.429,00"
"7790670052531","15.329,00"
"7794820902899","5.369,00"
"7790787960538","2.319,00"
"7794820902769","1.229,00"
"7790070103918","9.989,00"
"7794820902974","3.569,00"
"7790742436504","8.939,00"
"7790070103925","8.999,00"
"7790787251780","1.879,00"
"7791337008663","1.145,00"
"7793913013818","1.999,00"
"7790080019599","9.119,00"
"7790070036070","7.619,25"
"7790070036650","7.239,00"
"7790742335906","2.759,00"
"7790670051831","8.169,00"
"7790360981042","5.429,00"
"7794990878932","2.909,00"
"7790670052722","3.574,35"
"7790079020704","2.639,25"
"7790742214201","4.539,00"
"7799120004489","2.919,00"
"7790670052999","3.819,00"
"7790174001349","4.789,00"
"7790787960774","4.379,00"
"7790742667311","4.409,00"
"7797906000700","4.359,00"
"7790903001350","3.699,00"
"7794820903506","1.819,00"
"7798334803109","4.159,00"
"7891515571351","6.069,00"
"7798136870859","3.209,00"
"7790742436306","6.979,00"
"7791708001248","2.459,00"
"7794990876570","2.619,00"
"7794820903513","1.819,00"
"7790742566027","854,25"
"7797906054918","17.099,00"
"7791337010147","3.019,00"
"7793913013603","3.189,00"
"7798138004825","9.966,75"
"7793890262407","8.443,00"
"7794990000012","2.909,00"
"7791620187839","4.799,00"
"7798111062378","959,00"
"7790070100283","4.099,00"
"7790670050728","3.439,00"
"7798338290943","2.619,00"
"7794820902240","4.049,00"
"7793913013542","1.099,00"
"7790070433183","1.889,00"
"7793913013986","3.589,00"
"7790070036001","3.431,40"
"7791337060944","5.155,00"
"7798105128332","6.959,00"
"7790070103901","9.989,00"
"7790070103994","8.999,00"
"7790070036513","4.999,00"
"7793281493410","5.251,35"
"7790742335401","2.809,00"
"7791337009967","3.669,00"
"7798304851475","5.899,00"
"7791337007604","5.739,00"
"7794480000010","1.799,00"
"7790070035950","24.439,00"
"7791337010437","1.175,00"
"7799120004946","3.669,00"
"7793913013238","1.999,00"
"7798290581875","3.729,00"
"7791337010338","1.839,00"
"7794990879717","3.499,00"
"7790670052715","3.574,35"
"7791337010185","1.839,00"
"7793890261837","6.984,60"
"7798304851536","4.614,35"
"7790079019692","2.999,00"
"7793890261509","5.136,00"
"7791337010291","2.870,00"
"7794990186273","2.559,00"
"7790742661067","2.136,75"
"7798304841254","11.879,00"
"7794990878871","2.909,00"
"7791337008670","1.700,00"
"7790787172566","4.319,00"
"7794990880522","3.499,00"
"7790360967558","7.069,00"
"7791620187860","2.669,00"
"7794820903339","4.239,00"
"7790742671653","3.889,00"
"7791337008618","6.620,00"
"7794820902820","2.289,00"
"7793913013757","1.999,00"
"7798136870682","3.209,00"
"7790380090021","1.349,00"
"7790670050612","7.209,00"
"7793281493656","20.719,00"
"7794820902844","2.669,00"
"7790070036155","3.431,40"
"7791337008267","6.020,00"
"7798060854352","2.799,00"
"7791337007628","2.759,00"
"7798138004832","9.966,75"
"7790070036049","4.253,40"
"7798270244431","8.309,00"
"7798111062163","819,00"
"7790787110223","4.579,00"
"7794990177585","14.549,00"
"7791337010260","1.175,00"
"7790199602941","2.989,00"
"7793890261523","6.984,60"
"7790360982223","4.669,00"
"7792180136480","1.809,00"
"7790580127572","9.329,00"
"7790360026583","38.199,00"
"7792180136985","2.859,00"
"7798290581943","3.109,00"
"7793913013597","3.189,00"
"7790742326300","2.909,00"
"7791337010208","1.175,00"
"7790244941612","5.399,00"
"7798334803208","3.999,00"
"7790742340900","4.729,00"
"7793913001655","2.989,00"
"7791337008571","2.265,00"
"7798304840813","13.899,00"
"7790174001318","6.829,00"
"7790070036438","7.829,00"
"7790360966797","2.419,00"
"7798302800277","4.709,00"
"7797906055007","8.509,00"
"7793913001006","2.989,00"
"7798131011905","659,00"
"7794990879526","2.909,00"
"7790670052289","9.959,00"
"7790070433329","2.219,00"
"7790903001381","3.499,00"
"7798041520221","4.409,00"
"7791337008687","1.700,00"
"7793913013764","1.999,00"
"7790070035707","8.229,00"
"7793890261462","5.707,00"
"7790787949663","2.999,00"
"7793913014013","1.699,00"
"7790787960712","1.699,00"
"7790244941599","5.399,00"
"7798147784008","8.249,00"
"7790174000601","6.829,00"
"7791337010482","4.900,00"
"7790070036520","8.499,00"
"7797906054857","8.859,00"
"7790360982230","4.669,00"
"7790742341600","4.729,00"
"7795792000224","1.399,00"
"7791564012488","3.069,00"
"7798060854345","2.799,00"
"7792180004789","1.357,30"
"7798302800178","4.709,00"
"7794820902905","5.369,00"
"7790360971135","5.629,00"
"7795323775324","3.189,00"
"7791337008656","1.145,00"
"7791564012501","3.069,00"
"7798270249733","10.389,00"
"7793890260915","7.055,00"
"7793890259018","5.138,00"
"7791337008489","3.499,00"
"7798260740288","2.378,35"
"7791696008014","5.499,00"
"7798136870743","3.209,00"
"7798304840806","13.899,00"
"7793890261479","5.136,00"
"7791337008083","2.339,00"
"7794820903186","3.399,00"
"7791564000096","6.319,00"
"7790174001400","7.649,00"
"7790616045252","3.104,25"
"7790742249906","12.579,00"
"7794820000304","2.079,00"
"7791564012495","3.069,00"
"7798270249726","10.389,00"
"7790174001394","7.649,00"
"7790787016518","2.979,00"
"7790360971395","19.599,00"
"7798164193111","4.399,00"
"7794820903063","4.789,00"
"7794820903094","4.789,00"
"7794820012383","2.279,00"
"7791337007246","2.499,00"
"7790616000725","3.359,25"
"7798114470163","1.779,00"
"7797906054833","7.459,00"
"7792180132024","799,00"
"7793890261516","6.984,60"
"7798304841445","9.839,00"
"7798136870620","3.209,00"
"7790070433244","4.299,00"
"7791337010499","4.900,00"
"7798138004566","7.129,00"
"7798304851468","5.899,00"
"7791564013355","3.069,00"
"7798099130069","4.829,00"
"7798338291612","3.279,00"
"7790079019616","2.024,25"
"7798138004740","5.699,00"
"7790742566010","1.139,00"
"7790174001356","5.259,00"
"7794820014967","3.129,00"
"7794820903292","2.559,00"
"7798138004962","11.316,75"
"7794573000026","6.199,00"
"7790903001398","3.799,00"
"7795323775256","2.279,00"
"7790787960330","1.699,00"
"7798099131165","7.569,00"
"7798164193098","4.399,00"
"7799120004823","10.999,00"
"7790070036629","13.849,00"
"7798136870675","3.209,00"
"7790787035007","1.699,00"
"7790742172204","1.589,00"
"7790742437105","8.939,00"
"7794990878888","2.909,00"
"7798290581912","1.789,00"
"7794820902837","2.669,00"
"7790174001332","6.829,00"
"7793281493496","32.024,85"
"7798304840820","13.899,00"
"7798111061227","729,00"
"7790174001301","6.829,00"
"7793281493519","2.209,35"
"7794990000043","2.909,00"
"7798131010243","659,00"
"7798136870644","3.209,00"
"7794990879823","2.909,00"
"7798338290929","2.619,00"
"7791337007932","5.479,00"
"7791337008564","2.265,00"
"7797906054987","5.199,00"
"7896074603673","7.199,00"
"7793913013733","1.999,00"
"7790742387806","4.239,00"
"7798111062279","729,00"
"7613034793614","16.709,00"
"7790070040022","16.109,00"
"7791337008151","5.510,00"
"7798131012292","5.649,00"
"7791337009387","3.160,00"
"7798060853041","3.074,25"
"7793913000504","2.059,00"
"7794990172757","2.909,00"
"7794820015001","3.129,00"
"7798403210081","7.199,00"
"7891515629458","7.439,00"
"7797906055144","7.630,35"
"7798136870569","2.659,00"
"7791337008144","5.510,00"
"7798136870606","2.659,00"
"7794990880683","3.499,00"
"7790670052678","6.919,00"
"7790670052791","5.489,25"
"7798136870613","3.209,00"
"7790360026606","4.279,00"
"7798070861197","11.249,25"
"7791620187754","2.959,00"
"7790244941568","3.549,00"
"7790360026682","8.889,00"
"7799120003499","4.699,00"
"7798302800437","2.889,00"
"7791337007185","2.970,00"
"7790742340108","4.729,00"
"7790670052265","24.636,75"
"7790360982537","7.709,00"
"7790070040046","8.054,50"
"7790903001367","5.499,00"
"7798334803116","4.159,00"
"7799120004700","4.489,00"
"7798304840431","17.919,00"
"7791337008458","2.500,00"
"7793913013702","2.399,00"
"7790742872654","1.609,00"
"7790360023902","7.819,00"
"7791337008694","3.045,00"
"7790174001325","6.829,00"
"7798302800154","5.139,00"
"7791337008229","6.020,00"
"7798181641411","2.059,00"
"7793913013825","2.889,00"
"7791337007864","2.505,00"
"7790742872180","1.609,00"
"7798131010038","659,00"
"7791337009356","3.160,00"
"7798138004788","7.539,00"
"7790079020773","3.519,00"
"7790903000735","5.149,00"
"7798136870255","2.149,00"
"7791337008403","5.260,00"
"7791337008588","3.229,00"
"7798333321888","5.689,00"
"7790360967411","6.659,00"
"7791337007666","3.899,00"
"7798270244394","4.279,00"
"7793890262391","4.113,00"
"7790244941582","3.599,00"
"7798352260229","11.539,00"
"7613035242746","6.269,00"
"7790787949687","1.659,00"
"7790070433220","2.249,00"
"7794990177578","13.089,00"
"7891515588410","7.209,00"
"7794990878918","2.909,00"
"7798099131028","6.849,00"
"7790070036056","4.253,40"
"7791564136566","3.479,00"
"7798060852709","3.399,00"
"7790787960453","1.649,00"
"7798304841452","9.839,00"
"7798290581899","2.589,00"
"7790380090038","8.499,00"
"7792180143617","8.462,35"
"7798164192152","3.499,00"
"7790174001370","5.259,00"
"7793281493571","5.394,35"
"7798136870552","2.659,00"
"7798138004511","6.579,00"
"7613035242524","6.269,00"
"7798138004764","6.649,00"
"7798260740523","29.469,00"
"7798352260090","8.159,00"
"7799120004847","9.999,00"
"7790742872661","1.609,00"
"7798060853317","2.499,00"
"7798304840868","9.381,75"
"7798290581905","4.089,00"
"7896074607510","9.299,00"
"7798290582308","1.619,00"
"7795323775348","2.889,00"
"7790360980618","4.839,00"
"7798335288295","7.429,00"
"7791337007611","2.765,00"
"7790580142667","18.569,00"
"7793913014044","2.459,00"
"7790670050674","3.501,75"
"7797906054994","9.899,00"
"7790580135386","30.549,00"
"7899975803180","28.739,00"
"7790079019876","6.969,00"
"7793281493793","8.079,00"
"7793890262414","5.138,00"
"7798183020153","8.699,00"
"7791337008410","1.955,00"
"7613034433978","1.629,00"
"7798181511233","3.929,00"
"7790199602934","1.629,00"
"7790787960804","4.379,00"
"7793281493557","5.309,85"
"7792180143402","9.684,35"
"7790070433237","2.249,00"
"7798114470057","2.539,00"
"7798304841582","16.549,00"
"7613035242500","6.269,00"
"7798164192756","3.799,00"
"7899975801780","26.379,00"
"7798335288301","9.119,00"
"7891515575014","9.879,00"
"7798352260083","8.159,00"
"7792180143600","10.152,35"
"7891515547059","17.159,00"
"7790580133245","18.029,00"
"7791473002938","849,00"
"7795323775263","2.169,00"
"7790580495893","18.029,00"
"7792180130303","10.209,00"
"7798304840882","11.496,75"
"7613032289966","2.299,00"
"7798368470438","6.599,00"
"7792180143419","9.684,35"
"7798352260045","8.159,00"
"7798138004917","10.874,25"
"7791337007192","2.970,00"
"7798304841339","22.139,00"
"7790742471307","7.649,00"
"7791337008700","3.045,00"
"7798352260106","8.159,00"
"7798164192220","3.799,00"
"7798368470421","6.599,00"
"7790787960811","4.379,00"
"7798131011684","2.159,00"
"7790580142162","8.569,00"
"7798114470187","1.779,00"
"7798183020368","8.699,00"
"7792180143457","2.569,00"
"7798183020412","9.999,00"
"7798136870736","2.149,00"
"7798114470231","1.779,00"
"7798183020351","8.699,00"
"7790079021251","3.069,00"
"7798183020344","8.699,00"
"7798403210050","8.399,00"
"7792180130310","10.209,00"
"7793281493502","2.399,00"
"7795323775515","1.589,00"
"7798138004504","6.539,00"
"7790742358103","2.869,00"
"7898215157694","9.959,00"
"7791337008243","6.020,00"
"7798176000711","2.059,00"
"7790580121877","18.029,00"
"7790742372000","6.249,00"
"7896074607527","7.199,00"
"7793913013658","2.889,00"
"7799120004816","10.999,00"
"7798333321871","5.689,00"
"7798304841414","2.199,00"
"7790787960446","1.649,00"
"7795323775331","3.029,00"
"7798368470391","6.599,00"
"7798176009752","42.629,00"
"7613287609861","2.549,00"
"7790070433268","5.549,00"
"7613034797469","3.339,00"
"7898215157175","9.959,00"
"7798260740516","26.519,00"
"7795323775508","1.869,00"
"7790580142117","15.209,00"
"7798304841865","5.569,00"
"7790380090083","5.639,25"
"7798352260014","8.159,00"
"7798368470384","6.599,00"
"7798070861234","11.249,25"
"7798368470773","12.999,00"
"7798114470194","2.259,00"
"7613287609847","2.789,00"
"7793281493946","4.068,35"
"7792180143440","2.579,00"
"7798304841438","3.029,00"
"7790580142100","15.209,00"
"7793890262155","6.907,00"
"7793890262629","7.254,00"
"7898215157106","9.959,00"
"7798141132065","4.479,00"
"7790244941902","5.469,00"
"7798333321925","5.689,00"
"7798041520207","7.269,00"
"7798138004498","6.539,00"
"7790380090014","11.331,75"
"7790787110520","1.649,00"
"7798131012131","25.099,00"
"7795323774860","32.099,00"
"7795323775218","0,00"
"7795323002451","45.699,00"
"7795323776123","2.089,00"
"7790580121891","18.029,00"
"7795323774839","42.799,00"
"7795323774846","40.599,00"
"7798183020054","16.999,00"
"7795323002444","48.599,00"
"7898215157113","9.959,00"
"7795323002420","58.199,00"
"7795323772033","36.599,00"
"7798138004634","6.699,00"
"7622201807436","529,00"
"7799155000135","3.499,00"
"7790639002416","1.099,00"
"7799120003703","2.699,00"
"7790895067570","5.449,00"
"7798105589577","1.869,00"
"7798065734314","1.299,00"
"7797257001005","1.599,00"
"7791813434412","2.369,40"
"7790639003819","1.799,00"
"7622201682026","529,00"
"7622201807528","529,00"
"7790895000997","5.449,00"
"7791813888468","3.299,25"
"7622201814946","509,00"
"7798060140509","1.869,00"
"7622201807672","529,00"
"7798353194653","4.699,00"
"7622201814977","509,00"
"7622201807580","529,00"
"7622201807498","529,00"
"7622201807634","529,00"
"7790639003857","1.799,00"
"7790895001000","5.449,00"
"7622201816490","509,00"
"7792798013937","2.624,25"
"7791813423386","3.899,25"
"7790639003826","1.799,00"
"7793147574093","2.169,30"
"7790639003833","1.799,00"
"7790895012273","2.548,30"
"7622202236846","529,00"
"7790895010095","4.086,75"
"7790639003437","1.799,00"
"7622201733834","529,00"
"7798065734512","4.299,00"
"7799155000197","1.999,00"
"7622201815042","509,00"
"7798085681476","5.419,00"
"7622201814854","509,00"
"7791913000753","1.699,00"
"7792798010561","4.574,25"
"7799155000876","2.541,75"
"7792798007387","3.149,25"
"7622201807559","529,00"
"7790639003451","1.799,00"
"7798270242789","1.279,00"
"7790240042108","7.439,00"
"7793147009199","3.699,00"
"7790895003295","3.399,00"
"7793147118860","2.399,00"
"7622201807764","529,00"
"7791813421368","2.961,75"
"7790950128444","2.299,00"
"7790895064166","5.449,00"
"7791813888413","1.999,00"
"7790580132774","345,00"
"7799155000340","2.541,75"
"7792798014835","2.499,00"
"7792798015290","1.109,25"
"7790070760722","4.999,00"
"7793147570606","3.499,00"
"7790895007385","1.439,20"
"7793147573546","1.874,25"
"7790895012266","2.548,30"
"7791813421382","2.961,75"
"7798062547559","1.836,75"
"7799120003864","3.449,00"
"7790895000232","2.299,00"
"7792798003709","2.750,30"
"7790950144093","2.299,00"
"7790580129958","345,00"
"7622201816520","509,00"
"7791813969488","2.961,75"
"7790314080159","4.099,00"
"7792798003716","4.584,30"
"7790580129972","345,00"
"7790639003444","1.799,00"
"7793147001742","1.789,00"
"7791813888475","4.386,75"
"7622201816612","509,00"
"7790950141610","2.024,25"
"7792798014873","2.379,30"
"7790580129637","345,00"
"7793147570743","1.789,00"
"7791813434450","3.899,25"
"7790895006715","4.299,00"
"7798119220237","2.799,00"
"7791540044106","9.729,00"
"7790895003288","3.399,00"
"7790639002423","1.099,00"
"7790950130805","2.299,00"
"7790580129385","345,00"
"7792798005871","1.289,00"
"7791813421054","2.961,75"
"7790895648267","2.699,00"
"7622201807733","529,00"
"7791813222057","2.961,75"
"7798065730033","1.979,00"
"7791813423317","2.081,65"
"7798270245650","1.499,00"
"7790070760579","3.834,35"
"7798074865313","15.099,00"
"7790950128468","2.299,00"
"7790580129576","345,00"
"7798270245667","1.499,00"
"7798074864675","6.799,00"
"7790580129880","345,00"
"7793147574222","2.499,00"
"7795930000550","5.712,85"
"7790895007392","1.439,20"
"7793147000752","1.789,00"
"7798085681421","15.149,00"
"7791813080039","2.961,75"
"7790895001017","3.541,85"
"7790580129644","345,00"
"7790895649370","3.674,25"
"7799155000852","2.061,75"
"7622201816766","509,00"
"7793147573720","3.599,25"
"7790950133356","2.024,25"
"7790314080111","3.409,00"
"7790895006951","1.439,20"
"7790314080203","4.099,00"
"7622201807467","529,00"
"7792319972224","5.999,00"
"7622201816582","509,00"
"7791813405023","3.049,00"
"7790070651068","7.019,35"
"7792798002757","3.379,35"
"7790950133288","2.024,25"
"7790950003420","1.176,75"
"7790240041460","10.489,00"
"7793147571689","1.789,00"
"7622201733865","509,00"
"7790895003301","3.399,00"
"7799155001408","2.541,75"
"7793147001056","3.449,25"
"7797257001043","1.649,00"
"7791813888406","1.424,25"
"7622201816551","509,00"
"7798085681483","7.699,00"
"7622201816704","509,00"
"7790580129620","345,00"
"7790070760777","4.999,00"
"7790950133325","2.024,25"
"7622201681999","509,00"
"7798074865191","7.341,75"
"7793147571160","1.789,00"
"7622201814830","509,00"
"7792170110704","2.061,75"
"7790895643835","3.099,00"
"7792170110575","2.061,75"
"7790895010088","4.299,00"
"7792798002115","3.314,35"
"7792757210025","4.199,00"
"7790580129941","345,00"
"7799155000814","2.541,75"
"7798074869311","20.799,00"
"7798270245636","1.499,00"
"7790639003925","2.189,00"
"7799155000296","2.061,75"
"7790895067587","2.299,00"
"7792170110568","2.061,75"
"7791813405016","3.049,00"
"7622300861100","269,00"
"7790639003871","3.389,00"
"7790070760821","10.299,00"
"7798065730347","1.399,00"
"7792798014019","1.910,30"
"7790639003840","1.799,00"
"7790895643866","3.099,00"
"7622201816674","509,00"
"7790154008351","789,00"
"7790189021028","6.689,00"
"7790895647536","8.179,00"
"7792799000097","1.968,85"
"7792931000039","2.163,85"
"7793147572723","1.789,00"
"7798353194721","9.699,00"
"7790639003574","2.189,00"
"7790639003895","2.189,00"
"7790895650833","2.299,00"
"7792798007400","3.149,25"
"7790639003864","3.389,00"
"7798270245643","1.499,00"
"7793147573683","1.994,30"
"7790154008368","789,00"
"7790950133349","2.024,25"
"7793147573195","3.224,25"
"7793147573591","3.299,25"
"7790950143706","2.024,25"
"7791813828365","1.424,25"
"7797257000121","829,00"
"7799155001002","2.541,75"
"7794450000156","13.279,00"
"7798065730323","1.399,00"
"7790950143690","2.024,25"
"7791813403036","2.749,00"
"7790703205064","4.920,00"
"7622201816643","509,00"
"7791813888376","1.574,25"
"7798099590467","4.459,00"
"7790895000270","2.299,00"
"7792798007493","4.399,00"
"7791661000333","5.159,25"
"7622300861070","269,00"
"7798085681209","2.719,00"
"7790240128598","5.239,00"
"7792798006045","2.774,25"
"7792798010882","4.799,25"
"7790639003499","3.389,00"
"7792798001101","6.399,00"
"7791813800774","1.574,25"
"7799155000180","2.699,00"
"7791540053351","2.209,00"
"7622300861049","269,00"
"7794450090492","22.269,00"
"7790314063824","1.639,00"
"7790950139273","2.299,00"
"7798353194752","12.999,00"
"7790950133318","2.024,25"
"7791200200835","8.189,35"
"7790314079108","3.679,00"
"7794450000149","13.279,00"
"7791670027482","3.899,00"
"7793147570330","3.899,25"
"7792798002351","4.799,25"
"7792798013487","2.324,25"
"7799155001750","1.749,00"
"7793147013912","3.599,25"
"7791250000935","6.299,00"
"7790950136609","1.176,75"
"7790895641220","2.379,15"
"7790639003581","2.189,00"
"7790895640490","2.379,15"
"7799155000791","2.541,75"
"7798119220299","1.869,00"
"7790895650840","2.299,00"
"7790895640025","1.999,00"
"7790093521782","5.879,00"
"7790895003325","3.399,00"
"7798062547436","1.596,75"
"7797257000145","879,00"
"7791813403012","2.749,00"
"7792170042241","1.686,75"
"7790895004971","3.399,00"
"7790895065217","2.699,00"
"7790895640483","2.379,15"
"7792170042258","1.686,75"
"7790895012259","4.699,00"
"7791813444473","4.386,75"
"7791813828372","1.574,25"
"7790154008375","789,00"
"7799155000210","2.839,00"
"7793147570866","2.519,30"
"7790314079726","3.974,25"
"7791813420385","1.424,25"
"7790639003888","2.189,00"
"7793147572624","3.074,25"
"7793147571283","5.499,00"
"7790189043686","10.799,00"
"7798091030510","4.179,00"
"7790950133257","2.024,25"
"7798065730361","1.399,00"
"7792798015061","2.699,25"
"7793147572389","1.994,30"
"7802100003270","2.099,30"
"7791813423911","2.819,00"
"7792798011087","1.124,25"
"7792170110551","2.061,75"
"7790950133332","2.024,25"
"7799155001767","1.749,00"
"7790639003901","2.189,00"
"7790649991151","10.259,00"
"7794450088581","16.949,00"
"7792798999866","1.903,85"
"7798108834339","6.699,00"
"7793147572327","1.994,30"
"7798353194769","23.199,00"
"7790895643842","3.099,00"
"7791540049347","12.769,00"
"7798074865153","7.341,75"
"7793147574024","3.584,25"
"7790240128673","13.829,00"
"7790070761033","9.899,40"
"7799155001743","1.749,00"
"7791813403029","2.749,00"
"7790895003202","2.299,00"
"7790070760623","4.094,35"
"7792170052271","1.874,25"
"7790036000619","699,00"
"7790070760920","17.999,00"
"7790240041880","5.319,00"
"7798353195049","4.699,00"
"7798085681520","5.949,00"
"7790895006029","2.399,00"
"7790639003536","3.389,00"
"7791250001345","7.233,85"
"7792170042005","1.686,75"
"7798091030527","3.549,00"
"7790036002583","3.849,00"
"7799155000173","1.869,00"
"7790240094459","11.649,00"
"7790580141516","199,00"
"7798085681469","4.059,00"
"7793147573133","3.849,00"
"7790070760999","7.649,40"
"7790315058201","2.269,00"
"7791250002267","11.465,35"
"7793147570927","3.199,00"
"7791540048500","9.729,00"
"7798422620021","3.199,00"
"7791813777021","1.574,25"
"7790036000572","699,00"
"7798353194837","17.599,00"
"7790895007217","4.699,00"
"7790895064340","2.699,00"
"7791540049590","5.579,25"
"7790639003611","2.189,00"
"7790036000602","699,00"
"7790070650948","7.019,35"
"7792798014705","2.799,00"
"7790950133363","2.024,25"
"7798085681216","2.719,00"
"7790577002165","10.349,00"
"7790895641183","1.999,00"
"7790314079924","3.409,00"
"7798062543919","1.699,00"
"7791813423591","2.819,00"
"7798422620014","3.199,00"
"7793147571382","3.561,75"
"7793147573386","2.199,00"
"7791540053368","2.209,00"
"7791813444381","1.424,25"
"7790154008344","789,00"
"7792170042029","1.686,75"
"7790895648687","1.999,00"
"7790314057083","1.199,00"
"7790070760760","4.999,00"
"7802107000876","3.149,25"
"7792798005888","1.624,35"
"7792798002320","1.968,85"
"7792798013357","2.659,30"
"7790093521768","5.879,00"
"7798091030268","4.179,00"
"7792798002726","1.968,85"
"7793147571412","3.074,25"
"7791913001040","3.099,00"
"7790070760876","13.399,00"
"7790895641237","2.379,15"
"7798108834117","5.899,00"
"7793147000899","6.299,00"
"7791843009116","5.019,00"
"7790580141943","345,00"
"7791540044540","7.439,00"
"7798091030343","4.179,00"
"7790036000343","2.919,00"
"7791813423966","2.081,65"
"7791250001529","13.719,00"
"7790895012327","4.699,00"
"7798422620298","3.199,00"
"7798000213539","17.499,00"
"7798339251370","2.849,00"
"7790580143763","345,00"
"7798140257431","2.599,00"
"7798000213515","17.499,00"
"7798422620120","3.199,00"
"7792798014491","1.971,75"
"7791670026645","3.699,00"
"7791813800750","1.574,25"
"7794450947246","31.469,00"
"7792799000011","1.221,35"
"7790314079054","1.569,00"
"7790762754107","4.626,75"
"7798074865399","15.799,00"
"7790189001129","10.799,00"
"7791813080022","1.424,25"
"7791843005002","8.079,00"
"7792798010615","2.699,25"
"7790070760814","6.694,35"
"7790189043495","17.999,00"
"7793147574185","1.994,30"
"7790703205224","4.810,00"
"7797942007244","5.061,75"
"7791670027611","6.899,00"
"7792798015023","4.799,25"
"7798074864774","6.849,00"
"7790895011221","2.999,00"
"7790704000064","3.546,75"
"7791540999789","12.769,00"
"7792319972279","14.139,00"
"7792798012923","1.784,25"
"7791843020746","4.499,00"
"7790240017045","5.769,00"
"7790580144142","345,00"
"7798074865238","15.799,00"
"7790895006104","1.799,25"
"7790314079733","3.299,00"
"7792319972248","5.999,00"
"7795697612706","5.799,00"
"7798422330289","6.699,00"
"7798085681544","5.949,00"
"7797942007794","4.209,00"
"7791913001163","2.399,00"
"7790415128729","9.700,00"
"7794450000781","10.939,00"
"7791813000723","2.749,00"
"7795697431345","5.799,00"
"7793147573515","2.024,00"
"7791913000746","2.399,00"
"7790154000836","1.800,00"
"7791670027604","6.899,00"
"7790895000256","1.330,00"
"7795930000567","1.526,85"
"7790240092011","22.009,00"
"7798113302700","1.859,00"
"7798091030329","4.179,00"
"7790895640896","2.299,00"
"7798108834377","6.699,00"
"7790649000112","13.129,00"
"7790240042085","7.439,00"
"7798074865139","7.341,75"
"7790895650895","2.299,00"
"7791250001871","7.981,35"
"7790189042023","14.589,00"
"7798085682107","1.409,00"
"7798270243847","1.149,00"
"7790639003475","1.799,00"
"7798339251127","3.149,00"
"7791540047862","5.579,25"
"7790895651038","8.179,00"
"7790895011245","2.999,00"
"7790070764027","7.148,70"
"7798113302687","1.859,00"
"7790703204968","4.540,00"
"7798108833950","5.899,00"
"7798074865276","15.099,00"
"7790093095221","9.829,00"
"7791540047909","5.239,00"
"7797942006933","5.509,00"
"7790895640018","1.999,00"
"7790070760944","17.999,00"
"7790315001061","2.061,75"
"7798039590625","22.299,00"
"7798290581639","1.399,00"
"7794450948694","19.109,00"
"7790240041170","13.829,00"
"7790189021059","6.689,00"
"7798113302694","1.859,00"
"7790070760630","4.094,35"
"7790070760678","4.094,35"
"7798422620069","3.199,00"
"7793147574109","3.199,00"
"7791913000951","2.089,00"
"7790895645778","1.529,15"
"7790762754190","3.957,00"
"7790895011269","2.999,00"
"7790895648441","2.899,00"
"7790070760555","6.299,00"
"7790415127777","8.200,00"
"7791813402039","1.799,00"
"7792798013975","3.509,35"
"7791560040126","11.809,00"
"7791250000997","4.869,00"
"7799155001774","1.499,00"
"7798353195384","9.699,00"
"7792799000639","1.604,85"
"7791813050582","1.574,25"
"7792170042012","1.686,75"
"7791913000814","1.449,00"
"7798420160192","2.599,00"
"7791670027550","3.569,00"
"7792319972712","6.389,00"
"7798085680530","5.419,00"
"7798353194677","4.699,00"
"7790895645785","2.299,00"
"7790070760647","3.834,35"
"7790314057014","1.459,00"
"7798113302731","1.859,00"
"7790950135992","2.024,25"
"7790070760562","3.834,35"
"7798290581608","759,00"
"7790580143824","345,00"
"7798422620090","3.199,00"
"7790895007248","4.699,00"
"7791540051913","12.769,00"
"7791540053184","3.789,00"
"7791813421917","2.749,00"
"7790895648823","2.399,00"
"7791670027833","3.699,00"
"7790895648014","4.299,00"
"7798339251509","4.149,00"
"7798339251141","2.849,00"
"7791540044557","7.439,00"
"7791540047916","5.239,00"
"7798141877089","10.199,00"
"7247510098766","10.873,85"
"7791200200828","7.344,35"
"7794450090096","31.559,00"
"7798130465921","5.599,00"
"7798085681513","5.949,00"
"7790154000652","3.700,00"
"7790895006036","1.799,25"
"7798074865214","7.341,75"
"7798108834155","5.699,00"
"7790093521805","5.879,00"
"7791913001170","1.899,00"
"7790950003048","1.699,00"
"7790240041446","13.829,00"
"7790168904465","5.249,00"
"7790975204062","6.880,00"
"7798339251523","3.699,00"
"7792798008858","2.825,00"
"7790240093780","14.589,00"
"7792316001019","3.629,00"
"7730908401540","329,00"
"7790577006101","15.539,00"
"7795930002097","1.539,85"
"7792798001972","3.149,30"
"7798074865252","15.099,00"
"7792798001965","3.149,30"
"7790240095289","5.319,00"
"7798270243816","1.149,00"
"7791670027628","6.899,00"
"7790895012440","4.699,00"
"7790189021011","6.689,00"
"7793147573492","3.499,00"
"7790895648861","2.199,00"
"7790580143527","345,00"
"7790314079719","3.974,25"
"7798119220374","1.869,00"
"7791670026911","8.949,00"
"7790070764041","7.148,70"
"7798074865115","7.341,75"
"7790154000829","1.800,00"
"7797942006544","5.393,40"
"7797942006957","5.509,00"
"7798074864798","6.799,00"
"7798099592546","5.749,00"
"7798422620052","3.199,00"
"7798339251134","2.849,00"
"7798353194684","4.699,00"
"7798123970296","17.639,00"
"7791728248265","8.749,00"
"7790895643767","1.399,00"
"7791670027574","3.569,00"
"7790703205293","4.810,00"
"7790070760586","3.834,35"
"7791813402022","1.799,00"
"7798324540069","3.486,75"
"7790895647130","1.199,00"
"7790703206245","7.190,00"
"7790649991120","10.259,00"
"7792319972231","5.999,00"
"7791843000076","1.936,35"
"7790070760500","4.029,35"
"7790240042092","7.439,00"
"7792410008365","7.439,00"
"7790070764010","7.148,70"
"7797942007107","4.929,00"
"7730908400987","329,00"
"7798074864859","6.799,00"
"7791250000942","6.299,00"
"7791250001581","31.724,25"
"7792319971104","8.309,00"
"7798140257424","2.599,00"
"7790240096774","13.149,00"
"7790189042030","14.589,00"
"7798339251561","3.149,00"
"7790895641794","1.299,00"
"7790036000596","699,00"
"7798140257417","2.599,00"
"7790240002010","10.489,00"
"7798108834353","6.699,00"
"7791813111214","1.699,00"
"7798119220381","2.799,00"
"7791250001253","15.299,25"
"7792319003904","31.273,00"
"7798422620083","3.199,00"
"7791540999147","5.579,25"
"7798290581691","1.399,00"
"7791250003295","7.309,00"
"7798074865436","15.099,00"
"7790154000669","3.569,00"
"7792319969552","20.049,00"
"7797942005035","3.999,00"
"7795930000673","1.923,35"
"7792931000015","1.318,85"
"7798039590342","9.499,00"
"7790895000720","1.199,00"
"7790314077623","5.144,25"
"7798099592751","5.199,00"
"7804320510187","9.499,00"
"7790895650871","2.299,00"
"7790895650864","2.299,00"
"7791540053887","16.969,00"
"7798162671673","4.819,00"
"7798324540052","3.486,75"
"7791540051753","3.789,00"
"7790070760845","10.299,00"
"7798422620076","3.199,00"
"7798074864811","6.799,00"
"7790240096989","19.739,00"
"7798422330340","6.199,00"
"7791250001857","7.981,35"
"7791843009093","5.019,00"
"7791670026928","8.949,00"
"7640175740047","28.989,35"
"7730908403667","329,00"
"7791813421603","2.749,00"
"7798085680783","5.869,00"
"7790070760746","4.999,00"
"7790895643743","1.399,00"
"7790580143237","345,00"
"7792319972774","11.779,00"
"7790070764034","7.148,70"
"7790154008283","2.119,00"
"7790895004308","2.299,00"
"7792931001050","2.059,85"
"7792319972439","10.389,00"
"7790415127814","8.200,00"
"7798420160857","2.599,00"
"7792410527880","7.149,00"
"7792798012404","6.559,00"
"7790984003496","5.199,00"
"7790950003062","1.699,00"
"7798162670133","4.819,00"
"7791540044519","5.579,25"
"7798123973044","12.679,00"
"7791670027505","3.899,00"
"7790762754138","3.957,00"
"7791670027086","5.399,00"
"7798074865450","15.099,00"
"7798162670713","4.819,00"
"7798099592720","5.199,00"
"7790168075684","10.199,00"
"7798136300387","6.689,00"
"7798081661335","13.899,00"
"7790290000332","17.499,00"
"7790070761019","7.649,40"
"7794450008275","44.799,00"
"7792799000059","1.747,85"
"7792799000905","1.399,00"
"7790036115122","2.799,00"
"7791540044502","5.579,25"
"7790704870223","4.138,00"
"7798162679747","5.199,00"
"7798074865368","15.099,00"
"7790717153900","6.629,00"
"7798270243830","1.149,00"
"7797942007275","5.061,75"
"7790895648427","2.899,00"
"7791540049354","12.769,00"
"7798108834131","5.899,00"
"7791540050497","3.789,00"
"7790240128574","5.239,00"
"7790093095238","9.829,00"
"7798085680127","3.099,00"
"7790895012310","4.699,00"
"7790240128581","5.239,00"
"7790154008306","2.119,00"
"7790895643750","1.399,00"
"7790984003458","5.199,00"
"7798085681551","5.949,00"
"7798108834254","8.449,00"
"7794450024015","16.949,00"
"7790314081286","2.249,00"
"7792319972750","6.389,00"
"7790762050124","23.349,00"
"7798123972115","8.049,00"
"7791843008911","4.629,00"
"7798039599420","9.499,00"
"7798108834179","5.699,00"
"7799155001675","2.989,00"
"7790189000191","10.799,00"
"7791560126639","10.179,00"
"7790577001663","18.479,00"
"7790189021035","6.689,00"
"7798290581783","2.319,00"
"7798162677576","5.199,00"
"7790070760937","17.999,00"
"7798353194790","23.199,00"
"7790168903802","5.899,00"
"7798123971309","8.049,00"
"7790240017069","5.779,00"
"7790240093797","14.589,00"
"7798085680707","1.739,00"
"7798108834032","5.899,00"
"7791813111252","1.699,00"
"7791540045745","7.889,25"
"7798290581868","759,00"
"7790070760807","10.299,00"
"7798108834193","5.699,00"
"7798270243786","1.149,00"
"7791250003257","6.309,00"
"7791250001017","4.869,00"
"7798074864835","6.799,00"
"7792410522717","8.416,85"
"7790240940916","11.649,00"
"7790895007255","4.699,00"
"7798000213522","17.499,00"
"7799155001682","1.499,25"
"7798324540106","1.611,75"
"7790984005162","1.429,00"
"7730908401526","329,00"
"7792798012770","11.564,25"
"7792319969569","20.049,00"
"7791250001031","4.869,00"
"7791250001604","37.949,25"
"7798051304767","5.394,35"
"7791540000225","6.979,00"
"7790168904403","5.249,00"
"7790240098969","7.829,00"
"7792319002334","9.349,00"
"7790895009204","1.699,15"
"7790895647741","1.444,15"
"7790895650468","2.299,00"
"7798339250144","3.699,00"
"7790240094466","11.649,00"
"7790290101756","12.219,35"
"7798324540045","1.611,75"
"7791250003325","12.544,35"
"7798162671789","4.819,00"
"7790895649301","1.099,00"
"7792410131025","24.399,00"
"7791540045721","7.439,00"
"7790950003055","1.699,00"
"7790168903925","5.899,00"
"7791540054266","7.049,00"
"7797942006940","5.509,00"
"7791843023471","3.450,85"
"7798130466232","6.099,00"
"7790154008542","1.971,00"
"7799155000944","1.499,25"
"7792319003164","3.179,00"
"7790415129009","5.600,00"
"7791670026942","8.949,00"
"7791670027635","4.359,00"
"7898953990157","3.499,00"
"7798103160129","8.549,00"
"7790895642432","1.049,00"
"7792319971869","8.039,00"
"7798162671314","5.199,00"
"7312040017683","18.550,35"
"7790945007631","5.989,00"
"7792319971722","3.029,00"
"7790717154754","8.849,00"
"7790984004981","4.700,00"
"7798324540137","1.874,25"
"7790240093773","14.589,00"
"7798099594823","4.449,00"
"7790975000022","9.630,00"
"7790314081347","2.769,00"
"7791670026935","8.949,00"
"7790895641541","1.399,00"
"7798081660468","13.899,00"
"7798259430138","4.019,25"
"7793147572853","2.699,25"
"7790336030514","6.095,00"
"7798081661533","10.199,00"
"7794450090973","4.299,00"
"7790314055867","5.409,00"
"7790189743456","6.689,00"
"7791728243543","8.319,00"
"7790975001494","17.790,00"
"7790260013164","7.609,00"
"7790314079849","3.549,00"
"7798339250182","3.699,00"
"7798108833691","5.899,00"
"7798039591660","9.499,00"
"7790189000177","10.799,00"
"7790240096767","13.149,00"
"7791540044526","5.579,25"
"7790895009228","1.699,15"
"7790984003465","5.199,00"
"7790314080142","2.689,00"
"7798324540038","1.611,75"
"7791540047855","5.579,25"
"7790717153948","4.789,00"
"7790290101664","8.709,35"
"7792798015009","3.149,30"
"7791250003271","2.417,35"
"7791813333029","2.099,00"
"7790895009211","1.699,15"
"7790704167637","3.546,75"
"7798418250652","12.499,00"
"7792410128803","5.059,00"
"7798422330296","6.199,00"
"7791813000570","1.124,25"
"7790975198613","17.790,00"
"7797257000114","1.549,00"
"7798130466249","6.099,00"
"7790577039598","5.199,00"
"7797942007817","4.209,00"
"7790240020052","11.649,00"
"7798290581790","4.569,00"
"7798085681636","3.099,00"
"7790717154730","8.849,00"
"7798039599710","9.499,00"
"7790314003233","2.899,00"
"7798123970166","11.739,00"
"7791843002124","5.999,00"
"7798339250137","4.149,00"
"7797942005028","3.999,00"
"7790577002141","10.349,00"
"7790168075660","10.199,00"
"7791540054280","7.049,00"
"7794450941237","9.369,00"
"7798130466270","4.849,00"
"7792410529198","9.729,00"
"7798130464528","8.049,00"
"7791540049910","6.319,00"
"7798039599413","9.499,00"
"7790168903833","5.899,00"
"7798039599031","5.499,00"
"7790975198651","17.790,00"
"7791250002243","7.981,35"
"7798039597815","22.299,00"
"7791560126646","15.309,00"
"7790975000039","5.999,00"
"7790314079993","4.379,25"
"7790290101527","8.709,35"
"7790975195674","17.790,00"
"7791203003372","10.849,00"
"7798259430084","4.019,25"
"7791813422389","2.901,81"
"7798290581745","2.809,00"
"7797942007046","4.929,00"
"7799155000999","1.499,25"
"7798324540076","2.324,25"
"7790119002370","10.459,00"
"7798339250151","3.699,00"
"7798123972450","13.909,00"
"7790975198637","17.790,00"
"7790895648601","1.999,00"
"7791203000104","24.099,00"
"7790975198675","17.790,00"
"7790975204154","9.630,00"
"7798108834070","5.899,00"
"7790895649578","2.899,00"
"7790577002189","10.349,00"
"7790336020775","4.287,00"
"7798039590151","5.499,00"
"7798290581752","5.529,00"
"7791250001444","13.719,00"
"7798141877560","7.299,00"
"7790895643507","2.899,00"
"7790240098976","7.829,00"
"7791670027871","5.999,00"
"7790415130630","5.600,00"
"7791540999031","5.239,00"
"7798123971316","8.049,00"
"7790240072792","11.649,00"
"7798108834018","5.899,00"
"7798108834094","5.899,00"
"7790240098174","13.149,00"
"7790577041515","13.759,00"
"7791250000959","6.309,00"
"7790895649837","3.399,00"
"7791843002131","5.999,00"
"7791843019108","3.450,85"
"7790070760517","4.029,35"
"7790168075691","6.109,00"
"7791250003400","7.981,35"
"7790290101718","7.499,00"
"7798108833424","8.449,00"
"7790717153924","3.969,00"
"7791670028410","8.939,00"
"7790093521812","5.879,00"
"7790717153771","4.759,00"
"7798287070016","11.474,25"
"7792799000035","1.299,35"
"7790480090280","5.729,00"
"7790703206283","7.190,00"
"7791728247114","6.639,00"
"7798051300202","4.159,35"
"7797942007251","5.061,75"
"7791540047008","5.579,25"
"7791250801563","2.417,35"
"7790314010200","2.999,00"
"7790895646027","1.529,15"
"7790945007709","7.509,00"
"7798123970111","11.739,00"
"7790577039949","18.479,00"
"7790168903680","13.899,00"
"7790260013065","7.609,00"
"7790577039987","18.479,00"
"7790577000017","5.829,00"
"7791670028113","15.049,00"
"7790975001487","17.790,00"
"7791728247855","6.639,00"
"7798123971170","11.739,00"
"7501035010109","53.499,00"
"7791728247800","6.639,00"
"7610113024362","19.124,15"
"7792410008051","8.079,00"
"7790945006788","9.469,00"
"7798141877027","10.199,00"
"7794450000798","10.939,00"
"7794450948663","25.439,00"
"7790945007815","8.599,00"
"7790703206221","7.190,00"
"7790717151067","8.049,00"
"7790703206269","7.190,00"
"7791813111443","1.699,00"
"7797942007060","4.929,00"
"7790945007419","5.749,00"
"7790945007723","7.509,00"
"7790703205101","4.920,00"
"7790703206467","10.330,00"
"7791813434023","1.549,00"
"7790480090235","5.729,00"
"7798039590373","5.499,00"
"7792410779319","3.719,00"
"7790314055966","5.409,00"
"7790154008313","2.119,00"
"7790895650888","2.299,00"
"7791728239324","3.059,00"
"7790240940947","5.769,00"
"7790415130555","6.200,00"
"7798085681223","1.569,00"
"7804320303178","9.499,00"
"7792319972743","6.389,00"
"7790717154747","8.849,00"
"7790895647758","1.444,15"
"7792410527903","7.869,00"
"7790314001949","2.239,00"
"7791728001747","12.579,00"
"7790945007822","8.599,00"
"7791728247671","9.999,00"
"7790975198873","9.540,00"
"7790975204307","17.790,00"
"7791670028632","5.489,00"
"7794450948557","30.739,00"
"7790717153955","4.789,00"
"7790290101510","7.929,35"
"7791540054020","5.579,25"
"7793147570262","3.936,75"
"7790577001151","35.179,00"
"7790717153801","3.109,00"
"7790895009259","1.699,15"
"7790945007358","10.849,00"
"7791843023495","3.164,85"
"7790975194431","46.990,00"
"7798051300189","4.159,35"
"7798108834315","6.699,00"
"7798290582551","759,00"
"7791670027857","5.999,00"
"7790945007549","4.349,00"
"7790314079917","3.079,00"
"7790895649561","2.899,00"
"7790945006832","5.579,00"
"7798290581820","4.569,00"
"7791843008935","4.629,00"
"7790945007716","7.509,00"
"7790945006825","5.579,00"
"7798108834230","8.449,00"
"7790577000024","5.829,00"
"7790945007044","9.499,00"
"7790945006863","4.789,00"
"7797942007206","6.290,00"
"7790945005224","5.579,00"
"7798000213027","11.799,00"
"7790975198859","9.540,00"
"7794450947550","13.809,00"
"7798085680165","3.099,00"
"7896010004526","10.199,00"
"7790717151081","8.049,00"
"7798085680295","3.099,00"
"7798123971552","8.049,00"
"7798103161683","8.549,00"
"7798051304736","5.394,35"
"7794450948656","30.739,00"
"7790580141981","2.179,00"
"7791540054273","7.049,00"
"7798259439223","4.469,25"
"7792798014972","4.899,00"
"7791728022841","9.419,00"
"7798290581721","2.319,00"
"7790290101657","8.039,00"
"7791540051784","2.649,00"
"7796435006047","2.699,00"
"7790704167644","3.546,75"
"7790895651441","2.121,80"
"7799155001668","2.629,00"
"7791813040057","1.499,00"
"7798103164004","10.749,00"
"7794450008305","120.999,00"
"7790336021741","4.918,00"
"7790415129122","13.000,00"
"7790336039104","10.499,00"
"7794450088468","8.089,00"
"7790415131217","6.700,00"
"7790415131194","6.700,00"
"7798123971606","12.679,00"
"7790577004237","13.759,00"
"7790975194981","9.630,00"
"7790975194417","46.990,00"
"7792410134729","8.089,00"
"7790717153467","8.069,00"
"7792410533102","10.699,00"
"7798000212037","11.799,00"
"7798123971583","12.679,00"
"7790154008832","5.550,00"
"7790945007426","5.749,00"
"7790945006849","5.989,00"
"7790975198897","9.540,00"
"7790975017037","9.990,00"
"7791728247688","9.999,00"
"7790975000046","9.630,00"
"7790895647772","2.199,00"
"7791728001082","26.779,00"
"7792410779395","10.449,00"
"7791728247749","6.639,00"
"7790945006856","5.989,00"
"7794450004239","6.939,00"
"7790975198910","9.540,00"
"7730908404862","649,00"
"7730908404930","649,00"
"7798000212303","9.410,00"
"7730908405128","649,00"
"7730908405104","649,00"
"7730908404916","649,00"
"7730908404947","649,00"
"7790975001500","17.790,00"
"7796435006900","4.499,00"
"7790945007433","5.749,00"
"7790975017020","9.990,00"
"7730908404770","649,00"
"7730908404756","649,00"
"7730908404763","649,00"
"7730908404909","649,00"
"7790895643491","2.899,00"
"7791293049502","4.559,00"
"7509546677569","3.489,00"
"7790740508975","5.989,00"
"7791293047102","9.499,00"
"7506306241183","5.429,00"
"7891150081239","7.529,00"
"7509546677576","5.049,00"
"7509546677583","6.489,00"
"7891150046481","6.889,00"
"7509546687292","2.569,00"
"7790773007063","1.750,00"
"7898422746759","1.849,00"
"7799120001099","3.499,00"
"7790740001841","5.149,00"
"7791293044378","4.329,00"
"7793100111792","4.289,00"
"7891024028995","2.349,00"
"7791293044347","4.329,00"
"7891150019560","1.849,00"
"7891024137802","2.879,00"
"7791293047508","9.499,00"
"7509546075242","2.564,25"
"7791293022260","2.534,35"
"7791293045801","8.709,00"
"7791293044309","2.789,00"
"7791293047522","9.499,00"
"7798270245681","2.549,00"
"7791293049540","4.559,00"
"7509546686042","6.129,00"
"7798153713450","1.579,00"
"7791293008868","5.429,00"
"7791293049120","4.049,00"
"7790064000261","1.399,00"
"7791293047171","9.499,00"
"7891024134610","5.929,00"
"7791293044361","4.329,00"
"7790740509019","5.989,00"
"7791293049106","1.489,00"
"7790740001858","5.149,00"
"7891024134702","2.399,00"
"7790740508982","5.989,00"
"7791293049441","1.649,00"
"7891024034781","769,00"
"7791293049076","1.489,00"
"7791293049403","1.649,00"
"7790064001909","3.299,00"
"7891024134429","5.159,00"
"7791293020297","4.459,00"
"7791293045993","8.709,00"
"7791293045795","8.709,00"
"7702018072392","6.829,00"
"7898422746827","1.849,00"
"7791274000744","2.119,00"
"7790740508920","5.149,00"
"7891150095700","6.759,00"
"7891024034095","3.199,00"
"7509552876444","11.189,00"
"7790773007117","2.500,00"
"7791293049151","4.049,00"
"7790940003034","1.190,00"
"7791293049649","6.079,00"
"7791293049595","6.079,00"
"7509546686554","4.069,00"
"7509546702636","9.059,00"
"7791293045986","8.709,00"
"7896009499128","5.693,35"
"7509552876482","11.189,00"
"7794218106946","1.699,00"
"7891024139165","2.319,00"
"7791293047492","9.499,00"
"7896009419324","3.743,35"
"7791293047638","15.239,00"
"7509546697536","1.329,00"
"7790740509118","5.259,00"
"7509546695525","4.829,00"
"7799120001082","5.299,00"
"7791293049953","9.919,00"
"7702425632189","9.639,00"
"7500435225366","8.436,75"
"7501006721133","10.029,00"
"7506306214989","6.989,00"
"7793100130120","4.569,00"
"7791293049748","8.709,00"
"7501006721317","10.029,00"
"7791520004113","1.341,75"
"7791293037318","2.534,35"
"7891024183182","3.439,00"
"7509546695617","12.989,00"
"7791293049960","9.919,00"
"7509552930542","11.989,00"
"7791293050324","9.499,00"
"7891024183120","4.279,00"
"7791293025780","4.459,00"
"7798311610324","4.829,00"
"7791293034850","9.509,00"
"7791293049779","8.709,00"
"7891150025998","1.609,30"
"7509546702605","6.129,00"
"7791274000577","2.119,00"
"7500435231237","11.909,00"
"7509546674742","3.249,00"
"7702010631207","5.039,00"
"7509546686035","9.059,00"
"7899026483002","19.989,00"
"7794218106939","1.699,00"
"7891150034075","1.849,00"
"7791293028781","4.459,00"
"7509546669205","4.049,25"
"7792206000252","1.699,00"
"7791293049588","6.079,00"
"7799120003871","1.999,00"
"7891150023529","9.509,00"
"7790740001421","5.989,00"
"7790064001664","6.499,00"
"7791293050614","5.339,00"
"7794218000190","2.999,00"
"7794218000176","2.999,00"
"7794626011023","4.969,00"
"7791293047577","15.239,00"
"7702003469299","2.249,00"
"7791293046440","8.709,00"
"7702018072408","12.589,00"
"7790740001414","5.989,00"
"7793100120275","2.479,00"
"7798311610416","4.819,00"
"7791293044286","2.789,00"
"7791293033266","5.429,00"
"7509552876550","17.989,00"
"7790940000026","2.120,00"
"7891024034767","769,00"
"7791293046389","8.709,00"
"7791293043210","5.429,00"
"7509546066776","4.819,00"
"7509552979558","19.989,00"
"7791293047515","9.499,00"
"7793100120282","4.479,00"
"7500435248037","9.759,00"
"7790990004128","3.749,00"
"7791293046242","5.429,00"
"7891024034897","1.589,00"
"7792378113620","2.099,00"
"7794626012525","3.559,00"
"7790740000738","3.829,00"
"7791274000928","5.679,00"
"7798311610362","20.039,00"
"7509552902327","11.189,00"
"7702018325795","7.259,00"
"7791293046235","5.429,00"
"7791274000737","2.119,00"
"7509552876260","17.989,00"
"7791293047164","9.499,00"
"7791293049557","4.559,00"
"7791293051017","10.549,00"
"7791293044354","4.329,00"
"7500435219648","8.629,00"
"7798350081260","9.359,00"
"7790740509156","5.259,00"
"7790250042082","15.749,00"
"7891010255237","7.579,00"
"7891150095618","1.849,00"
"7791293050409","4.199,00"
"7791293045818","8.709,00"
"7791293025889","4.459,00"
"7891024114261","1.679,00"
"7702018322374","7.749,00"
"7509552876659","7.989,00"
"7500435245852","6.679,00"
"7798153717960","2.549,00"
"7509552964165","7.989,00"
"7896018700628","5.299,00"
"7509546687278","4.769,00"
"7798311610355","20.039,00"
"7891024005064","7.491,75"
"7794640170102","2.219,00"
"7509546012100","4.866,75"
"7509552964561","12.189,00"
"7790064000124","2.799,00"
"7791293050386","4.199,00"
"7891150104839","10.549,00"
"7509552964400","19.989,00"
"7790773082831","2.749,00"
"7793008016625","2.169,00"
"7791293049564","4.559,00"
"7791293044248","1.579,00"
"7791293044293","2.789,00"
"7790740509217","5.259,00"
"7898587774949","11.189,00"
"7509552964387","12.489,00"
"7791293051444","8.709,00"
"7791274000492","2.119,00"
"7791293049496","4.559,00"
"7509552964394","12.489,00"
"7790250042891","19.279,00"
"7791293051475","8.709,00"
"7506306214972","6.989,00"
"7799120001075","6.499,00"
"7791293046006","8.709,00"
"7506339315905","10.719,00"
"7702003010736","2.299,00"
"7791969029807","3.366,75"
"7791274197741","2.460,00"
"7509552964424","19.989,00"
"7794218000152","2.999,00"
"7500435198738","5.149,00"
"7891024123027","5.024,25"
"7793100151224","1.371,75"
"7798311610379","4.819,00"
"7798311610317","4.829,00"
"7798311610331","20.039,00"
"7791293044279","1.579,00"
"7891010047764","10.099,00"
"7891024176719","1.679,00"
"7790139101428","3.349,00"
"7891010669843","1.939,00"
"7791293043265","5.429,00"
"7790064001954","2.169,00"
"7509546073453","2.136,75"
"7790740509088","5.259,00"
"7793008018926","2.169,00"
"7509546653396","4.309,00"
"7509546703640","4.611,75"
"7891150035874","2.988,30"
"7503036426446","2.959,00"
"7509552979541","9.989,00"
"7791293049519","4.559,00"
"7791293046051","1.689,00"
"7791293049533","4.559,00"
"7790139101435","5.749,00"
"7509552963823","7.989,00"
"7798311610348","20.039,00"
"7790940000033","1.620,00"
"7500435229821","10.029,00"
"7509546031873","4.724,25"
"7500435202695","11.909,00"
"7791293046020","8.709,00"
"7791293050607","5.339,00"
"7794626012914","18.329,00"
"7799120003000","3.399,00"
"7794626011047","8.339,00"
"7500435203975","8.189,00"
"7791293050393","4.199,00"
"7896015517458","4.308,85"
"7791293025797","4.459,00"
"7792378113637","3.799,00"
"7791293050126","9.919,00"
"7702018072477","10.279,00"
"7509546702728","4.419,00"
"7791293049878","9.919,00"
"7896009498978","6.492,85"
"7791293045788","5.429,00"
"7791274196003","2.119,00"
"7794640172380","5.134,35"
"7506306255050","5.689,00"
"7791293049618","8.079,00"
"7791293051482","5.689,00"
"7791293049861","9.919,00"
"7509552922295","7.989,00"
"7790064000230","2.019,00"
"7791293046266","5.429,00"
"7790740509187","5.259,00"
"7509552902389","11.189,00"
"7891024028018","9.019,00"
"7891024183083","4.009,00"
"7794218106908","1.049,00"
"7790010003223","9.819,00"
"7791293021270","3.709,00"
"7891024038383","2.879,00"
"7509552791273","17.989,00"
"7791274189333","3.139,00"
"7509552922271","7.989,00"
"7791293050355","9.499,00"
"7891150103474","8.839,00"
"7509552902334","17.989,00"
"7702003469381","1.199,00"
"7792378001729","4.699,00"
"7791293049113","4.049,00"
"7794626013829","13.349,00"
"7790139003807","3.999,00"
"7798270243946","1.699,00"
"7791293050423","4.199,00"
"7891150045316","4.815,30"
"7509552876536","7.989,00"
"7791293047645","15.239,00"
"7509552876413","6.989,00"
"7509552791297","17.989,00"
"7791519704659","10.070,00"
"7702010630422","3.509,25"
"7792640000320","6.884,25"
"7791293051543","6.149,00"
"7791293049632","6.079,00"
"7891150023505","9.509,00"
"7792640007725","7.731,75"
"7702018325658","13.399,00"
"7509552859119","11.189,00"
"7790064004085","19.059,00"
"7798142356385","12.379,00"
"7509546061689","7.656,75"
"7798153717946","2.549,00"
"7509552920932","6.989,00"
"7791293040332","3.067,35"
"7792206000238","1.699,00"
"7794490630245","2.209,00"
"7509552903461","11.189,00"
"7509546693736","8.106,75"
"7791293048642","9.509,00"
"7506309897578","11.909,00"
"7791293047584","15.239,00"
"7509546693712","4.506,75"
"7891150097124","17.489,00"
"7791293046013","8.709,00"
"7509552902440","11.189,00"
"7790064004238","19.059,00"
"7790250042068","15.749,00"
"7798269140225","1.836,75"
"7792378001712","2.599,00"
"7790010003216","5.459,00"
"7799120006445","2.949,00"
"7509552920857","7.989,00"
"7509546067858","7.409,00"
"7790010002967","9.819,00"
"7509552876420","6.989,00"
"7509546683409","3.309,00"
"7791274196010","2.119,00"
"7702018874781","7.009,00"
"7794626013362","20.469,00"
"7891150014800","10.219,00"
"7793008017943","4.749,00"
"7891150025950","7.993,30"
"7790010003070","11.419,00"
"7790139000493","4.499,00"
"7896061990687","3.869,00"
"7790250042075","15.749,00"
"7794626010842","4.449,00"
"7509546671536","4.119,00"
"7509546668055","6.129,00"
"7790990004081","3.749,00"
"7790940000019","2.490,00"
"7791293049984","15.749,00"
"7891150097148","8.839,00"
"7702031604143","6.879,00"
"7791293049427","1.649,00"
"7791293046365","3.639,00"
"7790740509095","5.259,00"
"7891150089525","9.659,00"
"7791293049977","15.749,00"
"7791293050430","4.199,00"
"7500435249348","11.909,00"
"7509552911961","8.989,00"
"7790064104839","8.119,00"
"7791293045825","8.709,00"
"7891150075382","1.849,00"
"7790773086167","2.879,00"
"7791293050119","9.919,00"
"7794640172373","5.134,35"
"7790940112996","1.843,00"
"7509546659329","5.609,00"
"7500435202671","7.099,00"
"7791293050508","7.429,00"
"7509552902815","11.189,00"
"7509552902358","11.189,00"
"7794490630511","2.209,00"
"7798344320689","1.949,00"
"7500435230513","13.355,40"
"7798038315847","2.285,40"
"7798269140201","1.836,75"
"7791130438216","4.819,00"
"7791293046983","5.679,00"
"7898587774888","11.189,00"
"7791293050256","9.919,00"
"7891010032937","6.699,00"
"7896015527457","7.549,00"
"7790250042051","15.749,00"
"7790010003292","6.219,00"
"7790139000462","2.449,00"
"7791293050560","5.689,00"
"7898587775069","17.989,00"
"7791600018450","5.499,00"
"7896015591786","6.343,35"
"7798311610515","2.699,00"
"7509552928266","19.989,00"
"7794218106373","1.959,00"
"7891150064300","6.989,00"
"7791293050454","4.199,00"
"7794640171093","2.219,00"
"7896009419294","3.944,85"
"7702425071285","4.999,00"
"7891150036390","4.815,30"
"7509546651057","5.024,25"
"7794218106489","679,00"
"7509552964417","7.489,00"
"7791554020196","7.099,00"
"7702010631405","5.256,75"
"7790010002936","7.849,00"
"7500435228770","21.305,40"
"7791520004120","1.341,75"
"7891150103504","17.489,00"
"7509552902822","11.189,00"
"7793100123375","5.169,00"
"7509546675640","9.809,00"
"7896061990694","11.579,00"
"7509552920871","7.989,00"
"7891150026025","1.609,30"
"7791293041094","4.459,00"
"7791293048659","9.509,00"
"7509546686615","8.969,00"
"7798311610522","3.499,00"
"7509552922233","7.989,00"
"7891024131909","2.049,00"
"7798311610409","4.819,00"
"7501006721294","6.229,00"
"7790940515063","4.650,00"
"7799120006469","2.949,00"
"7791293047652","15.239,00"
"7509552908701","7.989,00"
"7898587775045","11.189,00"
"7509552920949","7.489,00"
"7799120005165","729,00"
"7891010257385","4.399,00"
"7891010255312","7.579,00"
"7791293050416","4.199,00"
"7790773008404","5.250,00"
"7799120001136","19.999,00"
"7509552902495","17.989,00"
"7790010003285","6.219,00"
"7509552902365","17.989,00"
"7790010002950","5.459,00"
"7790139101053","3.249,00"
"7792640002805","6.884,25"
"7509552964042","5.489,00"
"7792640000269","6.884,25"
"7500435219655","14.379,00"
"7799120006476","2.949,00"
"7896061999987","21.719,00"
"7790010003209","6.219,00"
"7509552964554","7.489,00"
"7790250042860","19.279,00"
"7506306255067","5.689,00"
"7790773007124","3.909,00"
"7790010003063","6.879,00"
"7791293046419","8.709,00"
"7891150068735","6.989,00"
"7891150103481","16.159,00"
"7891010560737","3.459,00"
"7500435247955","9.759,00"
"7891150097131","16.159,00"
"7759185010924","13.389,00"
"7891150055780","2.829,00"
"7791293046372","5.429,00"
"7891024131183","7.279,00"
"7790064104693","5.109,00"
"7791274196041","2.119,00"
"7702018983872","7.989,00"
"7509552928273","19.989,00"
"7791293049137","4.049,00"
"7509546678382","9.579,00"
"7509552902471","17.989,00"
"7500435138000","11.909,00"
"7791293050041","9.919,00"
"7509552876437","11.189,00"
"7891024027363","1.659,00"
"7500435237604","27.821,40"
"7791519702105","15.105,00"
"7791519704604","11.077,00"
"7790064001718","4.029,00"
"7791274200700","2.179,00"
"7798269140263","3.329,25"
"7794218106229","1.889,00"
"7509546703213","1.329,00"
"7790139100964","3.349,00"
"7791600037345","5.499,00"
"7791293049571","4.559,00"
"7702018001071","10.971,75"
"7791293051574","6.149,00"
"7791293027876","5.319,00"
"7791293050515","7.429,00"
"7790010003308","9.819,00"
"7509552791457","6.989,00"
"7891150025929","4.815,30"
"7509552903416","6.989,00"
"7500435162135","18.419,00"
"7794640170164","2.209,00"
"7791293046471","8.709,00"
"7891010257378","4.989,00"
"7790940003065","6.610,00"
"7791293048635","9.509,00"
"7896015591106","4.120,35"
"7790250042792","19.279,00"
"7500435209694","10.029,00"
"7790010003179","11.419,00"
"7509552838961","11.189,00"
"7791293030203","5.319,00"
"7509552805345","5.489,00"
"7509552902891","11.189,00"
"7891010255251","9.459,00"
"7790010002981","9.819,00"
"7790010002998","6.219,00"
"7791293050034","9.919,00"
"7791293051550","6.149,00"
"7898587775007","17.989,00"
"7753442000390","2.049,00"
"7793008020431","4.749,00"
"7791293050058","15.749,00"
"7500435157537","16.309,00"
"7794640173042","10.449,00"
"7791293035963","3.979,00"
"7891150100282","9.689,00"
"7509546703763","4.329,00"
"7794218106236","1.759,00"
"7799120001181","15.999,00"
"7509552902372","8.989,00"
"7501791657686","3.709,00"
"7791293040653","4.319,00"
"7500435191418","6.229,00"
"7500435260497","6.209,00"
"7790773083654","4.959,00"
"7500435146258","36.219,00"
"7791600028657","5.499,00"
"7793008002840","4.999,00"
"7702003010743","1.199,00"
"7791293045665","3.629,00"
"7509552924862","7.489,00"
"7891010255350","4.269,00"
"7501054550563","5.699,00"
"7799120006421","2.949,00"
"7509552940428","11.189,00"
"7791293045948","5.429,00"
"7793008017455","1.299,00"
"7794640630491","2.209,00"
"7791520004144","1.341,75"
"7509552928846","12.489,00"
"7792640007749","7.731,75"
"7793008019008","3.099,00"
"7500435229807","16.409,00"
"7798311610508","3.099,00"
"7794626999338","28.279,00"
"7509546695020","4.394,25"
"7798171946397","12.000,00"
"7509552902464","11.189,00"
"7500435169486","15.074,25"
"7500435231268","18.419,00"
"7891010255244","5.359,00"
"7791293049885","15.749,00"
"7790250042822","19.279,00"
"7891150029309","3.736,85"
"7509552902501","11.189,00"
"7790250040880","24.149,00"
"7509546686912","5.939,25"
"7791293041858","3.639,00"
"7791293046433","5.429,00"
"7790010002929","4.369,00"
"7790064001725","7.189,00"
"7891024040034","3.799,00"
"7791293033273","5.429,00"
"7790010002912","7.409,00"
"7891150025981","4.255,30"
"7891150063105","3.736,85"
"7509546700434","4.589,25"
"7790064000247","3.769,00"
"7791293051666","7.309,00"
"7794640171758","14.599,00"
"7509552902112","6.989,00"
"7503036426712","6.189,00"
"7790064104822","5.859,00"
"7509546071954","2.879,00"
"7791293050485","9.689,00"
"7791519704581","12.084,00"
"7891010255220","5.389,00"
"7791600087234","5.499,00"
"7500435202732","10.959,00"
"7790064104969","19.059,00"
"7509552844641","7.489,00"
"7799120001174","15.999,00"
"7791274196454","2.819,00"
"7509546686622","6.189,00"
"7794626013393","32.629,00"
"7791130820523","1.949,00"
"7509552900750","13.989,00"
"7791014001536","5.999,00"
"7790940516602","6.095,00"
"7791519704642","10.070,00"
"7791293049625","8.079,00"
"7891024030806","5.349,00"
"7791519704635","10.070,00"
"7794626012952","31.639,00"
"7791293050447","4.199,00"
"7790064104808","8.119,00"
"7790010002974","6.219,00"
"7509552890969","5.489,00"
"7891010255145","5.479,00"
"7509552805383","5.489,00"
"7790940003089","4.540,00"
"7790010959780","5.769,00"
"7793008005452","699,00"
"7896009498794","5.056,35"
"7791130143820","4.819,00"
"7509552964264","7.489,00"
"7891024028834","6.539,00"
"7791199004988","4.049,00"
"7500435235426","10.029,00"
"7798038310040","2.329,00"
"7791274200670","4.050,00"
"7794640170133","6.343,35"
"7500435144223","7.509,00"
"7791293049892","15.749,00"
"7798269140164","5.399,25"
"7791293049915","5.979,00"
"7791293051642","7.309,00"
"7898587774864","6.989,00"
"7793008016656","3.499,00"
"7791274196508","5.739,00"
"7702031244622","9.329,00"
"7509552922332","5.489,00"
"7896015522322","5.979,35"
"7790010003193","5.189,00"
"7509546694979","2.661,75"
"7591083011081","2.691,75"
"7790010003247","6.879,00"
"7509546061856","6.434,25"
"7500435138017","7.099,00"
"7798350082380","8.037,00"
"7790139100858","3.099,00"
"7501791601993","3.449,00"
"7509552844191","11.189,00"
"7798158489596","6.999,00"
"7794218106977","1.039,00"
"7791293050065","15.749,00"
"7500435191425","9.759,00"
"7506195153574","8.009,00"
"7791274000713","3.179,00"
"7794218106991","1.039,00"
"7791293051581","6.149,00"
"7500435162913","18.419,00"
"7891150065338","2.988,30"
"7891150089952","6.989,00"
"7509552844221","11.189,00"
"7790010003254","11.419,00"
"7791274196300","4.329,00"
"7794640171239","2.219,00"
"7500435237628","27.821,40"
"7509552940435","11.189,00"
"7500435241113","9.759,00"
"7791293043227","5.429,00"
"7790010003230","6.219,00"
"7891024179420","4.716,75"
"7791199004414","3.600,00"
"7794640630507","2.209,00"
"7790010003162","6.879,00"
"7790139100384","3.599,00"
"7791293045658","3.629,00"
"7896009400049","2.761,85"
"7500435206709","11.909,00"
"7500435245838","12.359,00"
"7790033338173","12.489,00"
"7500435206716","7.099,00"
"7791600060589","5.299,00"
"7891150065291","4.255,30"
"7500435228602","26.169,00"
"7799120002126","1.899,00"
"7794640171376","2.219,00"
"7798339190280","4.079,00"
"7702003010798","3.399,00"
"7891024078174","6.479,25"
"7509552844177","11.189,00"
"7791293041841","3.639,00"
"7500435157520","16.309,00"
"7791293051659","7.309,00"
"7794640171765","14.599,00"
"7794640172472","6.577,35"
"7506309897547","11.909,00"
"7791519704611","11.077,00"
"7791293050195","9.919,00"
"7790375269722","5.459,40"
"7790064000131","6.309,00"
"7794640173592","7.246,85"
"7899884223628","3.989,30"
"7891024033449","8.969,00"
"7509552874044","13.989,00"
"7798344320672","1.979,00"
"7794626015380","35.129,00"
"7792175010658","9.199,00"
"7791274200694","5.739,00"
"7500435173223","7.979,00"
"7790250042938","28.149,00"
"7794640173028","9.499,00"
"7796733098638","3.469,00"
"7798311610386","4.819,00"
"7791600024345","5.199,00"
"7791519704338","7.999,00"
"7591083011098","2.691,75"
"7791293045740","5.429,00"
"7791519704598","11.077,00"
"7500435228763","21.305,40"
"7891024124628","7.199,00"
"7500435224604","13.069,00"
"7794626011870","20.649,00"
"7790375269739","5.459,40"
"7798344320658","1.949,00"
"7791293045931","5.429,00"
"7791274199288","3.499,00"
"7794218106960","1.039,00"
"7501006721119","6.229,00"
"7791600596576","5.999,00"
"7500435228718","32.399,40"
"7790940516596","11.390,00"
"7509546676258","6.044,25"
"7891010255213","5.189,00"
"7791293051437","5.429,00"
"7799120001938","1.419,00"
"7791293049793","5.949,00"
"7794728001519","2.849,00"
"7790740500627","3.469,00"
"7509552902488","17.989,00"
"7790139000400","7.049,00"
"7500435241052","15.889,00"
"7791293051420","3.639,00"
"7790375270636","5.459,40"
"7793008017806","11.299,00"
"7794218106632","3.049,00"
"7509552920864","5.489,00"
"7791519704321","7.999,00"
"7794626001475","3.599,00"
"7790010003278","11.419,00"
"7799120005578","1.539,00"
"7791293050089","5.979,00"
"7791293046402","5.429,00"
"7793008017486","1.299,00"
"7791293050553","5.689,00"
"7509546070261","4.519,00"
"7799120001921","1.409,00"
"7891024033050","6.189,00"
"7702031244592","9.339,00"
"7506309897561","7.099,00"
"7798008961944","749,00"
"7500435231480","60.399,00"
"7791274200663","7.069,00"
"7791293050577","5.689,00"
"7509546700748","6.349,00"
"7791293047003","5.679,00"
"7790375269777","5.669,40"
"7798350081284","9.239,00"
"7500435019545","11.909,00"
"7509552920956","7.489,00"
"7509552928860","9.989,00"
"7798311610393","4.819,00"
"7790010003261","6.879,00"
"7896009498572","6.343,35"
"7799120001129","19.999,00"
"7891150101647","5.949,00"
"7500435241106","9.759,00"
"7791519001253","16.899,00"
"7896007550050","28.699,00"
"7790064002029","3.459,00"
"7798350084322","14.249,00"
"7793008017929","4.749,00"
"7791274001567","5.849,00"
"7506306249806","12.279,00"
"7509552838954","11.189,00"
"7790740001889","5.149,00"
"7791274198243","4.799,00"
"7791293051680","4.419,00"
"7793100123382","8.159,00"
"7790250040897","15.749,00"
"7790033338197","12.489,00"
"7790375269685","5.459,40"
"7896061990717","6.339,00"
"7790250042914","28.149,00"
"7891024027998","8.969,00"
"7799120006438","2.949,00"
"7798334587795","36.399,00"
"7792640007732","7.731,75"
"7790740500610","3.469,00"
"7791274200687","5.739,00"
"7790010003186","19.299,00"
"7794640172731","16.799,00"
"7500435142564","7.099,00"
"7791274189340","3.139,00"
"7798140253051","14.699,00"
"7509552903423","6.989,00"
"7500435191494","15.889,00"
"7899884223949","3.989,30"
"7509552902426","17.989,00"
"7791293047065","5.679,00"
"7791293045764","5.429,00"
"7794640171697","3.814,85"
"7790375269760","5.669,40"
"7809604031501","42.879,00"
"7790139101121","6.349,00"
"7896015519223","3.177,85"
"7500435146241","36.219,00"
"7891010255329","5.359,00"
"7790139100933","3.899,00"
"7891010257521","5.359,00"
"7509552902402","6.989,00"
"7791600779573","5.099,00"
"7791600049782","5.099,00"
"7797222000767","2.759,00"
"7798171946816","12.000,00"
"7799120001907","1.409,00"
"7791293050492","9.689,00"
"7791600164522","5.499,00"
"7899884223680","4.711,85"
"7791293051468","5.429,00"
"7791014001512","5.999,00"
"7791293021287","6.599,00"
"7791293045672","3.629,00"
"7798008961630","3.549,00"
"7805010002135","10.499,00"
"7790250040873","24.149,00"
"7896018704381","5.689,00"
"7794640171741","9.899,00"
"7791600037239","4.679,00"
"7500435248044","15.889,00"
"7791293046396","3.639,00"
"7794626015373","35.129,00"
"7791274199905","7.549,00"
"7791130000147","8.899,00"
"7500435176224","18.419,00"
"7790139100940","3.549,00"
"7790940516527","7.115,00"
"7791293049809","5.949,00"
"7791519200021","5.830,00"
"7791274196546","5.739,00"
"7509552937343","7.489,00"
"7896061999970","21.309,00"
"7791274192326","5.739,00"
"7509552922288","5.489,00"
"7509552923698","16.489,00"
"7794626013782","35.129,00"
"7792640001945","7.881,75"
"7509546668659","4.671,75"
"7891024186244","4.319,25"
"7891010568771","8.759,00"
"7794728041270","6.269,00"
"7790033338142","19.989,00"
"7509552923162","7.489,00"
"7798008294202","7.499,00"
"7500435157513","16.309,00"
"7500435260503","10.029,00"
"7791293045450","5.679,00"
"7509552922226","5.489,00"
"7891024034910","1.259,00"
"7791519705441","1.763,30"
"7793008016403","11.999,00"
"7798038315830","2.285,40"
"7509546705767","1.259,00"
"7702425848511","10.829,00"
"7798142356583","8.839,00"
"7794626014987","20.649,00"
"7896007552962","24.499,00"
"7791274197178","4.123,60"
"7798171947011","4.500,00"
"7798175718426","5.599,00"
"7790010003087","19.299,00"
"7899884223635","4.711,85"
"7791229003080","16.799,00"
"7797222031075","1.439,40"
"7798119969679","19.499,00"
"7896001041486","8.699,00"
"7798142357399","7.369,00"
"7799120002164","6.719,00"
"7799120001785","1.427,40"
"7790250047384","12.309,00"
"7509552923728","16.489,00"
"7791600154363","5.199,00"
"7702018037803","12.239,25"
"7500435142557","11.909,00"
"7790375269784","5.669,40"
"7791293050546","5.689,00"
"7790250040866","24.149,00"
"7790940516541","10.440,00"
"7500435249331","18.419,00"
"7792175090018","5.349,00"
"7794640170386","9.429,00"
"7500435247900","25.039,00"
"7794626011252","7.799,00"
"7791014003004","6.449,00"
"7798354465172","7.999,00"
"7798008961449","3.549,00"
"7791293046457","3.639,00"
"7795371459245","9.399,00"
"7793008017493","1.299,00"
"7702018294794","14.769,00"
"7798008967731","5.749,00"
"7791274199899","7.549,00"
"7798008961432","3.549,00"
"7793008020424","4.749,00"
"7791600028589","4.679,00"
"7794640173509","17.499,00"
"7509552902884","7.989,00"
"7891024132647","7.199,00"
"7792640008159","7.649,25"
"7794626014994","20.649,00"
"7791274200847","4.179,00"
"7798008296527","13.099,00"
"7791600401252","5.099,00"
"7790250042150","40.249,00"
"7501054542896","4.099,00"
"7896061999963","20.479,00"
"7798175719829","5.599,00"
"7790940000040","3.070,00"
"7792321010471","1.931,40"
"7792640001952","7.881,75"
"7500435161596","18.419,00"
"7798180961435","5.159,40"
"7899884223611","3.989,30"
"7791014121906","5.999,00"
"7791914550837","2.349,00"
"7791600049577","5.099,00"
"7798008295872","9.149,00"
"7794640171772","6.049,00"
"7501843507365","6.289,00"
"7509552874006","13.989,00"
"7791600603465","5.499,00"
"7790773082558","5.059,00"
"7798034748564","8.399,00"
"7792640006711","9.199,00"
"7799120002027","7.019,00"
"7791600030452","5.199,00"
"7793680601300","6.349,00"
"7798158482474","4.999,00"
"7791229153297","2.249,00"
"7509546690285","7.199,00"
"7792378001644","5.699,00"
"7791274197963","2.919,00"
"7793008020448","4.749,00"
"7791293049755","3.639,00"
"7798008296510","16.199,00"
"7793008016649","3.499,00"
"7798368755986","2.099,00"
"7798008293526","10.299,00"
"7891010255299","9.459,00"
"7503036426699","6.189,00"
"7798194560013","3.079,00"
"7501791602006","3.449,00"
"7791519704628","11.077,00"
"7509552902976","17.989,00"
"7798332020515","5.599,00"
"7501843507129","11.269,00"
"7798175718037","5.599,00"
"7793008010500","10.149,00"
"7798382384476","7.549,00"
"7798327348167","5.109,50"
"7799120007039","2.649,00"
"7791600400781","5.099,00"
"7793008007838","899,70"
"7795379100583","4.389,00"
"7500435237635","27.821,40"
"7798344320269","2.399,00"
"7791600099350","5.999,00"
"7798175711649","4.499,00"
"7793008007883","899,70"
"7794626007149","16.449,00"
"7794207000118","8.849,00"
"7792981006302","38.999,00"
"7798008961920","999,00"
"7798175718877","5.599,00"
"7798175718471","5.599,00"
"7500435249355","7.099,00"
"7798008191679","62.929,30"
"7891150087453","12.139,00"
"7794626015311","18.399,00"
"7500435228565","43.429,00"
"7899884226230","7.474,35"
"7791229003073","15.699,00"
"7791274192142","11.349,00"
"7899884223789","5.159,40"
"7790250042167","40.249,00"
"7798074284527","16.999,00"
"7899884226278","7.474,35"
"7899884223956","4.711,85"
"7798008960374","3.549,00"
"7793008012603","6.599,00"
"7790773018335","5.329,00"
"7899884223826","3.989,30"
"7792175001892","9.299,00"
"7794626015366","35.129,00"
"7500435146234","36.219,00"
"7509546695006","8.024,25"
"7899884223673","3.989,30"
"7798119969488","11.699,00"
"7799120002096","1.229,40"
"7500435147583","10.959,00"
"7896001025066","8.149,00"
"7500435230025","16.409,00"
"7791600192488","5.499,00"
"7500435235297","10.029,00"
"7798140259442","7.529,00"
"7792175090087","2.949,00"
"7798140250289","8.349,00"
"7792175090025","7.749,00"
"7798194560129","3.079,00"
"7509546690384","7.199,00"
"7791519701061","5.830,00"
"7791600049461","5.099,00"
"7791293049724","3.639,00"
"7509552930337","7.489,00"
"7500435241045","15.889,00"
"7791600253547","5.299,00"
"7791600064563","5.199,00"
"7791519000676","5.830,00"
"7891010255404","9.459,00"
"7798008961463","3.549,00"
"7500435229999","16.409,00"
"7791293050201","9.919,00"
"7791293049762","5.429,00"
"7896001025325","2.349,00"
"7793008020325","750,00"
"7795379400195","12.350,00"
"7791600102388","5.099,00"
"7798119961192","8.699,00"
"7896001025318","6.079,00"
"7792981004209","7.900,00"
"7798119969655","12.499,00"
"7791600778132","5.299,00"
"7795513274545","23.199,00"
"7795513274552","37.799,00"
"7791600253653","5.999,00"
"7791600521356","5.099,00"
"7791600106249","5.099,00"
"7791274196485","5.409,00"
"7896001028982","2.169,00"
"7891150086197","4.609,00"
"7794640660627","5.599,00"
"7798194560051","3.079,00"
"7792981004155","7.900,00"
"7791519702112","5.830,00"
"7501843507112","11.269,00"
"7793008007951","899,70"
"7798008191693","37.239,30"
"7798008191518","26.624,25"
"7896009498589","6.973,85"
"7798008191204","47.949,30"
"7500435237543","42.179,40"
"7501078231158","19.659,00"
"7790033338166","12.189,00"
"7794626011504","38.199,00"
"7790250047391","12.309,00"
"7797222011367","1.979,00"
"7702026148751","16.574,25"
"7899884223840","4.711,85"
"7790033338180","7.489,00"
"7702018330126","37.479,00"
"7899884223796","5.159,40"
"7790033338203","7.489,00"
"7790033338159","19.989,00"
"7896007550043","20.729,00"
"7899884223833","3.989,30"
"7500435110013","23.991,75"
"7798008191433","58.124,25"
"7899884223697","7.604,35"
"7798180961428","6.149,40"
"7794218107011","1.039,00"
"7793008017714","10.199,00"
"7798034744757","5.499,00"
"7891150099906","10.379,00"
"7500435212557","16.039,00"
"7891150101777","9.699,00"
"7798193950099","28.999,00"
"7702018382323","38.389,00"
"7509552923179","7.489,00"
"7795513274682","11.099,00"
"7798193951119","15.299,00"
"7798193950655","32.199,00"
"7790250047414","12.309,00"
"7793008017745","10.199,00"
"7896007551002","16.999,00"
"7805070361302","13.625,00"
"7896001025011","8.699,00"
"7500435106382","9.459,00"
"7798074284503","16.999,00"
"7791293051703","3.289,00"
"7500435162586","18.419,00"
"7795371459610","20.699,00"
"7798034749943","5.499,00"
"7794640173493","11.849,00"
"7798158485802","54.899,00"
"7791600045593","5.099,00"
"7793008017479","1.299,00"
"7793008010487","9.599,00"
"7792175010634","9.199,00"
"7896001026278","7.929,00"
"7798158485796","54.899,00"
"7798158482481","4.999,00"
"7791600049355","5.099,00"
"7798097326679","7.499,00"
"7891024039571","7.039,00"
"7798368756105","1.499,00"
"7798119969266","7.299,00"
"7795513181348","16.699,00"
"7899884223932","3.989,30"
"7794728002011","3.509,00"
"7798364400095","6.140,00"
"7793008010494","11.699,00"
"7702010420320","5.009,00"
"7798332020850","5.599,00"
"7791600311247","5.099,00"
"7794640171703","9.899,00"
"7509552844207","11.189,00"
"7896007547203","26.789,00"
"7795379100057","9.589,00"
"7795371000423","9.399,00"
"7791600065478","5.099,00"
"7798175714749","5.599,00"
"7792981004223","7.900,00"
"7798008297258","28.049,00"
"7798008297197","16.349,00"
"7798368755863","1.549,00"
"7798194560037","3.079,00"
"7798008191617","29.449,50"
"7791274201004","10.309,00"
"7791600061784","5.099,00"
"7896001026247","6.049,00"
"7501843503350","5.059,00"
"7798327348143","5.109,50"
"7798008297241","15.049,00"
"7791600778576","5.299,00"
"7798008191013","38.949,50"
"7791600057268","5.099,00"
"7791600721152","5.099,00"
"7798008191099","59.249,50"
"7891010257903","5.189,00"
"7798097328000","9.699,00"
"7791600295462","10.749,00"
"7793742008689","32.119,00"
"7791274199943","5.339,00"
"7891010972226","9.099,00"
"7791600173029","8.899,00"
"7793742008740","18.739,00"
"7509552798005","11.993,40"
"7791600024680","10.749,00"
"7799120005608","1.017,50"
"7790773091000","3.049,00"
"7791274197710","2.949,00"
"7791600060718","10.749,00"
"7791600043247","15.799,00"
"7791600078034","31.399,00"
"7791600044053","8.899,00"
"7791600462475","10.749,00"
"7791554000914","24.719,00"
"7791600401146","40.899,00"
"7791908498206","19.999,00"
"7791554091707","8.999,00"
"7798332022397","7.424,50"
"7791600571429","11.499,00"
"7791600173630","21.499,00"
"7891010251031","13.539,00"
"7790375270629","5.459,40"
"7791554000495","24.719,00"
"7791600037567","10.749,00"
"7791600042257","15.799,00"
"7798332024162","48.199,00"
"7791600018016","18.999,00"
"7791600167691","36.199,00"
"7791600595128","9.999,00"
"7804907989177","30.749,00"
"7791600037017","17.899,00"
"7899706197786","20.993,40"
"7791600037123","22.899,00"
"7793742108587","44.699,00"
"7793742007439","23.619,00"
"7791908524066","9.499,00"
"7791600099022","27.799,00"
"7791600042844","15.799,00"
"7798127370924","41.999,00"
"7791600030674","10.749,00"
"7791554000891","24.719,00"
"7791600049133","27.499,00"
"7791600049249","27.499,00"
"7791908524097","19.999,00"
"7798332024551","61.699,00"
"7796045750118","8.269,00"
"7798336947818","41.999,00"
"7799111035065","31.999,00"
"7791600203030","31.399,00"
"7791600064235","18.899,00"
"7791908105081","19.999,00"
"7791600603137","23.499,00"
"7791274201868","18.599,00"
"7791274001314","8.079,00"
"7798422009505","39.990,00"
"7791600049690","27.499,00"
"7899706197762","20.993,40"
"7891010257064","27.889,00"
"7891010245160","12.669,00"
"7790375270643","5.549,40"
"7791600173746","21.499,00"
"7798354467992","5.499,00"
"7798422005712","34.999,00"
"7798336941717","14.590,00"
"7791554000952","24.719,00"
"7791274201882","9.869,00"
"7791274000119","4.359,00"
"7791274201899","9.869,00"
"7796733000136","4.099,00"
"7791600619145","16.699,00"
"7793742007118","40.099,00"
"7791908491559","19.999,00"
"7791600030230","18.899,00"
"7793742008313","16.299,00"
"7791600059033","32.899,00"
"7791600028015","18.499,00"
"7798336941694","14.590,00"
"7791600742256","14.999,00"
"7791274201875","18.599,00"
"7791600187040","24.499,00"
"7798140253945","15.399,00"
"7804907810471","19.499,00"
"7791554000853","24.719,00"
"7792175010061","19.249,30"
"7791908491498","19.999,00"
"7792175010795","16.729,30"
"7791908105104","19.999,00"
"7792175010801","18.239,20"
"7798422002742","42.999,00"
"7798028884926","58.749,00"
"7793742008795","17.569,00"
"7891010256647","40.799,00"
"7796733000525","6.699,00"
"7791600045142","17.899,00"
"7798332024483","61.699,00"
"7791274201851","18.599,00"
"7791600041830","32.899,00"
"7791274201929","15.329,00"
"7791274201912","15.329,00"
"7791600061678","37.799,00"
"7791274201905","9.869,00"
"7791600057046","39.899,00"
"7791600024123","24.899,00"
"7791600173524","21.499,00"
"7791600192044","11.999,00"
"7791600311025","32.899,00"
"7791600064129","16.699,00"
"7891010257071","27.889,00"
"7791914003296","45.699,00"
"7791600036256","24.999,00"
"7791600174323","13.599,00"
"7791600036362","33.499,00"
"7804907915787","14.624,25"
"7791554000402","24.719,00"
"7791600035464","33.499,00"
"7798028884797","64.799,00"
"7899884208618","15.924,35"
"7793742007996","22.499,00"
"7791600044275","17.899,00"
"7792175011341","11.839,20"
"7791914008208","132.399,00"
"7791554000471","24.719,00"
"7791600360030","22.499,00"
"7791600512033","26.999,00"
"7791600668518","11.199,00"
"7798327348693","9.699,50"
"7798024570205","13.199,00"
"7791914008215","148.899,00"
"7804907967748","31.219,00"
"7793742008573","45.399,00"
"7791600035792","33.499,00"
"7791600035358","24.999,00"
"7896001025974","13.989,00"
"7791600035921","24.999,00"
"7799111679177","69.999,00"
"7791600079161","37.699,00"
"7791600035136","33.499,00"
"7798311610584","31.999,00"
"7798311610546","13.499,00"
"7896001028944","29.689,00"
"7791600036034","33.499,00"
"7798311610577","31.999,00"
"7791600659516","16.899,00"
"7790375268954","12.544,35"
"7796733098522","15.499,00"
"7896001025899","3.319,00"
"7798332022618","38.099,00"
"7798336949355","42.999,00"
"7509552884517","11.990,00"
"7509552828474","22.999,00"
"7798175712646","36.999,00"
"7791600253325","25.999,00"
"7791600596354","32.999,00"
"7791600045418","40.899,00"
"7791600045340","32.899,00"
"7798175718792","49.999,00"
"7798175718419","49.999,00"
"7791600952631","35.499,00"
"7791600243562","11.199,00"
"7791600018122","24.199,00"
"7791600390136","28.899,00"
"7798451800142","11.999,00"
"7798422004173","46.999,00"
"7798354468906","6.699,00"
"7798336947849","41.999,00"
"7798451800159","12.999,00"
"7509552928945","15.490,00"
"7798336947160","42.999,00"
"7791600272371","29.900,00"
"7798336941236","41.999,00"
"7791600596248","27.799,00"
"7509552840537","7.199,00"
"7791274201936","15.329,00"
"7791600060145","10.399,00"
"7798332021772","50.399,00"
"7702433312172","18.190,00"
"7791600049027","27.499,00"
"7798336942264","42.999,00"
"7791600390792","25.899,00"
"7798175712639","36.999,00"
"7791600024017","21.499,00"
"7791274201943","15.329,00"
"7899884209424","15.924,35"
"7793742007385","26.809,00"
"7791554000501","24.719,00"
"7899884203934","15.924,35"
"7899884209431","15.924,35"
"7791600087012","13.599,00"
"7793742008542","22.029,00"
"7899884208625","15.924,35"
"7899884203910","17.209,00"
"7804907875425","19.499,00"
"7794207001061","20.449,00"
"7794207085467","18.749,00"
"7793742007415","16.799,00"
"7791600050092","8.899,00"
"7798354465417","6.999,00"
"7793742008566","44.699,00"
"7791600620134","12.599,00"
"7798354467985","9.999,00"
"7509552849493","37.989,00"
"7791554091745","6.739,00"
"7791600028190","14.599,00"
"7791828900537","1.644,30"
"7790250016182","1.844,25"
"7791290792586","3.589,00"
"7790250015871","4.769,25"
"7790250056881","1.599,00"
"7791290790926","13.279,00"
"7793344000517","3.999,00"
"7791290790872","15.609,00"
"7791290795587","1.749,00"
"7790990003787","4.109,00"
"7791828900377","2.174,25"
"7790250091127","1.789,00"
"7793253000363","1.189,00"
"7790250019640","3.344,25"
"7793344904228","5.599,00"
"7790250092285","1.779,00"
"7791290792616","4.079,00"
"7793344009206","2.839,00"
"7790990003039","4.809,00"
"7793253006709","2.069,25"
"7793344904013","2.839,00"
"7791290795495","11.129,00"
"7790250057086","2.399,00"
"7790132098459","1.094,25"
"7791130148283","2.699,00"
"7790520025869","5.009,00"
"7794440002399","999,00"
"7791290791008","11.129,00"
"7798105582615","1.069,00"
"7794440003303","949,00"
"7798153714594","959,00"
"7799120007466","2.449,00"
"7793253386160","1.069,00"
"7790250015840","5.391,75"
"7793253005849","2.496,75"
"7794218106854","1.009,00"
"7791070003222","1.699,00"
"7791290792609","4.079,00"
"7790520014177","4.789,00"
"7793253005627","4.139,25"
"7791828002033","5.699,00"
"7793253005801","2.496,75"
"7793344000333","5.899,00"
"7791290792579","3.589,00"
"7798153718400","4.499,00"
"7794440003341","859,00"
"7798123137231","2.129,00"
"7793253005818","2.496,75"
"7793253189204","2.469,00"
"7790990003022","2.979,00"
"7798105582677","1.649,00"
"7791290795648","3.859,00"
"7790520025845","5.019,00"
"7793253003654","2.781,35"
"7793253038106","1.139,00"
"7798270245445","2.719,00"
"7790520996329","3.799,00"
"7793344904150","3.549,00"
"7791130148016","2.699,00"
"7790520995445","5.999,00"
"7790520998880","2.709,00"
"7793253003517","2.781,35"
"7791290795518","13.279,00"
"7791828900186","2.099,30"
"7793344000456","1.539,00"
"7790560001090","889,00"
"7791290795624","2.339,00"
"7798124362243","7.689,00"
"7793344904990","3.999,00"
"7791905023227","4.809,00"
"7793344904143","1.699,00"
"7793344009190","14.109,00"
"7798184581103","1.949,00"
"7791290796430","11.289,00"
"7793253187897","3.789,00"
"7891150045460","8.449,00"
"7791290792562","2.519,00"
"7790990003046","7.199,00"
"7793253005153","4.389,00"
"7790250026129","4.399,00"
"7791290796751","3.919,00"
"7790250015512","3.936,75"
"7790250057765","1.979,00"
"7791290795662","3.859,00"
"7798270240129","4.939,00"
"7791290795969","6.859,00"
"7794440001729","1.709,00"
"7790250054962","2.809,00"
"7798143072345","2.709,00"
"7793253003524","9.569,00"
"7799120005646","5.839,00"
"7798124360751","2.869,00"
"7790990003220","15.339,00"
"7791130148047","2.699,00"
"7794321550216","5.379,00"
"7791290792555","2.519,00"
"7791290796706","5.009,00"
"7791290795792","3.246,75"
"7798153714679","6.549,00"
"7794440045921","2.969,00"
"7790520998200","3.869,00"
"7790560000819","2.739,00"
"7791828000046","1.699,00"
"7791290789869","3.089,00"
"7500435201285","14.819,00"
"7791290788183","6.859,00"
"7790520029089","2.539,00"
"7798105582592","1.409,00"
"7790520155450","6.069,00"
"7793253004774","2.279,00"
"7793253000516","4.459,00"
"7790520029096","2.909,00"
"7794321550209","3.599,00"
"7790520997937","5.729,00"
"7799120003659","699,00"
"7791130148245","2.429,00"
"7791905023210","2.459,00"
"7790520984531","4.449,00"
"7791290790889","4.429,00"
"7791905000921","4.099,00"
"7790520997944","6.839,00"
"7798184581332","1.949,00"
"7791828900049","4.199,00"
"7793253003555","2.781,35"
"7793253005054","3.639,00"
"7791290795501","13.279,00"
"7791290795570","4.219,00"
"7793253002862","3.789,00"
"7791290010444","4.409,00"
"7790117061294","3.129,00"
"7798105581410","2.781,75"
"7798105582646","1.889,00"
"7798131250380","1.069,00"
"7793253003722","2.556,75"
"7798124362076","8.669,00"
"7791293034270","3.239,00"
"7798184581073","1.949,00"
"7790990002988","12.219,00"
"7791290791930","1.729,00"
"7793253005481","8.529,00"
"7790520990624","5.759,00"
"7798124362731","369,00"
"7793344902057","1.659,00"
"7790520998927","8.859,00"
"7798124360768","2.869,00"
"7790250054344","2.299,00"
"7798184582292","1.011,75"
"7793253004750","3.099,00"
"7791130003643","7.169,00"
"7791130148351","2.429,00"
"7793344001132","2.974,30"
"7799120003673","919,00"
"7790117061836","5.059,00"
"7794440101702","2.629,00"
"7798184581738","1.949,00"
"7790250026075","5.669,00"
"7790520998194","3.869,00"
"7791070005615","3.299,00"
"7798270248392","2.019,00"
"7791290793576","13.949,00"
"7791290795785","3.246,75"
"7793253005825","2.496,75"
"7790590016484","2.169,00"
"7793253003784","3.051,75"
"7798153710084","3.759,00"
"7791130001991","2.699,00"
"7791290013575","13.719,00"
"7794321550025","5.779,00"
"7791290796409","13.279,00"
"7791130001748","2.479,00"
"7891150000971","8.449,00"
"7790990002834","12.279,00"
"7791290796454","11.289,00"
"7798153717052","1.049,00"
"7791290790957","13.269,00"
"7793253038526","1.849,00"
"7798184581059","1.469,00"
"7791130146135","6.139,00"
"7790520023995","4.449,00"
"7791290795778","3.246,75"
"7702626219912","5.999,00"
"7793253003562","9.569,00"
"7793253000349","1.509,00"
"7791190003706","1.319,00"
"7793253004231","3.889,00"
"7793253004705","3.099,00"
"7798184581080","1.949,00"
"7790520998187","3.869,00"
"7791290796447","11.289,00"
"7790250019411","12.741,75"
"7793344009237","5.849,00"
"7793253005146","5.169,00"
"7793253401030","3.319,00"
"7791130148009","2.429,00"
"7790990001141","12.219,00"
"7805025697289","2.099,25"
"7791290791787","10.759,00"
"7798124362748","369,00"
"7794440005505","1.979,00"
"7791290647176","1.709,00"
"7798124362755","1.849,00"
"7794440007035","7.299,00"
"7794321801226","2.299,00"
"7790990001103","3.709,00"
"7793253005061","3.639,00"
"7794440045426","4.239,00"
"7791130963497","3.829,00"
"7798124362564","7.639,00"
"7790990002698","3.429,00"
"7790520009494","7.019,00"
"7791905003373","12.889,00"
"7791290795259","3.549,00"
"7790990003190","4.299,00"
"7500435243650","14.819,00"
"7791290792630","6.119,00"
"7805025697265","2.114,25"
"7500435169646","14.819,00"
"7794440005109","1.519,00"
"7793253004736","3.099,00"
"7798270246497","1.349,00"
"7793253007157","929,00"
"7501058753458","3.199,00"
"7891040130573","2.299,00"
"7790520025777","10.169,00"
"7793344000883","1.539,00"
"7790520998286","3.869,00"
"7791828000138","1.874,25"
"7790520998255","3.869,00"
"7790520011831","2.279,00"
"7790132072206","7.179,00"
"7798105582608","2.749,00"
"7791190003690","2.159,00"
"7791290796737","5.009,00"
"7790520028648","4.229,00"
"7791130963633","2.699,00"
"7790520990655","4.159,00"
"7790520028433","1.955,40"
"7793253003753","2.496,75"
"7791130001649","3.829,00"
"7798102571216","5.549,00"
"7794321019218","2.589,00"
"7790520995568","4.909,00"
"7791290793613","13.949,00"
"7790520025739","10.169,00"
"7799120003581","3.529,00"
"7794440760015","6.099,00"
"7793253003777","1.574,25"
"7790520025715","6.929,00"
"7891035040276","2.859,00"
"7791290796591","11.889,00"
"7790520028709","4.889,00"
"7790528001124","2.499,00"
"7798184582308","3.974,25"
"7799120003628","3.449,00"
"7790520995667","5.509,00"
"7790117000200","5.129,00"
"7793253005726","4.609,00"
"7791290795105","8.529,00"
"7791070000078","2.349,00"
"7798105582639","2.559,00"
"7791905003878","6.989,00"
"7500435160087","8.839,00"
"7790990999752","12.219,00"
"7791070003215","1.799,00"
"7798131250519","7.589,00"
"7791130146029","3.249,00"
"7896001004566","719,00"
"7794440045914","2.969,00"
"7791290792623","6.119,00"
"7794440760008","3.899,00"
"7793253003593","9.569,00"
"7790520989956","5.379,00"
"7790990500026","1.356,75"
"7806810116350","1.999,00"
"7790520025753","10.169,00"
"7790990003121","2.979,00"
"7791828900056","3.899,25"
"7790520025838","3.159,00"
"7794440000098","1.179,00"
"7798143072260","6.119,00"
"7798124362762","1.849,00"
"7791290790582","3.619,00"
"7793253005832","2.496,75"
"7793253400040","3.749,00"
"7791905000372","6.029,00"
"7798184583015","741,75"
"7790990999868","2.679,00"
"7793253000509","1.929,00"
"7791130148108","2.699,00"
"7790520989963","5.699,00"
"7891150091986","8.449,00"
"7790132009158","8.039,00"
"7793253006587","1.578,85"
"7790520996961","5.759,00"
"7791130144544","2.169,00"
"7793253000523","4.829,00"
"7798105581380","2.181,75"
"7794440003310","809,00"
"7798124362229","2.329,00"
"7790520025203","2.749,00"
"7791290793446","4.059,00"
"7798184582421","1.064,25"
"7790990003411","4.809,00"
"7891150090460","8.449,00"
"7805010002258","8.859,00"
"7793253005078","3.639,00"
"7798102571223","6.199,00"
"7794440006564","7.219,00"
"7790520025746","10.169,00"
"7794440007189","5.479,00"
"7790065000017","2.529,00"
"7793253004781","4.259,00"
"7791290796416","13.279,00"
"7790520025913","8.089,00"
"7798105582653","1.759,00"
"7798131250724","2.299,00"
"7896001004504","769,00"
"7790250054979","4.989,00"
"7793253005498","4.999,00"
"7790520024060","4.639,00"
"7793253092276","1.509,00"
"7790613072251","1.399,00"
"7790520028419","3.519,00"
"7790520019189","8.369,00"
"7791290795617","4.219,00"
"7798153716734","1.349,00"
"7790520014658","8.369,00"
"7790250056898","5.339,00"
"7790560003810","1.279,00"
"7791290791947","3.299,00"
"7703147350818","1.499,00"
"7791130148030","2.429,00"
"7793344009305","5.319,00"
"7793253003951","2.781,35"
"7790990002759","7.499,00"
"7805025697302","5.241,75"
"7793253003500","1.578,85"
"7793253004248","3.889,00"
"7790990003404","3.319,00"
"7793253003586","2.781,35"
"7790520014221","4.789,00"
"7790250015864","3.749,25"
"7791130148665","2.429,00"
"7891035040191","2.859,00"
"7790990002964","3.709,00"
"7798143072338","1.479,00"
"7791130001854","2.639,00"
"7790520995469","5.999,00"
"7791070005103","5.399,00"
"7791290796485","11.129,00"
"7793253003715","1.334,25"
"7793253003647","1.578,85"
"7790520004376","10.079,00"
"7794218106328","1.149,00"
"7798184582445","1.979,00"
"7798131250700","1.799,00"
"7791290790964","3.759,00"
"7790520995551","4.909,00"
"7798124362069","2.699,00"
"7791290792692","2.969,00"
"7793253400163","3.509,00"
"7798102570387","4.159,00"
"7798105582684","2.599,00"
"7790528005009","2.819,00"
"7794440045938","2.969,00"
"7790250023845","2.749,00"
"7794440017133","4.509,00"
"7791290791701","13.149,00"
"7793253003258","2.589,00"
"7792459446111","4.559,00"
"7501058753441","3.199,00"
"7790117060679","6.979,00"
"7791290795112","2.939,00"
"7793253007010","2.339,00"
"7791290792784","3.089,00"
"7793253003463","2.781,35"
"7791130144506","2.169,00"
"7790117061805","5.129,00"
"7794417000755","3.429,00"
"7790560001120","1.619,00"
"7790520014184","4.789,00"
"7790250054115","2.369,00"
"7891150028944","15.339,00"
"7793253005238","2.299,00"
"7791905000037","3.129,00"
"7791290796713","7.519,00"
"7798131250397","2.199,00"
"7794440003440","1.039,00"
"7794440994199","5.099,00"
"7793253940102","2.589,00"
"7703147350955","729,00"
"7798123132403","2.864,25"
"7790117061270","3.769,00"
"7793253004316","3.889,00"
"7791290796539","6.859,00"
"7793253006594","2.781,35"
"7790520031433","4.789,00"
"7790520990884","4.339,00"
"7790990003886","2.889,00"
"7791130001212","4.179,00"
"7798184585019","1.919,00"
"7790117000231","8.039,00"
"7790613000230","7.179,00"
"7791290794375","17.369,00"
"7793253003746","1.334,25"
"7790520998262","3.869,00"
"7793253003548","1.578,85"
"7792840003350","2.759,00"
"7798184581523","549,00"
"7791290796423","13.279,00"
"7791290795020","8.529,00"
"7790345196003","2.939,00"
"7790560001076","1.119,00"
"7799120005653","1.219,00"
"7790520995377","3.819,00"
"7794321800458","7.059,00"
"7793253000912","3.759,00"
"7799120001525","4.079,00"
"7793344000890","2.489,00"
"7798105582660","4.189,00"
"7798105581397","2.714,25"
"7794440002238","1.989,00"
"7806810116367","1.999,00"
"7791290795471","5.229,00"
"7798131250526","1.869,00"
"7791290796041","9.669,00"
"7799120003529","2.639,00"
"7790250026136","2.989,00"
"7702626214832","10.609,00"
"7791130001892","2.639,00"
"7790520997494","9.539,00"
"7790117061812","8.039,00"
"7799120001471","6.579,00"
"7791290796669","2.019,00"
"7799120003611","3.449,00"
"7798184581622","929,00"
"7794440000104","1.129,00"
"7791290795143","2.939,00"
"7798184581530","619,00"
"7791290796621","11.889,00"
"7891150039001","8.449,00"
"7798184581554","619,00"
"7791290795815","5.029,00"
"7791070005714","2.399,00"
"7791290796577","3.649,00"
"7793253003470","1.578,85"
"7790520996077","9.579,00"
"7790520031426","4.789,00"
"7799120003604","3.529,00"
"7791130148092","2.429,00"
"7791130002288","3.839,00"
"7790520010155","8.129,00"
"7790990002162","3.329,00"
"7790520028457","6.129,00"
"7798105581403","2.946,75"
"7790520031570","3.869,00"
"7794218106120","2.229,00"
"7798124361550","3.429,00"
"7794440760039","8.699,00"
"7791290794979","3.289,00"
"7798282170131","2.399,00"
"7793253189006","5.779,00"
"7793253099220","4.329,00"
"7794321058323","6.529,00"
"7793416000070","7.179,00"
"7791290790629","12.649,00"
"7793253004279","3.889,00"
"7791130146791","3.879,00"
"7790065007092","6.359,00"
"7798071005521","2.819,00"
"7793344009503","6.729,00"
"7791290794955","3.289,00"
"7799120003567","2.949,00"
"7791290790728","1.919,00"
"7806810116343","1.999,00"
"7790560001106","829,00"
"7790925001055","4.559,00"
"7790990999912","1.539,00"
"7794321241169","7.799,00"
"7798105582691","3.039,00"
"7891150091979","8.449,00"
"7791290796744","7.519,00"
"7790613001084","5.599,00"
"7790990002742","7.019,00"
"7790520995452","2.279,00"
"7791290796614","13.119,00"
"7790117000583","2.834,25"
"7793253003616","2.781,35"
"7794321802018","5.779,00"
"7790520029560","19.579,00"
"7703147350801","1.599,00"
"7791130001755","5.389,00"
"7790990002810","4.309,00"
"7790520031495","5.219,00"
"7793253000905","2.069,00"
"7790250056980","6.999,00"
"7790520025722","15.859,00"
"7793253099237","4.329,00"
"7793253004255","3.889,00"
"7896001001121","3.471,20"
"7790613072206","3.449,00"
"7791130002257","3.839,00"
"7791130963503","3.829,00"
"7793253005337","4.969,00"
"7794321802001","3.769,00"
"7790520995797","7.199,00"
"7790520014191","4.789,00"
"7798184581783","619,00"
"7790520995384","9.859,00"
"7794440760022","5.299,00"
"7798131250038","2.679,00"
"7793253041571","8.139,00"
"7798131250182","1.409,00"
"7790520031020","5.269,00"
"7798081191894","4.299,00"
"7799120002133","1.909,00"
"7790117060532","2.894,25"
"7793350102304","4.159,00"
"7790990003268","3.659,00"
"7805025697326","5.241,75"
"7798071005859","17.949,00"
"7794440007172","4.829,00"
"7790520019868","4.339,00"
"7791290795297","6.749,00"
"7791290795280","3.549,00"
"7793344019823","2.099,00"
"7893948492463","77.999,40"
"7791290796058","9.669,00"
"7798105582622","2.089,00"
"7791828000343","4.199,00"
"7793253003739","5.099,25"
"7896001002050","3.247,20"
"7791199002526","2.359,00"
"7791828900032","2.009,00"
"7791290789845","5.229,00"
"7790117000422","3.156,75"
"7790047000196","2.500,00"
"7791905004059","3.749,00"
"7791828900599","2.166,75"
"7790117061843","7.549,00"
"7791290795273","6.749,00"
"7790990001806","2.449,00"
"7790520025357","8.595,00"
"7794321001770","3.799,00"
"7793416000087","3.859,00"
"7791290790612","12.649,00"
"7806810007702","4.419,00"
"7896001002159","2.855,20"
"7790117002679","8.439,00"
"7790990002261","2.889,00"
"7794440000210","1.269,00"
"7790117002594","7.549,00"
"7793253098803","4.929,00"
"7790990001813","1.349,00"
"7790520011473","9.579,00"
"7790520026309","2.709,00"
"7791290794306","3.469,00"
"7791290794276","2.149,00"
"7792459726114","2.739,00"
"7791290790643","1.919,00"
"7793253006990","3.169,00"
"7798081193294","6.649,00"
"7794440007127","3.849,00"
"7793253099077","6.709,00"
"7791130143455","11.789,00"
"7799120001563","3.959,00"
"7790560000307","1.889,00"
"7790117000347","12.459,00"
"7791130143493","11.789,00"
"7798131250731","2.299,00"
"7793253003944","1.578,85"
"7793253004729","2.829,00"
"7790520031488","3.049,00"
"7793253003449","9.569,00"
"7791290791251","13.659,00"
"7799120002249","6.089,00"
"7790520031044","5.269,00"
"7798124364216","7.349,00"
"7798270240822","4.019,00"
"7790990012284","2.779,00"
"7793253003050","4.929,00"
"7791290794320","3.469,00"
"7790990003282","8.869,00"
"7790528003159","2.679,00"
"7792459790115","10.879,00"
"7790520030740","3.529,00"
"7500435159999","8.839,00"
"7896001004849","1.609,00"
"7790520994356","10.069,00"
"7794536417816","5.849,00"
"7790520028716","4.889,00"
"7790520031549","9.579,00"
"7793416026186","10.269,00"
"7794440994663","12.499,00"
"7702626214825","10.609,00"
"7798131250595","3.719,00"
"7798282170148","2.899,00"
"7791290795136","10.589,00"
"7790117002587","4.789,00"
"7793253098766","4.929,00"
"7793253099244","4.339,00"
"7794440003372","1.609,00"
"7799120003574","2.999,00"
"7796733098744","2.099,00"
"7790520028884","5.999,00"
"7798270246862","4.549,00"
"7799120002201","3.929,00"
"7790528014001","6.449,00"
"7790520027474","8.799,00"
"7793253004361","10.209,00"
"7798153716505","899,00"
"7793253099084","6.709,00"
"7792459405026","3.909,00"
"7896001005679","5.831,20"
"7790000695803","2.849,00"
"7798008381643","713,40"
"7799029041431","3.499,50"
"7790520991447","12.869,00"
"7794440707034","7.499,00"
"7790990012314","2.779,00"
"7794417221273","4.289,00"
"7798124361543","3.229,00"
"7793253006792","3.551,40"
"7790990002926","3.149,00"
"7793253007034","1.849,00"
"7790520010599","2.619,00"
"7791828000664","8.399,00"
"7799120001518","5.449,00"
"7798131250427","2.539,00"
"7790520995988","9.579,00"
"7790520019851","4.339,00"
"7790520015723","4.639,00"
"7794440007264","12.709,00"
"7791290792760","5.229,00"
"7790560001113","969,00"
"7794536088429","10.939,00"
"7790520997432","11.859,00"
"7891150045484","15.339,00"
"7798184581639","929,00"
"7793416000032","3.619,00"
"7790560003803","1.589,00"
"7500435252935","5.869,00"
"7793344901036","2.499,00"
"7793253007065","2.929,00"
"7793253004699","2.829,00"
"7794321550018","2.969,00"
"7790520031556","12.189,00"
"7798131250175","1.409,00"
"7796799107640","7.539,35"
"7896001000407","3.415,20"
"7790520029577","6.009,00"
"7799120001570","6.669,00"
"7799120001556","2.069,00"
"7790520992987","10.529,00"
"7790990000618","2.779,00"
"7798270246503","1.549,00"
"7793253003425","5.139,00"
"7791290794313","2.149,00"
"7896001002012","3.079,20"
"7790990001776","2.339,00"
"7792459013160","9.169,00"
"7793416002234","5.089,00"
"7790990999936","10.009,00"
"7794218100241","949,00"
"7790520028464","6.129,00"
"7790990003848","2.889,00"
"7798153716246","2.909,00"
"7790528001070","2.899,00"
"7501032911331","9.579,00"
"7797232006117","3.919,00"
"7793416014213","1.809,00"
"7799120001501","6.049,00"
"7793253003418","5.139,00"
"7794440006502","9.349,00"
"7791231945002","4.789,00"
"7798008380769","9.229,00"
"7790520031778","4.249,00"
"7896001051508","11.129,00"
"7703147350849","899,00"
"7798081193058","4.529,00"
"7840849015260","2.669,00"
"7790520996039","9.579,00"
"7798073148554","4.199,30"
"7790117003362","12.459,00"
"7793253007119","6.639,00"
"7798123135497","2.219,00"
"7791905024781","5.689,00"
"7806810001717","4.419,00"
"7791130002165","6.449,25"
"7792459007169","12.589,00"
"7791828900384","5.029,00"
"7896001001008","8.527,20"
"7790345001758","8.519,00"
"7793253002589","9.619,00"
"7792459012118","2.819,00"
"7791290796393","3.669,00"
"7896001011380","4.311,20"
"7791905003861","2.139,00"
"7793253007140","5.759,00"
"7790520989949","4.199,00"
"7790117061829","5.059,00"
"7896001019812","11.047,20"
"7791231107325","6.189,00"
"7793253041588","8.139,00"
"7798374171022","11.099,00"
"7790990002940","3.149,00"
"7792459714050","4.019,00"
"7793253041007","7.189,00"
"7792459007213","8.579,00"
"7793253007102","3.169,00"
"7790520996428","2.739,00"
"7794440007318","8.709,00"
"7790520027023","10.659,00"
"7798366894502","13.169,00"
"7793253007133","10.709,00"
"7792459425024","5.059,00"
"7790520996381","2.739,00"
"7798123139549","4.819,00"
"7794440007141","4.869,00"
"7790250092322","2.449,00"
"7794321801196","6.069,00"
"7793253007249","2.429,00"
"7790520027467","9.559,00"
"7792459161021","899,00"
"7798073148493","4.199,30"
"7792459262131","12.569,00"
"7792459790177","13.669,00"
"7790345176005","7.299,00"
"7799120001488","6.419,00"
"7791905002598","4.099,00"
"7794321550032","10.999,00"
"7899674009760","2.669,00"
"7790520010605","2.619,00"
"7793253007232","10.369,00"
"7799120002195","4.149,00"
"7798279510698","4.739,00"
"7792459000856","11.669,00"
"7790560000802","4.119,00"
"7799029041448","4.899,30"
"7792023921501","3.099,00"
"7793416000056","3.829,00"
"7790117000071","5.129,00"
"7790345148002","6.669,00"
"7792459201161","6.709,00"
"7791130001731","8.979,00"
"7798153714709","2.211,75"
"7792459017106","5.659,00"
"7791905024828","3.609,00"
"7896001001831","5.143,20"
"7792459401080","4.289,00"
"7798125150313","5.999,00"
"7790117003430","18.339,00"
"7799120002188","6.719,00"
"7794297040308","3.319,00"
"7790613070639","9.149,00"
"7791130962902","8.179,00"
"7793253002565","9.619,00"
"7790990003398","8.869,00"
"7791905023197","5.689,00"
"7794440007042","8.399,00"
"7798374178939","13.999,30"
"7790520997463","15.449,00"
"7793253170622","5.829,00"
"7790520031785","4.249,00"
"7792459456110","10.059,00"
"7798125155622","5.999,00"
"7798153714716","2.249,25"
"7794440760053","5.479,00"
"7798125150306","5.999,00"
"7791130963459","3.839,00"
"7792459000115","9.739,00"
"7790117061973","11.009,00"
"7790661020372","11.889,00"
"7790117061881","7.549,00"
"7793416020405","9.199,00"
"7793253007003","3.169,00"
"7799120001549","6.789,00"
"7799120001464","6.229,00"
"7798081191979","8.559,00"
"7792459002249","10.679,00"
"7794440740031","7.549,00"
"7793350000402","7.869,00"
"7794440994632","4.590,00"
"7792459000382","5.659,00"
"7792459720617","4.139,00"
"7790990001318","3.149,00"
"7790117062055","8.449,00"
"7790990002841","15.339,00"
"7798073149827","9.099,30"
"7793350995272","18.379,00"
"7791905004141","5.689,00"
"7806810240666","4.479,00"
"7799120002232","6.459,00"
"7790520996091","32.669,00"
"7794321550100","2.099,00"
"7790520025340","14.119,00"
"7794321026087","3.699,00"
"7896001005709","4.151,20"
"7798131250021","2.679,00"
"7798073149780","4.899,30"
"7790250026105","5.789,00"
"7794440007301","8.889,00"
"7896001001084","11.655,20"
"7790900013721","15.159,00"
"7790520552006","7.749,00"
"7798270240815","3.959,00"
"7790520991430","12.869,00"
"7890254423310","27.999,30"
"7790520029553","6.009,00"
"7794440006670","29.999,00"
"7798279510537","5.409,00"
"7790990001288","3.149,00"
"7799120002218","6.039,00"
"7798032200668","8.999,00"
"7790925001048","5.639,00"
"7793416095052","7.129,00"
"7793253007096","11.369,00"
"7798153716482","309,00"
"7799120001495","6.539,00"
"7792459000634","4.619,00"
"7790520996473","4.749,00"
"7792459001563","6.649,00"
"7896001016354","8.063,20"
"7790345111303","5.279,00"
"7790925000232","3.399,00"
"7790520997470","17.649,00"
"7890254416664","10.499,30"
"7793416000186","3.139,00"
"7790839980767","5.499,00"
"7890254421422","10.499,30"
"7790520011565","12.809,00"
"7798073143887","20.999,30"
"7896001013841","23.019,00"
"7790117062048","14.499,00"
"7798374176515","13.999,30"
"7790661000046","8.589,00"
"7798105581526","11.519,00"
"7792459001778","25.699,00"
"7798073149773","4.899,30"
"7798032200682","7.999,00"
"7792459002188","10.449,00"
"7896001012615","5.807,20"
"7791274200915","4.149,00"
"7890254424744","20.999,30"
"7794321073005","1.099,00"
"7794297012244","10.319,00"
"7798073149858","20.999,30"
"7798279510605","5.409,00"
"7794321019201","1.789,00"
"7792459501049","5.119,00"
"7793416000025","4.999,00"
"7793416001022","2.349,00"
"7790520025326","17.319,00"
"7794321801189","6.659,00"
"7790117001849","4.746,75"
"7896001019218","5.699,00"
"7792459005059","9.799,00"
"7791199003028","2.899,00"
"7890254423273","27.999,30"
"7890254424577","20.999,30"
"7798073148639","5.999,50"
"7794321801172","4.459,00"
"7793253000929","8.519,00"
"7790117001481","10.419,00"
"7893576805017","7.019,00"
"7798366890498","22.889,00"
"7798153717083","7.869,00"
"7790925000065","6.269,00"
"7790900019303","66.999,00"
"7794297012060","12.969,00"
"7790900019105","55.899,00"
"7896001001152","3.791,20"
"7794440740024","6.149,00"
"7799120001532","3.609,00"
"7798366894496","10.999,00"
"7798366891327","20.679,00"
"7896001006058","11.175,20"
"7790661020402","27.519,00"
"7792459013115","8.829,00"
"7794440082001","13.999,00"
"7896001001671","7.511,20"
"7797232006124","6.799,00"
"7792459240023","8.949,00"
"7792459012330","4.439,00"
"7794297012015","6.669,00"
"7793416030305","11.599,00"
"7806810240437","6.719,00"
"7790661000169","3.519,00"
"7794440717507","9.219,00"
"7806810013031","6.599,00"
"7798032201160","12.999,00"
"7790520028440","6.129,00"
"7792459264074","6.639,00"
"7790839000533","7.150,00"
"7890254418552","10.499,30"
"7790520025333","8.609,00"
"7790839000540","7.999,00"
"7793416003187","5.919,00"
"7798073149810","9.099,30"
"7798073144501","9.099,30"
"7798124364223","3.509,00"
"7790839000014","7.150,00"
"7798032200071","19.999,00"
"7792459163100","2.599,00"
"7790117061997","11.599,00"
"7793350000280","7.789,00"
"7890254423419","27.999,30"
"7890254422108","23.099,30"
"7798073144549","20.999,30"
"7890254423297","27.999,30"
"7798032200064","14.999,00"
"7793350995166","12.689,00"
"7792459002225","11.539,00"
"7792459004106","5.779,00"
"7798446940099","13.999,30"
"7792459790184","24.969,00"
"7794440525027","9.899,00"
"7798153716253","7.499,00"
"7794440730018","17.609,00"
"7790560001762","23.179,00"
"7793416000193","6.019,00"
"7792459007275","10.919,00"
"7794440707058","25.059,00"
"7794440675005","98.999,00"
"7794297012183","7.239,00"
"7790560009072","3.349,00"
"7790661000671","23.599,00"
"7790900003722","118.999,00"
"7896001002500","4.695,20"
"7790345111006","6.559,00"
"7794440679003","58.999,00"
"7790345708107","6.169,00"
"7798366894519","15.009,00"
"7793416020344","8.579,00"
"7791905023999","2.989,00"
"7890254423204","23.099,30"
"7793253007126","4.959,00"
"7797483000445","28.999,00"
"7890254423235","23.099,30"
"7790900014148","27.369,00"
"7890254423747","20.999,30"
"7798124364230","3.509,00"
"7890254417142","10.499,30"
"7794207083890","7.149,00"
"7799120002256","6.759,00"
"7798153717069","11.269,00"
"7792459161069","1.499,00"
"7798124364247","4.309,00"
"7790900006013","110.999,00"
"7792459161038","1.299,00"
"7790839980750","5.999,00"
"7790345108006","8.499,00"
"7896001000742","4.779,00"
"7890254424348","20.999,30"
"7890254422085","23.099,30"
"7794440006649","58.449,00"
"7792459000665","25.929,00"
"7896001033337","5.031,20"
"7794440675500","24.999,00"
"7798073144464","4.899,30"
"7799029041400","9.099,30"
"7798279510360","7.729,00"
"7791130963350","2.699,00"
"7798073143863","4.899,30"
"7794440994649","4.590,00"
"7793416030275","11.849,00"
"7794207083906","7.149,00"
"7790345110207","11.029,00"
"7806810021746","5.999,00"
"7790661000725","12.579,00"
"7792459790191","10.179,00"
"7791190000088","3.339,00"
"7798073143832","4.899,30"
"7790900013684","15.159,00"
"7798073143870","9.099,30"
"7794440707065","44.899,00"
"7793416020436","5.919,00"
"7797232006148","2.489,00"
"7792459004113","5.039,00"
"7793416170070","9.849,00"
"7501037600056","4.399,00"
"7797453971843","4.959,00"
"7797453000796","1.299,00"
"7613287614971","33.809,00"
"7797453000550","1.399,00"
"7797453000420","1.399,00"
"7799120000597","4.799,00"
"7797453000543","1.399,00"
"7799120000603","6.699,00"
"7798156720073","13.999,00"
"7797453000437","1.399,00"
"7797453971768","1.399,00"
"7798073177653","21.464,25"
"7798139793124","2.049,00"
"7798088563168","21.979,30"
"7613287379269","20.719,00"
"7797453000413","1.399,00"
"7797453000802","1.399,00"
"7799120000580","2.599,00"
"7798073177295","7.364,25"
"7791416065686","31.299,00"
"7798139791793","1.159,00"
"7613287377258","20.719,00"
"7798139791786","1.159,00"
"7798156721575","45.299,00"
"7798139791731","1.159,00"
"7797453000406","1.399,00"
"7797453001496","1.399,00"
"7798139791779","1.159,00"
"7797453000482","1.299,00"
"7798139796668","1.159,00"
"7798139796675","1.159,00"
"7797453000475","1.399,00"
"7797453971188","7.159,00"
"7798139796682","1.159,00"
"7797453971010","19.659,00"
"7791416065679","17.989,00"
"7797453971874","2.039,00"
"7797453001571","13.019,00"
"7798073177226","2.924,25"
"7797453971003","7.159,00"
"7797453001489","1.399,00"
"7797453001472","1.399,00"
"7797453971812","4.319,00"
"7891000241134","1.449,00"
"7798158671205","2.999,00"
"7891000244074","1.609,00"
"7791416001271","31.299,00"
"7613287377210","4.099,00"
"7798073177233","8.166,75"
"7891000244012","1.609,00"
"7798156721698","10.599,00"
"7797453973823","3.559,00"
"7798158671182","2.999,00"
"7797453971850","2.569,00"
"7797453971706","4.299,00"
"7791416065648","17.989,00"
"7891000241080","1.449,00"
"7791416001257","7.439,00"
"7791416066782","4.029,00"
"7798139790062","3.969,00"
"7797453971065","7.159,00"
"7798088565223","7.860,30"
"7613287377470","7.999,00"
"7797453971751","4.299,00"
"7798320830348","1.319,00"
"7798156722398","18.099,00"
"7798139790048","3.969,00"
"7798158672035","849,00"
"7797453971713","4.299,00"
"7891000244036","1.609,00"
"7798156721681","5.399,00"
"7798139793414","8.919,00"
"7797453973090","8.019,00"
"7797453973816","3.559,00"
"7798139791755","1.159,00"
"7798156721650","12.399,00"
"7797453973137","8.019,00"
"7798180830137","22.399,00"
"7891000115619","1.609,00"
"7797453971744","4.299,00"
"7797453971867","2.569,00"
"7797453971836","2.569,00"
"7798158671861","2.999,00"
"7798139796958","1.329,00"
"7798073177615","2.931,75"
"7797453972499","31.099,00"
"7797453000468","1.399,00"
"7797453972505","32.649,00"
"7798139790185","3.969,00"
"7891000244722","1.609,00"
"7797453972543","32.649,00"
"7797453971737","4.299,00"
"7798139790031","3.969,00"
"7797453973144","22.019,00"
"7798139790017","3.969,00"
"7797453973120","4.409,00"
"7798139790024","3.969,00"
"7797453973779","2.099,00"
"7798139791687","1.319,00"
"7798180830267","15.399,00"
"7798088560839","6.351,75"
"7798139793056","1.029,00"
"7797453973786","2.099,00"
"7798320830010","3.199,00"
"7613287613431","9.639,00"
"7798362091011","4.989,00"
"7797453001519","12.299,00"
"7798139797481","3.609,00"
"7798090354044","4.359,00"
"7798139790178","3.969,00"
"7798139791694","6.759,00"
"7797453973465","7.339,00"
"7798139793353","7.409,00"
"7797453972338","3.939,00"
"7613287377272","34.499,25"
"7798389200069","2.159,00"
"7798158671885","2.799,00"
"7797453973472","7.089,00"
"7797453001557","12.399,00"
"7797453971720","4.299,00"
"7891000244661","1.609,00"
"7791416078112","1.479,00"
"7798139796873","1.329,00"
"7790117001825","10.119,00"
"7798073177264","1.551,75"
"7798073177639","2.931,75"
"7613287613356","5.359,00"
"7791416960189","8.569,00"
"7791416960578","909,00"
"7797453974110","13.019,00"
"7798073177585","3.119,25"
"7798139796842","1.329,00"
"7798320833868","3.199,00"
"7613287613226","5.899,00"
"7798139796866","5.189,00"
"7798156721186","2.174,25"
"7797453001502","6.679,00"
"7797453973793","2.099,00"
"7797453973458","3.779,00"
"7798139793346","7.739,00"
"7791416078136","1.479,00"
"7613035797017","14.599,00"
"7798158672264","6.399,00"
"7797453971690","4.299,00"
"7798139796972","2.219,00"
"7798139793407","7.499,00"
"7798320833387","5.999,00"
"7797453970990","3.939,00"
"7798139793063","1.029,00"
"7891000295991","2.259,00"
"7798139796934","2.219,00"
"7891000391433","1.449,00"
"7798139797009","4.569,00"
"7798156720615","6.699,00"
"7798139796859","2.219,00"
"7798320830034","3.199,00"
"7798139797146","9.239,00"
"7797453971171","3.939,00"
"7797453971805","2.229,00"
"7798090354020","3.149,00"
"7798073174096","1.729,00"
"7797453001526","6.359,00"
"7791416960127","8.399,00"
"7791416960486","36.869,00"
"7798139792080","3.909,00"
"7798139796897","2.219,00"
"7798139797016","7.759,00"
"7797453001533","12.399,00"
"7798139791700","6.099,00"
"7798139792134","4.259,00"
"7797453973502","55.899,00"
"7798139796439","4.779,00"
"7798320830041","3.299,00"
"7797453973083","4.409,00"
"7798362090250","6.229,00"
"7798156720981","3.599,00"
"7798073174102","3.079,00"
"7798410320193","7.549,00"
"7798139796644","9.969,00"
"7896359018895","4.499,00"
"7798142312336","12.999,00"
"7797453971799","879,00"
"7799035273390","7.219,00"
"7798143382147","3.299,00"
"7798156722473","7.999,00"
"7791416078150","1.479,00"
"7791416001301","2.179,00"
"7798073177691","21.464,25"
"7798156721179","3.974,25"
"7798013349706","5.329,00"
"7798139791847","3.969,00"
"7798090357298","3.729,00"
"7798013341106","8.239,00"
"7798139792127","4.159,00"
"7798389200052","2.159,00"
"7798362090281","4.939,00"
"7798143382130","2.699,00"
"7798362091059","5.899,00"
"7798090362599","3.489,00"
"7791416078143","1.479,00"
"7798362091004","4.899,00"
"7798429432412","21.894,51"
"7798073177370","3.561,75"
"7797453971829","1.059,00"
"7798013349720","3.639,00"
"7896359018925","4.499,00"
"7791416960479","21.409,00"
"7798090361059","3.059,00"
"7798320833875","3.199,00"
"7791416960196","20.439,00"
"7798410320124","6.399,00"
"7798440430039","56.299,00"
"7798156722381","7.399,00"
"7798440430060","84.899,00"
"7798158671649","12.999,00"
"7798090354891","16.419,00"
"7896359018901","4.499,00"
"7798073177745","17.901,75"
"7798429432160","7.320,56"
"7798139797122","4.039,00"
"7798139796910","1.329,00"
"7798158671625","12.999,00"
"7798158671717","12.999,00"
"7798143381140","19.029,00"
"7798013341830","8.399,00"
"7798158671267","2.999,00"
"7798139792172","4.969,00"
"7798013341656","9.369,00"
"7896359018987","5.899,00"
"7798410320063","11.199,00"
"7798362090694","13.899,00"
"7798013340536","4.759,00"
"7798410320438","4.049,00"
"7798139795869","10.099,00"
"7798429432184","8.462,29"
"7896359018970","5.899,00"
"7798429432177","7.790,68"
"7797453973441","1.509,00"
"7798429432191","9.536,87"
"7798429432429","25.454,04"
"7798362090847","9.489,00"
"7798013349737","2.789,00"
"7798362091097","9.989,00"
"7798362090946","5.989,00"
"7798362090175","6.989,00"
"7798429432313","17.232,57"
"7798139797115","3.279,00"
"7798410320209","16.449,00"
"7896359018918","4.499,00"
"7896359018949","5.299,00"
"7798389200045","2.159,00"
"7798410320445","7.049,00"
"7896359018932","5.299,00"
"7798410320452","13.249,00"
"7798410320056","6.099,00"
"7798090356246","3.289,00"
"7798120700377","5.999,40"
"7791231110509","2.313,35"
"7794321882003","2.699,00"
"7798347089750","1.799,00"
"7790400017199","2.349,00"
"7791772048880","1.499,25"
"7790773034021","1.469,00"
"7798081515973","799,00"
"7797196943800","2.659,00"
"7790773034014","689,00"
"7798347089569","1.199,00"
"7798347085592","3.399,00"
"7798347085585","2.499,00"
"7799034279324","39.999,00"
"7791231420004","1.909,00"
"7798239332513","9.099,00"
"7791231058009","1.549,00"
"7798139049870","9.099,00"
"7790400030464","5.669,00"
"7798310621116","10.743,85"
"7798239332766","3.199,00"
"7798310621123","10.769,85"
"7798008610781","5.399,40"
"7790560002165","1.919,00"
"7798239338768","9.099,00"
"7792505061282","1.899,00"
"7798139049849","9.099,00"
"7791231108179","1.936,35"
"7798318730544","539,00"
"7791231103174","7.994,35"
"7791772056496","13.999,00"
"7790400016727","2.939,00"
"7794021000028","5.999,00"
"7798332216345","16.999,00"
"7791231032221","2.739,00"
"7791297020842","1.039,00"
"7791231110219","3.112,85"
"7798418166601","5.299,00"
"7891112066458","3.184,35"
"7791231110226","4.360,85"
"7798139049863","9.099,00"
"7798005437060","1.729,00"
"7791231027005","6.024,85"
"7798112162404","3.199,00"
"7891112227309","9.749,35"
"7798347085400","1.399,00"
"7798347082782","14.999,00"
"7798347089583","4.999,00"
"7791882062516","4.399,00"
"7891155047131","4.799,00"
"7790900006617","1.829,00"
"7798081192860","2.899,00"
"7791772047616","1.199,25"
"7791822688004","2.999,00"
"7798184919807","9.199,00"
"7791772048873","1.499,25"
"7798139049856","9.099,00"
"7791231110516","3.769,35"
"7798139041003","4.299,00"
"7791231109619","9.515,35"
"7798032201504","3.539,00"
"7798347082775","9.999,00"
"7798139041041","4.299,00"
"7790773043108","2.469,00"
"7790773003300","3.309,00"
"7790400018592","2.359,00"
"7790773034502","1.849,00"
"7891155056584","6.479,00"
"7797232001624","2.129,00"
"7798310620034","3.469,00"
"7798332051489","9.299,00"
"7798239332520","9.099,00"
"7791822687175","4.219,00"
"7798332216307","16.999,00"
"7798180900120","19.399,00"
"7791772048903","2.249,25"
"7791822689025","2.499,00"
"7798310621840","21.599,00"
"7702484234416","69.999,00"
"7798065800248","8.399,00"
"7891112066472","3.184,35"
"7798332216321","16.999,00"
"7798347086285","3.599,00"
"7798418166588","5.299,00"
"7891114077711","12.999,00"
"7798176206465","9.019,00"
"7798120700254","32.399,40"
"7798081193355","4.259,00"
"7798318731558","959,00"
"7792281000024","1.549,00"
"7798112164354","4.599,00"
"7792281000048","2.589,00"
"7798118414682","9.999,00"
"7798180819903","2.729,30"
"7891155040958","3.899,00"
"7791231456003","12.659,00"
"7791231352008","3.369,00"
"7798239332490","4.499,00"
"7791231103471","2.529,00"
"7794321550247","4.069,00"
"7798118415009","1.389,00"
"7798343352445","4.819,00"
"7791231107639","5.803,85"
"7791822621971","1.799,00"
"7891114067279","7.999,00"
"7798347081358","9.399,00"
"7791882000013","6.619,00"
"7891115093758","11.379,00"
"7798118415016","1.389,00"
"7793300704336","2.999,00"
"7798149559024","7.979,00"
"7798347089668","1.439,00"
"7798149559703","3.099,00"
"7791822388096","8.399,00"
"7896359006199","3.709,30"
"7896211856177","3.159,00"
"7798347081310","6.199,00"
"7798173040093","7.349,50"
"7798005438470","1.699,00"
"7791231495002","9.898,85"
"7791822684266","1.999,00"
"7798387140022","15.599,00"
"7896020661047","27.899,00"
"7798310620881","5.959,00"
"7891114053210","29.999,00"
"7791231107738","6.299,00"
"7798120700421","19.199,40"
"7794321882010","3.319,00"
"7796038042855","3.799,00"
"7791822689193","3.129,00"
"7791231104478","2.669,00"
"7798310621093","7.409,35"
"7891112066489","3.184,35"
"7791772047609","1.199,25"
"7798418166540","5.299,00"
"7790715566184","119.999,00"
"7896020652212","299.999,00"
"7798180900137","39.999,00"
"7798347085073","799,00"
"7893948480088","89.999,40"
"7798173040062","4.199,50"
"7798118416006","1.389,00"
"7791822621476","2.099,00"
"7791772009843","1.799,25"
"7891114449839","8.999,00"
"7795962525557","18.799,00"
"7798121747326","2.999,00"
"7791231111377","2.349,00"
"7798332216314","16.999,00"
"7798151812117","4.899,00"
"7790900006570","1.929,00"
"7796835108464","2.699,00"
"7798118410097","1.599,00"
"7891112057128","5.199,35"
"7891112066526","1.949,35"
"7798180818807","4.199,30"
"7791231110721","5.259,00"
"7798310621857","21.599,00"
"7791822688493","2.149,00"
"7797196011042","14.099,00"
"7798318731725","959,00"
"7798081193706","3.469,00"
"7798112160493","4.599,00"
"7798184155281","4.999,00"
"7798435990715","1.609,00"
"7798323409763","15.499,00"
"7798446942857","22.799,40"
"7798310621338","1.169,35"
"7798180908966","149.999,00"
"7798323409800","14.099,00"
"7791772009874","6.374,25"
"7798446942635","15.599,40"
"7798180818845","4.479,30"
"7791231351001","2.609,00"
"7798239332742","4.599,00"
"7798139041058","4.299,00"
"7798180813642","6.117,30"
"7798160462587","1.569,00"
"7798239332469","4.499,00"
"7798176206472","9.019,00"
"7790400001976","6.489,00"
"7798239332858","4.599,00"
"7791231107745","6.299,00"
"7792952010123","108.999,00"
"7792579017758","5.929,00"
"7798239339062","4.299,00"
"7798347085394","1.029,00"
"7791822628833","2.799,00"
"7798310620010","2.289,00"
"7891114072754","13.999,00"
"7791822388157","7.979,00"
"7891155038993","3.399,00"
"7798347085134","3.199,00"
"7798118413128","1.599,00"
"7799108050774","7.499,25"
"7898335070903","4.609,00"
"7798139040549","4.599,00"
"7791231900001","18.439,00"
"7798332210176","4.599,00"
"7891155042600","4.669,00"
"7798176206441","9.389,00"
"7798332216116","15.199,00"
"7791231108759","9.443,85"
"7798180906979","27.999,00"
"7898335077834","2.644,85"
"7791772044905","1.199,25"
"7791822388225","7.179,00"
"7798310622199","24.999,00"
"7791231111056","4.289,35"
"7798375121217","2.579,40"
"7798374177727","16.199,00"
"7798139041027","4.299,00"
"7798310621611","1.169,35"
"7798112162374","4.299,00"
"7791772047593","1.199,25"
"7798180818036","2.190,30"
"7798118410103","1.069,00"
"7798347084625","1.439,00"
"7793583503428","2.399,00"
"7798034440031","5.099,00"
"7790400031188","7.379,00"
"7791822676452","2.299,00"
"7896020637325","15.599,40"
"7798347089651","1.439,00"
"7796835115431","7.999,00"
"7791231023229","3.469,00"
"7896211885436","4.459,00"
"7797232010299","2.639,00"
"7798118411483","1.599,00"
"7797196943794","2.129,00"
"7796835000447","3.699,00"
"7795962526097","20.699,00"
"7899579481432","143.999,41"
"7791772009867","7.124,25"
"7891021002592","6.039,00"
"7791231110738","5.259,00"
"7798310621482","8.399,00"
"7798310620027","3.039,00"
"7791822625016","1.999,00"
"7798118412565","2.239,00"
"7798176206427","7.319,00"
"7798419631979","5.999,00"
"7798239332476","4.499,00"
"7798332216154","15.199,00"
"7798239332506","4.499,00"
"7798310621314","1.676,35"
"7896359029136","6.460,30"
"7798374172067","30.599,40"
"7702484321659","199.999,00"
"7798446942970","11.999,40"
"7798446942949","11.999,40"
"7798239338850","4.499,00"
"7797196031200","1.462,30"
"7791231108155","9.443,85"
"7798239338942","4.299,00"
"7891112265721","26.199,00"
"7899808830574","6.749,00"
"7798180813666","6.117,30"
"7791882000020","6.729,00"
"7791822690953","5.069,00"
"7798065800316","11.449,00"
"7793583502643","2.399,00"
"7794122013101","4.439,00"
"7793583600745","2.399,00"
"7796835130786","4.999,00"
"7790400022834","5.569,00"
"7791231312002","12.659,00"
"7797196001531","5.059,00"
"7791882001003","21.629,00"
"7792579002129","4.349,00"
"7806810221009","9.849,00"
"7798160469630","989,00"
"7790400001990","6.429,00"
"7798347085141","3.199,00"
"7891021002585","5.719,00"
"7798103302048","15.299,00"
"7798318731190","859,00"
"7796038043043","3.699,00"
"7962700100011","8.399,00"
"7798149558461","7.649,00"
"7798127208890","14.949,00"
"7798332216277","16.999,00"
"7797887971419","22.199,40"
"7798239332803","4.299,00"
"7797887970825","28.199,40"
"7798120700384","10.799,40"
"7798418166595","5.299,00"
"7798180813635","5.879,30"
"7790715566177","64.999,00"
"7798446942628","15.599,40"
"7791772055673","8.249,25"
"7896211859574","3.479,00"
"7798387140121","9.129,00"
"7891112227354","9.749,35"
"7790391000316","1.359,00"
"7806810200288","7.762,30"
"7799029041257","9.599,40"
"7798184156578","11.099,00"
"7798435990388","1.579,00"
"7790391467003","1.199,00"
"7798446942918","11.999,40"
"7891115103785","11.379,00"
"7798310621628","1.676,35"
"7791231111049","3.112,85"
"7798446942741","22.799,40"
"7798310621703","1.819,35"
"7798120700032","16.799,40"
"7795722016509","19.379,00"
"7798149556269","7.729,00"
"7798112163692","4.299,00"
"7792281063203","6.499,00"
"7791231150222","2.219,00"
"7798310622076","4.259,00"
"7798310621031","5.399,40"
"7793300426962","5.399,00"
"7791822676414","2.499,00"
"7891114144093","39.999,00"
"7790391480040","1.599,00"
"7798318731091","859,00"
"7798081190200","4.599,00"
"7790400926873","9.639,00"
"7798347089699","1.439,00"
"7798103300228","16.599,00"
"7798125154595","8.999,00"
"7798125153789","6.999,00"
"7798318730353","769,00"
"7790773003010","3.089,00"
"7798160463171","989,00"
"7798347085080","799,00"
"7891114067286","7.999,00"
"7798176206403","6.549,00"
"7798446942727","15.599,40"
"7798121748125","24.999,00"
"7798330401118","3.039,00"
"7891114029925","8.999,00"
"7702484321628","69.999,00"
"7891112265660","12.999,00"
"7798149559680","5.499,00"
"7798121747166","3.199,00"
"7798176206489","11.949,00"
"7798008610729","10.199,40"
"7798180810252","8.539,30"
"7798310621086","7.409,35"
"7798081193249","7.279,00"
"7798385071946","11.259,00"
"7798008610798","14.999,40"
"7798005792374","13.999,00"
"7702484187538","79.999,00"
"7798180817558","6.117,30"
"7896359015078","4.059,30"
"7798319213558","12.081,75"
"7797196011028","18.989,00"
"7791822688462","3.669,00"
"7798319217730","38.549,25"
"7896359006151","2.449,30"
"7791772054768","9.224,25"
"7791231107622","5.803,85"
"7793015525950","57.329,00"
"7791231110707","11.689,00"
"7791772047586","1.199,25"
"7798118413968","4.899,00"
"7791231109626","2.651,35"
"7794021000608","15.699,00"
"7896359015184","4.339,30"
"7798149556078","26.569,00"
"7796835130793","47.999,00"
"7791213052858","8.159,00"
"7798454250012","7.199,00"
"7795962000108","18.799,00"
"7798347086742","1.999,00"
"7891155054085","7.259,00"
"7791416044469","8.399,00"
"7896001006201","15.579,00"
"7798149556276","7.729,00"
"7790391467034","1.399,00"
"7798118411100","1.999,00"
"7797232005714","2.199,00"
"7798065800385","8.889,00"
"7798125150757","7.999,00"
"7798166542573","6.499,00"
"7790391464705","1.599,00"
"7792459000535","16.689,00"
"7792281313636","2.639,00"
"7794297025329","10.529,00"
"7793300703926","10.299,00"
"7798125150061","4.999,00"
"7791231107028","2.849,00"
"7792200002467","7.199,00"
"7798065800231","15.779,00"
"7891114144062","49.999,00"
"7796589000335","5.999,00"
"7798104180768","2.469,35"
"7896741396846","49.999,00"
"7796835000010","5.199,00"
"7798343359338","4.149,00"
"7798225227472","67.499,25"
"7798225221425","127.499,25"
"7798160462648","989,00"
"7793583502445","2.399,00"
"7794021000400","4.799,00"
"7792579017789","11.129,00"
"7798347085103","1.699,00"
"7798347085097","1.699,00"
"7798065800033","9.159,00"
"7796835124808","12.599,00"
"7792579006158","2.209,00"
"7806810252539","12.259,00"
"7896020637332","15.599,40"
"7798180817978","3.639,30"
"7798374170766","14.499,00"
"7798239332445","4.499,00"
"7798112168956","5.699,00"
"7798112165221","4.299,00"
"7798239332902","4.299,00"
"7896020652229","299.999,00"
"7896211824503","4.999,00"
"7798239332773","5.699,00"
"7798435990616","1.989,00"
"7799029041745","17.999,40"
"7798096937371","13.793,40"
"7792579014061","5.239,00"
"7799029041189","16.799,40"
"7896359038190","6.236,30"
"7799029041165","16.799,40"
"7791822688516","2.379,00"
"7896359015252","12.599,30"
"7896211804376","19.549,00"
"7798125221952","11.259,00"
"7896359006410","9.428,30"
"7791772047821","1.874,25"
"7791772054669","6.824,25"
"7798184919821","9.199,00"
"7791772044912","1.199,25"
"7791231107615","5.803,85"
"7896211838968","28.859,00"
"7806810025157","12.459,30"
"7793583502360","1.799,00"
"7891112024236","7.149,35"
"7896359006212","4.339,30"
"7798118411674","2.719,00"
"7793416020061","5.529,00"
"7792281001786","2.639,00"
"7896211879183","4.849,00"
"7795111040245","8.399,00"
"7791822686758","12.899,00"
"7790715011806","8.999,00"
"7791822688455","2.539,00"
"7792261003212","12.999,00"
"7795962000054","18.799,00"
"7798347085370","9.799,00"
"7791822684396","2.179,00"
"7795111024504","11.579,00"
"7891155042594","5.699,00"
"7795111042263","8.029,00"
"7796589000632","6.699,00"
"7791822621773","2.419,00"
"7791822621988","1.799,00"
"7896211876359","5.349,00"
"7791822389406","1.429,00"
"7798318730513","829,00"
"7891155666943","2.869,00"
"7790391480026","1.599,00"
"7797232009231","1.839,00"
"7898335071030","20.619,00"
"7896211840435","8.599,00"
"7797232008029","5.729,00"
"7798081190521","12.829,00"
"7798347086773","4.199,00"
"7798118410196","1.499,00"
"7791822681142","1.699,00"
"7791231103488","3.489,00"
"7793583503398","2.399,00"
"7798419630217","6.199,00"
"7794021000318","5.999,00"
"7793300426924","3.799,00"
"7798310622083","3.979,00"
"7794297020485","3.069,00"
"7792459100068","6.629,00"
"7793300704251","6.699,00"
"7791231103464","1.819,00"
"7798310622090","3.749,00"
"7798180909437","29.999,00"
"7794122013088","6.569,00"
"7891114077667","8.999,00"
"7792281002325","5.459,00"
"7791822621322","1.699,00"
"7798160461054","669,00"
"7896211885177","3.229,00"
"7798391141473","2.869,00"
"7797196049526","2.889,00"
"7792281063180","4.909,00"
"7891114181463","33.999,00"
"7792281001359","6.509,00"
"7790391832108","1.199,00"
"7793300060104","7.499,00"
"7891114181425","39.999,00"
"7790391480071","1.599,00"
"7793583503084","2.399,00"
"7798347086759","2.699,00"
"7796038042893","4.999,00"
"7796835118685","6.099,00"
"7798121743366","11.799,00"
"7891114080568","13.999,00"
"7797196943503","5.129,00"
"7896741390813","29.999,00"
"7793583503350","2.399,00"
"7798121746961","12.899,00"
"7896020637554","20.999,40"
"7891114077650","8.999,00"
"7798180909871","19.999,00"
"7799029041530","35.999,40"
"7896741372659","16.999,00"
"7891114077766","17.999,00"
"7799029041721","29.399,40"
"7798127207541","14.949,00"
"7796835122583","10.899,00"
"7793583503213","2.399,00"
"7896438048119","8.699,00"
"7799108050873","17.249,25"
"7798419633157","68.799,00"
"7891114068979","19.999,00"
"7702147201977","2.049,00"
"7891112266995","42.999,00"
"7799029041172","16.799,40"
"7798239339628","16.999,00"
"7792489266895","14.999,40"
"7797887970818","28.199,40"
"7799029041264","9.599,40"
"7798446942765","22.799,40"
"7792489635080","11.999,00"
"7799029041134","19.799,40"
"7798446942819","22.799,40"
"7792281002455","2.639,00"
"7798446942901","31.799,40"
"7790400926903","9.639,00"
"7798160461085","1.269,00"
"7791231109633","4.464,85"
"7896359015207","6.649,30"
"7896359006168","4.059,30"
"7798374172395","18.699,00"
"7806810025140","13.887,30"
"7798319213572","11.759,25"
"7791772047579","1.124,25"
"7798319218263","27.036,75"
"7791231105246","1.637,35"
"7891112003750","5.004,35"
"7798176206496","11.949,00"
"7898335078770","5.875,35"
"7791772054690","8.249,25"
"7806810240000","15.140,30"
"7798112160349","4.599,00"
"7799029041202","13.799,40"
"7896211859598","3.489,00"
"7806810025133","13.411,30"
"7791822688707","2.439,00"
"7798081193645","4.929,00"
"7792281001762","2.639,00"
"7791822625009","1.999,00"
"7791772054744","7.274,25"
"7898335070996","15.739,00"
"7798166545147","18.999,00"
"7798306562089","3.889,00"
"7798118410240","1.179,00"
"7799176002316","36.569,00"
"7502298050970","32.599,00"
"7791882000365","9.409,00"
"7797276100123","14.999,00"
"7891112318236","26.389,00"
"7702484311643","8.999,00"
"7791822609009","1.889,00"
"7791772054751","7.274,25"
"7798180906962","17.999,00"
"7891155001737","4.889,00"
"7791822688219","3.399,00"
"7891115094847","20.639,00"
"7798034447849","6.299,00"
"7797232008616","4.299,00"
"7798151812148","2.619,00"
"7798435990647","1.739,00"
"7796717000046","3.679,00"
"7794417221839","7.779,00"
"7798435990708","1.609,00"
"7797196040127","17.109,00"
"7791822622671","3.109,00"
"7790711000859","7.099,00"
"7798122879163","2.499,00"
"7796835128523","22.899,00"
"7791231105000","2.579,00"
"7793300703919","10.299,00"
"7791822676407","2.499,00"
"7790711891112","10.799,00"
"7798419632396","11.999,00"
"7798032202167","7.729,00"
"7896400508955","1.499,00"
"7794912000311","11.499,00"
"7790400031102","7.379,00"
"7798184919784","9.659,00"
"7798343357020","4.849,00"
"7798347085417","6.999,00"
"7896211856160","3.489,00"
"7792261016083","13.999,00"
"7792281002295","1.549,00"
"7792281063111","1.989,00"
"7798125154588","6.999,00"
"7796038042879","4.999,00"
"7795722017094","12.119,00"
"7798310622106","3.049,00"
"7791822621353","2.099,00"
"7790391464903","1.599,00"
"7798343352834","3.319,00"
"7798073740406","16.999,00"
"7798347081297","5.199,00"
"7898335070040","7.459,00"
"7791213044204","3.239,00"
"7896211885238","4.459,00"
"7798165831685","5.899,00"
"7793583503060","2.399,00"
"7896211870258","11.999,00"
"7790391465108","1.599,00"
"7797232005745","5.009,00"
"7790391000255","1.359,00"
"7798343352827","4.819,00"
"7896359004843","4.229,00"
"7793583503282","2.399,00"
"7798065801269","21.119,00"
"7797196049496","5.049,00"
"7899620634374","7.669,00"
"7798435990746","2.489,00"
"7796835122309","1.799,00"
"7798081193621","3.229,00"
"7896211840237","8.599,00"
"7798165831630","4.799,00"
"7792112122475","9.599,00"
"7793583503152","2.399,00"
"7796038042886","5.899,00"
"7798081193638","6.229,00"
"7798310622175","12.729,00"
"7798149553978","6.439,00"
"7790391605221","2.099,00"
"7792281980203","7.489,00"
"7798391141893","3.309,00"
"7794021000899","6.499,00"
"7790391832115","1.199,00"
"7792281980319","7.119,00"
"7792281681018","5.699,00"
"7791231350004","2.109,00"
"7790391465009","1.599,00"
"7790391464804","1.599,00"
"7791822609047","4.319,00"
"7798149558898","5.039,00"
"7793300415928","5.499,00"
"7798065801368","12.229,00"
"7798419630200","4.999,00"
"7791416044421","9.829,00"
"7790391000378","1.359,00"
"7793583502278","2.399,00"
"7798343353138","4.829,00"
"7891114072709","9.999,00"
"7896741366078","104.999,00"
"7798121743496","9.499,00"
"7796835130106","2.699,00"
"7798180909468","26.599,00"
"7799176001456","31.969,00"
"7793583502148","2.399,00"
"7796038041155","2.399,00"
"7798185040111","101.999,40"
"7796835118692","5.399,00"
"7796835000720","8.899,00"
"7796835130915","3.299,00"
"7891114067262","9.999,00"
"7796038810744","6.199,00"
"7891114035100","18.999,00"
"7908155400528","59.999,40"
"7798343357945","5.409,00"
"7891114040708","9.999,00"
"7795224368700","4.989,00"
"7793583503176","2.399,00"
"7796717000022","3.049,00"
"7798418166229","14.999,40"
"7896020651079","79.999,00"
"7798165197835","20.796,71"
"7273731984854","16.699,00"
"7798343357068","2.869,00"
"7896502802784","99.989,00"
"7798418166571","5.299,00"
"7798180818081","8.889,30"
"7798239339642","16.999,00"
"7798422854723","1.916,60"
"7792489440585","3.999,00"
"7790400928082","5.149,00"
"7798332216086","15.199,00"
"7792489959049","35.999,00"
"7798180816827","4.689,30"
"7798180818173","8.119,30"
"7798332216123","15.199,00"
"7798374179455","42.999,00"
"7798418166359","22.199,40"
"7792951111852","99.999,00"
"7799029041608","26.999,40"
"7792489410588","9.999,00"
"7798239332797","4.299,00"
"7798374178731","9.599,00"
"7798239339000","5.699,00"
"7798120700018","59.999,00"
"7792489132046","14.999,40"
"7798239339611","16.999,00"
"7798180815981","8.889,30"
"7798422854877","1.916,60"
"7792489101233","5.999,00"
"7791772054737","5.324,25"
"7792281628266","21.759,00"
"7896359006236","3.989,30"
"7798340511913","7.599,00"
"7798319213541","8.549,25"
"7792951003102","84.999,00"
"7791772019835","2.249,25"
"7791194103020","8.039,00"
"7898335077841","5.166,85"
"7791194103174","7.429,00"
"7896359015160","2.869,30"
"7806810025119","19.928,30"
"7896359006298","8.819,30"
"7798450520065","10.607,35"
"7798319217761","38.549,25"
"7798176206434","7.319,00"
"7792952010116","59.999,00"
"7791231111032","2.956,85"
"7792281025355","15.289,00"
"7795357009020","16.899,35"
"7798347085363","7.999,00"
"7798387140138","11.759,00"
"7795357007934","12.879,00"
"7896211812371","8.699,00"
"7891155032458","6.499,00"
"7891155040866","4.409,00"
"7798032201696","11.899,00"
"7899808870150","5.929,00"
"7891155008200","3.629,00"
"7798318730650","8.039,00"
"7792281640305","10.969,00"
"7793015001041","13.299,00"
"7792281613682","4.069,00"
"7891114186123","9.999,00"
"7798419631993","5.999,00"
"7798387140077","5.999,00"
"7891155003946","2.859,00"
"7798184840613","4.209,00"
"7891361340590","9.229,00"
"7502298050963","29.529,00"
"7791772020343","2.249,25"
"7795245071719","4.569,00"
"7798184919760","7.249,00"
"7798184840569","5.009,00"
"7798118410202","1.499,00"
"7702484311667","8.999,00"
"7899808858417","10.819,00"
"7796835134500","32.999,00"
"7798318731152","1.479,00"
"7908525101116","7.449,00"
"7702484311681","8.999,00"
"7798032202280","13.319,00"
"7798118410660","1.389,00"
"7702484311674","8.999,00"
"7899808870143","8.269,00"
"7798032201740","21.059,00"
"7793015000440","20.599,00"
"7702484127732","3.599,00"
"7798454250043","8.783,79"
"7702147276074","1.849,00"
"7702484311650","8.999,00"
"7795357005442","25.999,00"
"7891155047155","4.549,00"
"7896211859710","19.549,00"
"7798422853726","3.799,00"
"7798323409756","15.499,00"
"7792459100051","6.629,00"
"7798118412510","2.929,00"
"7791822685683","1.829,00"
"7794297066230","20.789,00"
"7795962525984","9.299,00"
"7798419633553","14.949,00"
"7794912000052","7.999,00"
"7798184840170","1.799,00"
"7798435990418","1.739,00"
"7798032201719","18.939,00"
"7798034442424","7.549,00"
"7790391480781","2.509,00"
"7702147269922","4.209,00"
"7891155002482","1.719,00"
"7899620634381","10.159,00"
"7798387140114","8.399,00"
"7795722016738","18.469,00"
"7798151813091","8.819,00"
"7896211856153","3.479,00"
"7790391425645","1.790,00"
"7792579001238","14.399,00"
"7898335073683","18.429,00"
"7798184155410","4.399,00"
"7798118410691","2.939,00"
"7898335070934","6.179,00"
"7798330401187","3.499,00"
"7898335070071","7.729,00"
"7790391480033","1.599,00"
"7793300415904","3.599,00"
"7798151819031","5.879,00"
"7793583002426","2.399,00"
"7899808830550","4.609,00"
"7797232004533","9.029,00"
"7795224363804","16.879,00"
"7791822675509","5.459,00"
"7798419630163","11.039,00"
"7792281641623","4.499,00"
"7793583503077","2.399,00"
"7796734003198","15.499,00"
"7797232009859","3.979,00"
"7793583503572","2.399,00"
"7891114154153","24.999,00"
"7798165831616","3.099,00"
"7790400017472","6.699,00"
"7798170120828","5.409,00"
"7792961022018","7.499,00"
"7794912000137","13.999,00"
"7793583503374","2.399,00"
"7797232006797","7.349,00"
"7792112122468","9.599,00"
"7796589000649","9.029,00"
"7792281063142","3.389,00"
"7793583500618","2.399,00"
"7796589000946","8.029,00"
"7792281023924","3.669,00"
"7899808835104","14.729,00"
"7793583502162","2.399,00"
"7798103300242","26.199,00"
"7798103308811","16.599,00"
"7798151812025","4.359,00"
"7896211838661","5.269,00"
"7790391461605","1.099,00"
"7790391480002","1.599,00"
"7790391000392","1.359,00"
"7791231773001","1.759,00"
"7790400928136","3.519,00"
"7798441206008","2.099,00"
"7790391480057","1.599,00"
"7798118413333","1.899,00"
"7794021001148","5.999,00"
"7798034442400","6.249,00"
"7793583503459","2.399,00"
"7798034442417","6.349,00"
"7798343351882","3.319,00"
"7798435990753","2.489,00"
"7798343359253","4.149,00"
"7798176206519","6.959,00"
"7798160469296","739,00"
"7798435990449","1.499,00"
"7791822674182","3.779,00"
"7790391000361","1.359,00"
"7790400926866","5.599,00"
"7799108058626","127.499,25"
"7896741387844","39.999,00"
"7799034450433","149.999,00"
"7798160469357","989,00"
"7799108055397","24.749,25"
"7792281007122","6.329,00"
"7891114048391","9.999,00"
"7798180909857","47.699,00"
"7891114144048","25.999,00"
"7792281006309","5.039,00"
"7896211856849","4.219,00"
"7799108057216","41.249,25"
"7798160469791","989,00"
"7891114072778","19.999,00"
"7790391000217","1.359,00"
"7798180909727","7.999,00"
"7796038005799","1.399,00"
"7790391000231","1.359,00"
"7797483000469","94.499,00"
"7799108050842","10.499,25"
"7796835125799","11.999,00"
"7798435990623","1.989,00"
"7796038000121","2.399,00"
"7796835127175","10.999,00"
"7796835130854","11.299,00"
"7796835130182","4.099,00"
"7962710100018","8.399,00"
"7796835102240","11.999,00"
"7896741366047","49.999,00"
"7796835122620","9.999,00"
"7795224368748","3.369,00"
"7896741363114","47.999,00"
"7796835129377","10.999,00"
"7798121744783","1.899,00"
"7799108050606","22.499,25"
"7896741396853","65.999,00"
"7798435992306","4.489,00"
"7798435992290","4.489,00"
"7798385666845","43.469,00"
"7798110731732","26.159,00"
"7796835000485","12.999,00"
"7798121747005","8.499,00"
"7898335076943","24.169,00"
"7796734001194","69.999,00"
"7702484150129","69.999,00"
"7798103303588","11.699,00"
"7702484295783","79.999,00"
"7798391142005","9.209,00"
"7791822605971","11.369,00"
"7791772048491","9.674,25"
"7795224363576","4.999,00"
"7790715566689","129.999,00"
"7799176001814","15.879,00"
"7798165197446","16.599,00"
"7798081192181","4.929,00"
"7798180816780","7.349,30"
"7273731984168","16.699,00"
"7796038810867","3.299,00"
"7798319218089","34.416,75"
"7798165192762","18.999,00"
"7702484262631","7.999,00"
"7790400926941","5.599,00"
"7794021000301","3.999,00"
"7791772050500","22.124,25"
"7792281023825","3.959,00"
"7798374178748","11.799,00"
"7798140524793","12.999,00"
"7799029041585","23.999,40"
"7795722019531","31.019,00"
"7792489645072","5.999,00"
"7896211801122","8.859,00"
"7798239339604","16.999,00"
"7792489438292","62.999,00"
"7792489487887","2.999,00"
"7798008610736","20.689,00"
"7273731984540","16.699,00"
"7273731984786","16.699,00"
"7792489961042","38.999,00"
"7798112169021","5.699,00"
"7799029041509","22.999,00"
"7273731984472","16.699,00"
"7799029041707","25.199,40"
"7896211801252","7.379,00"
"7798446942864","31.799,40"
"7792489645089","5.999,00"
"7798374179448","29.999,00"
"7896211802235","10.229,00"
"7908199474875","169.999,00"
"7799111682351","1.609.999,00"
"7796962008255","699.999,31"
"7798016680257","159.999,20"
"7796962987321","594.999,31"
"7795473037747","854.999,12"
"7909569486405","977.999,00"
"7791758400794","719.994,00"
"7799111683402","1.124.999,25"
"7797102526875","559.999,00"
"7796962991939","1.049.999,00"
"7799111677036","419.999,31"
"7799111695412","387.099,31"
"7798169448100","979.999,31"
"7909569514801","1.189.999,12"
"7798016682169","383.999,19"
"7798354110119","674.999,25"
"7273731535766","22.999,00"
"7798169448094","779.988,00"
"7796825000679","389.999,00"
"7798140604280","899.999,00"
"7795473038041","659.999,00"
"7796825000600","369.999,00"
"7796962993896","678.999,31"
"7796962036791","374.999,25"
"7798169448155","1.259.999,00"
"7502271278278","528.869,12"
"7798081287559","1.059.999,00"
"7798118962008","149.999,00"
"7795473037877","183.599,09"
"7909569485316","68.799,20"
"7791758119702","762.999,00"
"7798140604273","359.999,09"
"7796962991946","1.599.999,00"
"7502271279190","1.355.988,00"
"7791758120500","639.999,19"
"7798140603627","374.999,25"
"7790368298050","44.999,00"
"7798081280222","779.999,00"
"7909569446560","1.252.999,00"
"7795473038065","539.999,00"
"7796825008972","279.999,00"
"7502271277936","881.849,00"
"7796885457611","839.999,31"
"7791758121002","779.999,25"
"7798192368222","49.999,00"
"7797003165524","259.999,00"
"7798192368246","79.999,00"
"7796962995029","1.259.999,12"
"7798091703384","169.999,00"
"7798118961353","99.999,00"
"7798118962459","189.999,00"
"7795473037891","229.497,00"
"7891129613638","836.999,00"
"7793862012191","42.499,15"
"7797003956290","194.999,00"
"7799111677067","154.999,00"
"7793862008057","46.999,00"
"7796885495194","173.997,00"
"7796825000587","429.999,00"
"7796825000686","431.999,00"
"7796885495125","229.999,00"
"7798192364606","209.999,00"
"7790368297893","89.999,00"
"7790368027049","107.999,10"
"7798081287740","669.999,00"
"7796885065694","1.039.999,19"
"7790368295509","99.999,00"
"7798118961384","139.999,00"
"7796885483160","249.999,00"
"7790368297855","59.999,00"
"7796962991953","2.249.999,00"
"7793862014171","51.999,00"
"7796941329319","1.349.999,00"
"7793862011453","114.999,00"
"7790368298357","139.999,00"
"7793862008965","54.599,30"
"7790368298142","109.797,00"
"7798192369755","59.999,00"
"7799111034273","39.999,00"
"7896347187992","67.797,00"
"7798373232267","127.999,20"
"7798354110089","517.499,25"
"7790368023096","139.999,30"
"7798140604266","319.999,00"
"7798192369779","69.999,00"
"7798373232199","91.999,20"
"7798081287603","119.999,00"
"7909569485347","97.499,35"
"7793862014782","49.999,00"
"7909569485309","41.299,30"
"7798091700567","79.999,00"
"7909569518168","503.999,19"
"7799111674745","114.999,00"
"7791073881834","19.999,50"
"7796962017196","734.999,31"
"7909569468630","199.999,00"
"7798115593076","54.999,00"
"7798143727498","139.999,00"
"7798192366051","106.999,00"
"7798373231727","71.999,10"
"7333394046402","102.199,30"
"7793862015383","49.999,00"
"7796885495149","329.999,00"
"7502271273914","229.999,00"
"7798373232014","239.999,25"
"7793862013235","42.999,00"
"7793862014164","199.999,00"
"7797087529618","713.999,31"
"7790368029647","79.999,00"
"7798118962886","219.999,00"
"7909569485330","99.899,10"
"7798118960936","119.999,00"
"7798143727481","109.999,00"
"7891129569317","699.999,00"
"7798081285357","42.999,00"
"7798140603634","499.999,00"
"7796825009054","380.999,00"
"7793862014409","33.149,15"
"7798143727474","119.999,00"
"7799111685567","229.999,00"
"7896347163996","299.999,00"
"7790368298111","119.999,00"
"7793862012733","81.999,00"
"7798081285180","71.999,20"
"7798118964224","45.499,30"
"7798192369656","39.999,00"
"7798115592796","46.199,30"
"7796962007098","299.999,00"
"7796885483290","229.999,00"
"7798118962558","35.999,10"
"7798373231741","125.999,10"
"7795473037990","1.099.999,00"
"7796825009030","323.999,00"
"7796885482637","154.662,36"
"7798081280550","1.439.988,00"
"7799111682429","1.199.999,25"
"7796941329852","799.999,19"
"7798081287573","89.999,00"
"7797087529748","839.999,31"
"7799111033290","49.999,00"
"7796825009047","353.999,00"
"7798175211323","269.999,00"
"7793862016083","85.999,00"
"7790368296285","59.999,00"
"7896347194471","238.719,20"
"7798192369687","43.999,00"
"7796885455747","2.299.999,00"
"7798373230973","89.999,10"
"7796885495132","309.999,00"
"7861106451065","1.099.999,00"
"7909569485354","89.999,00"
"7796885483238","219.999,00"
"7798192367317","129.999,00"
"7799111698567","229.999,00"
"7798081287290","287.999,09"
"7730979521826","37.999,00"
"7796885260136","999.999,00"
"7798178470567","129.999,00"
"7793862014058","59.999,00"
"7798081280147","43.999,20"
"7909569490495","1.279.999,25"
"7799111037120","170.999,09"
"7798192369311","30.999,00"
"7909569485323","139.999,00"
"7896347198370","299.999,41"
"7798081285128","59.705,10"
"7798373231840","139.499,09"
"7798373231536","99.999,00"
"7798081285173","41.399,10"
"7798081285098","55.999,00"
"7793862015482","55.999,00"
"7799111679863","67.999,00"
"7798081287429","54.999,00"
"7798081289959","92.999,00"
"7909569485293","139.999,00"
"7798118962152","189.999,00"
"7799111685581","559.999,19"
"7791073883272","24.999,50"
"7896347187794","64.871,20"
"7798115593106","143.999,41"
"7798143727351","131.999,41"
"7798118961308","94.999,00"
"7796885065281","989.999,12"
"7909569485361","109.999,00"
"7793862014799","37.999,00"
"7798081287412","54.999,00"
"7798118961414","96.799,20"
"7796962005872","599.999,00"
"7798317565604","49.999,00"
"7796962000600","519.999,00"
"7796941251320","695.988,00"
"7796941251344","287.988,00"
"7796941329296","539.999,00"
"7796941329272","695.988,00"
"7796941329241","2.099.999,00"
"7796941329203","999.999,00"
"7796941251252","359.988,00"
"7796962000785","287.988,00"
"7797026970105","19.599,30"
"7796941251399","1.799.999,00"
"7790894901431","199.999,00"
"7796941329074","1.499.999,00"
"7790894901509","349.999,00"
"7796962011712","359.988,00"
"7796962002017","999.999,00"
"7796962991304","4.199,30"
"7796962010135","849.999,00"
"7798111355401","48.999,30"
"7790894901493","349.999,00"
"7796941251290","1.299.999,00"
"7798111355395","27.999,30"
"7796962000242","1.299.999,00"
"7796941251238","1.199.999,00"
"7796941339332","549.999,00"
"7799111033276","134.999,00"
"7796962002000","1.599.999,00"
"7798035045754","38.399,00"
"7796941339974","269.999,00"
"7798317565581","19.999,00"
"7790894901400","299.999,00"
"7798137714558","9.099,30"
"7798137717108","4.999,00"
"7798181993800","287.988,00"
"7798137724724","5.599,30"
"7790894901950","399.999,00"
"7796941339295","549.999,00"
"7798317565574","12.999,00"
"7790894901851","259.999,00"
"7796941251207","1.299.999,00"
"7798317565611","100.999,00"
"7798137725820","17.499,30"
"7798137725905","16.799,30"
"7790894901776","599.999,00"
"7796885403069","899.988,00"
"7799111039254","405.999,00"
"7798111354787","29.399,30"
"7790894901387","229.999,00"
"7799111678958","429.999,00"
"7790894901417","299.999,00"
"7798137725776","17.999,00"
"7799111672079","34.999,30"
"7796941340017","269.999,00"
"7799111680067","45.499,30"
"7799111694620","469.999,00"
"7898620272197","3.399.999,00"
"7790894901790","259.999,00"
"7799111694651","369.999,00"
"7797026970013","749.999,00"
"7798111353421","16.799,30"
"7798192365238","22.049,30"
"7798384610962","38.499,30"
"7798137714329","14.999,00"
"7798137725233","18.999,00"
"7799111678941","289.999,00"
"7799111694637","279.999,00"
"7799111680074","55.999,30"
"7798137722058","17.499,30"
"7798111356637","949.999,00"
"7798137726469","9.999,00"
"7799111672697","46.199,30"
"7798137720078","9.999,00"
"7798192363333","41.999,30"
"7798111355166","79.999,00"
"7796941336447","349.999,00"
"7798137712455","12.999,00"
"7798111355180","159.999,00"
"7798384611433","55.999,30"
"7799111675049","219.999,00"
"7798325352869","11.999,00"
"7798137715654","7.999,00"
"7798325355525","24.999,00"
"7798137725899","16.799,30"
"7790894901622","799.999,00"
"7798137726155","17.999,00"
"7798137724830","34.999,00"
"7798137717085","4.999,00"
"7797026970303","4.999,00"
"7796962001997","2.599.999,00"
"7798111356668","459.999,00"
"7796941329425","5.299.999,00"
"7796962000594","349.999,00"
"7796962005889","1.299.999,00"
"7796941329777","799.999,00"
"7796962998310","185.499,30"
"7798137725769","19.999,00"
"7799145034942","44.999,00"
"7790894901974","349.999,00"
"7790894901868","259.999,00"
"7796962001027","1.299.999,00"
"7790894901844","219.999,00"
"7796962001348","899.999,00"
"7796962002178","349.999,00"
"7798137711168","3.181,99"
"7790894901721","699.999,00"
"7798317565628","69.999,00"
"7798137705020","23.999,00"
"7798137710598","10.499,30"
"7798137725882","17.499,30"
"7798137722164","149.999,00"
"7798137726322","49.999,00"
"7799111678439","525.999,00"
"7798137724243","13.999,00"
"7798111356682","659.999,00"
"7798137697523","5.999,00"
"7798111356675","179.999,00"
"7798137724335","24.999,00"
"7790894901783","259.999,00"
"7798111353414","13.999,30"
"7798366630452","38.499,30"
"7798111355968","439.999,00"
"7798111353391","34.999,30"
"7798137724731","5.599,30"
"7798111353384","34.999,30"
"7798137718020","49.999,00"
"7798137697646","6.999,00"
"7798137722935","99.999,00"
"7799111672130","41.999,30"
"7797026960731","6.999,30"
"7798137722683","99.999,00"
"7798137726049","6.999,00"
"7798137719126","5.999,00"
"7798137726285","34.999,00"
"7799111673823","239.999,00"
"7798137719348","199.999,00"
"7798366630476","38.499,30"
"7798137724984","17.999,00"
"7798137726315","49.999,00"
"7790894901882","1.299.999,00"
"7798137697653","9.999,00"
"7798137715937","4.199,30"
"7798137722157","299.999,00"
"7799111678446","669.999,00"
"7798384612232","45.499,30"
"7798111356651","539.999,00"
"7799111674899","219.999,00"
"7798137720085","9.999,00"
"7798366630445","69.299,30"
"7798137724168","7.999,00"
"7798192365252","22.049,30"
"7798192365115","4.199,30"
"7798137725875","17.499,30"
"7790894901837","219.999,00"
"7798325352500","14.999,00"
"7790894901769","599.999,00"
"7798137725837","17.499,30"
"7790894901967","399.999,00"
"7799111039261","449.994,00"
"7796941336416","499.999,00"
"7798137718389","5.409,55"
"7896020694823","24.999,50"
"7424785631182","39.999,50"
"7424785631151","59.999,50"
"7792435006698","3.639,35"
"7908009656132","16.249,35"
"7798155600499","3.249,35"
"7794008033230","3.219,00"
"7798104180935","974,35"
"7792435005004","7.311,85"
"7798104180942","974,35"
"7798104180928","974,35"
"7908009656149","16.249,35"
"7798104180652","5.719,35"
"7791914550868","7.549,00"
"7798104182281","1.624,35"
"7896020693949","24.999,50"
"7798155600093","3.249,35"
"7798104180539","3.314,35"
"7796819050000","1.624,35"
"7896020696100","67.499,50"
"7798155605289","3.249,35"
"7798155605234","3.249,35"
"7792435004137","5.199,35"
"7798155600109","3.249,35"
"7798104180140","2.144,35"
"7798155600123","3.249,35"
"7794008032462","9.559,00"
"7896020695066","24.999,50"
"7798135743598","9.749,35"
"7899871621741","46.799,35"
"7450077063829","26.259,35"
"7798104184070","6.694,35"
"7798155605227","3.249,35"
"7794008079153","7.799,35"
"7896020693802","24.999,50"
"7798104180966","974,35"
"7798155600079","3.249,35"
"7798104180959","974,35"
"7798104180300","3.704,35"
"7424785631168","29.999,50"
"7798104180645","2.469,35"
"7862024198117","7.799,35"
"7796846307283","10.999,00"
"7798155600734","3.249,35"
"7797336006778","15.599,35"
"7896020696124","67.499,50"
"7798104181130","6.499,35"
"7796819009046","16.899,35"
"7798104180683","4.159,35"
"7798155600314","3.249,35"
"7862024102206","3.899,35"
"7794008033209","16.129,00"
"7794635004184","18.199,35"
"7798155601335","14.559,35"
"7318688038714","47.999,00"
"7794635004894","11.699,35"
"7798094540030","22.949,00"
"7799035183170","19.499,35"
"7799145017983","9.999,00"
"7862024102251","48.749,35"
"7794008011955","11.699,35"
"7798362290247","38.387,40"
"7799035196422","13.649,35"
"7453008186932","181.999,34"
"7798362290254","38.387,40"
"7908009671609","18.199,35"
"7798155600024","12.999,35"
"7453008121506","10.399,35"
"7862024102220","11.699,35"
"7794635002067","11.049,35"
"7796819050024","6.499,35"
"7798104181215","5.329,35"
"7794008131004","38.999,35"
"7797336020309","16.899,35"
"7797336042103","45.499,35"
"7798104183066","5.524,35"
"7794008001482","8.449,35"
"7453105018334","25.992,85"
"7798135744069","19.499,35"
"7795357002465","599.999,00"
"7794008001765","7.799,35"
"7798354555644","8.999,50"
"7794635095243","14.299,35"
"7862024102244","9.749,35"
"7791882000037","19.669,00"
"7798354555637","9.359,50"
"7791882003380","15.299,00"
"7796846300000","2.999,00"
"7798166545826","39.999,00"
"7798018440538","6.499,00"
"7796343956021","4.499,00"
"7793583350305","2.399,00"
"7794912000045","5.299,00"
"7793583503008","2.399,00"
"7793583503022","2.399,00"
"7796846027013","6.999,00"
"7793583502384","2.399,00"
"7796734003150","16.999,00"
"7793583350015","2.399,00"
"7793583503169","2.399,00"
"7793583503503","2.399,00"
"7896211846079","17.999,00"
"7896211846086","13.999,00"
"7794912000168","13.999,00"
"7793583502469","2.399,00"
"7794297133550","3.519,00"
"7799145023311","21.999,00"
"7799145019611","16.999,00"
"7798090438348","89.999,40"
"7798090438331","98.399,40"
"7794008130403","25.589,00"
"7798362290278","69.536,35"
"7794008849350","64.999,35"
"7453008100921","97.499,35"
"7793583503138","2.399,00"
"7798002585597","6.759,35"
"7794297333523","3.479,00"
"7798090438324","98.399,40"
"7453077238211","36.789,35"
"7794635045248","12.349,35"
"7453105017047","27.104,35"
"7794635045200","12.349,35"
"7798362290261","41.586,35"
"7794008170744","51.999,35"
"7792435005080","3.086,85"
"7908009671883","19.499,35"
"7798104180973","954,85"
"7794635076037","11.699,35"
"7450077094496","45.492,85"
"7794008129001","32.499,35"
"7453008119114","90.999,35"
"7798142968397","25.993,50"
"7794008130908","29.249,35"
"7453008191226","97.499,35"
"7453008184747","168.999,34"
"7896965251884","46.799,35"
"7453105018426","38.993,50"
"7453105018464","13.649,35"
"7796819050086","7.799,35"
"7796785240405","20.226,53"
"7794008104206","36.769,00"
"7794008187247","32.499,35"
"7794635079021","15.599,35"
"7450077057491","31.199,35"
"7797336001032","7.344,35"
"7453008191257","84.499,35"
"7797336006709","17.549,35"
"7862024102411","19.499,35"
"7450077075020","27.299,35"
"7796819050079","5.849,35"
"7798104181185","3.348,15"
"7798104180676","4.867,85"
"7799035284150","14.299,35"
"7794008079115","8.449,35"
"7798104180270","4.549,35"
"7799035196231","35.099,35"
"7797336001025","18.199,35"
"7862024102329","11.699,35"
"7453077247138","38.993,50"
"7797336020316","12.349,35"
"7798135743628","11.049,35"
"7799035196262","35.099,35"
"7798104181239","11.699,35"
"7798131640907","27.299,35"
"7796819050123","7.799,35"
"7799035196750","35.099,35"
"7796819050048","7.799,35"
"7798104184179","4.679,35"
"7453077233247","42.119,35"
"7862024102275","48.749,35"
"7794021001001","4.999,00"
"7798104180386","7.149,35"
"7798104181147","3.964,35"
"7794008012617","19.499,35"
"7794008001772","3.899,35"
"7453008191233","97.499,35"
"7896211846062","9.999,00"
"7797276000065","64.999,00"
"7796734001149","67.999,00"
"7798128676322","13.344,50"
"7797506013766","149.999,00"
"7798277881486","12.026,46"
"7798354555651","9.544,50"
"7794912000151","10.499,00"
"7796733099093","17.999,00"
"7796733099109","16.999,00"
"7796734001316","34.999,00"
"7794021048341","8.499,00"
"7798094547787","13.399,00"
"7793583600691","2.399,00"
"7793583503336","2.399,00"
"7798094547794","13.399,00"
"7796734001033","9.999,00"
"7798034746362","7.399,00"
"7794783000199","14.999,00"
"7896211847168","19.999,00"
"7796625000022","12.499,00"
"7793735000157","3.899,00"
"7798038705747","122.299,00"
"7798439480014","131.999,00"
"7797411971793","153.999,00"
"7798038708168","134.199,00"
"7797411305277","189.999,00"
"7790911000192","9.524,25"
"7797411211547","340.999,00"
"7790911000390","7.949,25"
"7798439480144","143.999,00"
"7798038700728","53.994,00"
"7797411210243","164.999,00"
"7790911000222","9.899,25"
"7797411975999","252.999,00"
"7798317566250","4.399,00"
"7790911000048","4.599,00"
"7790400021813","14.699,00"
"7798082120107","179.999,00"
"7797411305864","318.999,00"
"7797411304621","329.999,00"
"7798439480168","167.999,00"
"7798082120718","199.999,00"
"7799034003134","69.999,00"
"7790627001247","11.099,00"
"7790627701314","7.699,00"
"7798160622714","3.299,00"
"7798160627979","9.799,00"
"7790520987136","9.069,00"
"7797411971540","164.999,00"
"7796399591450","46.999,00"
"7790400021806","9.399,00"
"7797411202422","505.999,00"
"7796399506553","8.999,00"
"7793921205977","42.999,00"
"7790911005043","9.749,25"
"7798421210179","3.999,00"
"7790911004077","3.524,25"
"7798082120565","169.999,00"
"7790400030358","13.999,00"
"7798090220035","4.299,00"
"7790715013121","9.599,00"
"7798317568742","4.799,00"
"7790968914671","69.999,00"
"7790911004541","11.924,25"
"7798317565192","47.994,00"
"7796399000570","7.299,00"
"7798082120602","179.999,00"
"7790911000284","8.624,25"
"7790911005500","2.699,25"
"7790911005104","6.674,25"
"7798317566786","2.399,00"
"7798038708571","42.199,00"
"7798038706324","12.299,00"
"7798317565864","3.599,00"
"7798164988137","164.999,00"
"7790911000185","6.149,25"
"7798421210315","9.999,00"
"7798421210209","3.999,00"
"7798421210070","12.999,00"
"7790911005593","7.199,25"
"7798016822237","219.999,00"
"7798090227461","3.799,00"
"7799111679771","87.999,00"
"7790627701567","5.299,00"
"7797411302139","351.999,00"
"7790911004091","3.524,25"
"7796399590514","17.799,00"
"7798090227690","3.799,00"
"7796399001539","9.599,00"
"7790715562773","23.399,00"
"7798025510774","3.899,00"
"7790911004763","6.524,25"
"7798095102022","54.599,00"
"7798090227058","3.799,00"
"7790911004923","7.049,25"
"7793416002197","7.199,00"
"7790911005487","8.924,25"
"7798421210094","12.999,00"
"7798090227478","3.799,00"
"7790968914718","129.999,00"
"7790911007443","7.274,25"
"7798421210100","12.999,00"
"7790911000031","5.699,25"
"7790627112103","9.199,00"
"7790911000024","7.499,25"
"7796399000129","12.799,00"
"7790627701512","16.599,00"
"7798421210346","5.999,00"
"7798421210421","5.999,00"
"7798421210278","3.999,00"
"7796399590958","7.499,00"
"7799034118883","59.999,00"
"7790911005067","7.499,25"
"7790627701697","6.699,00"
"7797411306137","164.999,00"
"7790911005159","5.024,25"
"7798090227683","3.799,00"
"7798160620949","5.099,00"
"7798090227089","3.799,00"
"7798038708175","41.399,00"
"7798317563358","16.799,00"
"7798317565185","65.999,00"
"7798317565222","65.999,00"
"7790911000239","3.749,25"
"7790968914664","19.999,00"
"7790968914657","49.999,00"
"7790627112226","12.299,00"
"7796399590927","7.499,00"
"7798439480175","179.999,00"
"7790711000125","13.499,00"
"7798016822268","208.999,00"
"7798421210483","9.999,00"
"7798317566199","4.999,00"
"7798317564027","13.099,00"
"7798421210452","14.999,00"
"7798317566168","17.399,00"
"7798317566205","11.999,00"
"7790627701796","8.999,00"
"7790911000178","20.774,25"
"7790627701581","5.499,00"
"7796399000907","7.499,00"
"7798421210285","11.999,00"
"7798090227171","5.109,30"
"7790911003384","10.499,25"
"7798090227072","3.799,00"
"7790911000260","8.624,25"
"7793416220195","8.399,00"
"7798421210254","3.999,00"
"7790911000093","7.199,25"
"7790911004053","3.524,25"
"7796399001119","7.499,00"
"7798317566212","8.599,00"
"7798317564447","4.799,00"
"7798421210049","12.999,00"
"7790715559575","15.399,00"
"7798317567080","35.999,00"
"7798317566236","14.199,00"
"7790911054218","8.474,25"
"7798160627825","4.399,00"
"7790911005203","8.099,25"
"7798090227423","10.399,00"
"7798317563389","15.399,00"
"7798166570033","169.999,00"
"7798166570095","229.999,00"
"7793921205885","24.699,00"
"7798317565208","59.999,00"
"7798095102756","101.919,30"
"7790627100698","16.699,00"
"7798317566557","9.599,00"
"7790968914626","18.999,00"
"7796399590552","18.599,00"
"7798095102015","16.299,00"
"7793921208954","40.499,00"
"7798095103234","27.999,00"
"7790911000406","7.349,25"
"7790627701550","10.399,00"
"7798317562559","48.399,00"
"7796399000761","7.299,00"
"7790711000774","5.899,00"
"7790627101244","11.399,00"
"7798421210308","11.999,00"
"7796399000112","13.899,00"
"7798317568339","8.033,59"
"7790627701505","16.599,00"
"7798160621892","2.499,00"
"7798317566281","11.999,00"
"7796399506218","9.399,00"
"7798090227119","21.499,00"
"7798160624084","4.799,00"
"7796399590187","13.999,00"
"7798164989349","274.999,00"
"7798421210360","5.999,00"
"7798137720139","9.999,00"
"7790911005579","9.299,25"
"7798090227706","3.799,00"
"7798317566939","53.999,00"
"7797339441064","197.999,00"
"7796399506775","9.999,00"
"7798317566229","6.499,00"
"7798421210056","12.999,00"
"7797411305239","439.999,00"
"7790911004022","3.524,25"
"7798421210445","5.999,00"
"7790627000141","4.899,00"
"7798317565758","3.799,00"
"7790627701574","3.799,00"
"7790627701673","8.774,25"
"7798317566373","6.499,00"
"7798090227133","7.999,00"
"7790911005029","11.999,25"
"7790911003223","4.124,25"
"7796399590606","7.499,00"
"7790911000291","8.624,25"
"7798421210247","3.999,00"
"7790911004879","8.474,25"
"7790911003254","4.124,25"
"7790911000123","17.474,25"
"7798038704955","15.299,00"
"7798317566243","19.199,00"
"7790911000437","8.624,25"
"7798160629355","8.699,00"
"7790715001906","9.699,00"
"7790911003360","10.499,25"
"7790911003247","4.124,25"
"7798317564454","8.699,00"
"7798090227492","3.799,00"
"7790911004510","11.924,25"
"7796399049821","9.999,00"
"7790911004718","6.524,25"
"7798090223425","5.599,30"
"7891414665076","124.599,00"
"7790968915265","12.999,00"
"7798160626194","23.999,00"
"7790968915289","12.999,00"
"7798317566595","14.399,00"
"7798095102817","48.199,00"
"7798317566496","10.799,00"
"7798317566533","14.299,00"
"7798166570064","199.999,00"
"7891414002888","36.399,00"
"7797411977375","184.469,27"
"7798317563396","15.399,00"
"7798317563341","21.599,00"
"7798068987717","3.674,50"
"7798317568315","10.543,94"
"7798090227416","6.509,30"
"7798421210506","9.999,00"
"7798317567103","15.785,45"
"7798323402214","13.199,00"
"7798038708670","22.699,00"
"7790627112332","13.499,00"
"7790968911533","9.999,00"
"7790627001223","11.099,00"
"7798317566342","3.599,00"
"7790627701772","10.399,00"
"7798421210520","32.999,00"
"7798160627993","4.799,00"
"7798421210544","8.999,00"
"7790627000714","11.799,00"
"7790627701543","10.399,00"
"7790627702250","11.699,00"
"7798317566502","13.199,00"
"7790627000202","9.199,00"
"7797411977672","334.506,22"
"7798317563174","9.599,00"
"7790627701529","16.599,00"
"7790627100537","9.199,00"
"7798317565314","10.799,00"
"7798421210322","11.999,00"
"7793921206028","139.999,00"
"7793921205915","48.599,00"
"7790627100445","10.124,25"
"7793921206127","13.899,00"
"7798421210391","5.999,00"
"7798439480205","191.999,00"
"7799111679795","46.999,00"
"7799111679818","81.999,00"
"7796399590989","7.499,00"
"7796399000587","10.299,00"
"7798164987192","186.999,00"
"7798317567073","46.799,00"
"7799111679801","54.999,00"
"7798421210032","12.999,00"
"7796399000563","10.299,00"
"7790911004046","35.999,00"
"7796399000747","12.399,00"
"7798439480236","203.999,00"
"7798016821339","362.999,00"
"7797411202323","274.999,00"
"7790911005210","8.849,25"
"7796399049807","9.999,00"
"7790911004060","3.524,25"
"7790911000154","13.799,25"
"7798090227027","7.999,00"
"7790911054126","7.799,25"
"7796399000921","7.499,00"
"7796399000099","17.499,00"
"7796399049708","9.999,00"
"7796399506331","8.399,00"
"7790911000352","14.774,25"
"7796399049692","9.999,00"
"7790911004770","6.524,25"
"7799111679788","134.999,00"
"7798317568193","23.999,00"
"7798090227041","3.799,00"
"7798421210063","12.999,00"
"7796399590163","12.399,00"
"7798038701268","15.299,00"
"7798090227270","10.499,00"
"7798090227195","7.299,00"
"7796399590439","21.799,00"
"7790911005050","11.999,25"
"7798090227034","7.999,00"
"7798421210377","5.999,00"
"7798090227317","10.799,00"
"7798421210025","12.999,00"
"7798090227218","6.899,00"
"7790911015592","7.199,25"
"7798421210018","12.999,00"
"7790911000383","6.749,25"
"7790911000376","6.749,25"
"7790911005197","8.174,25"
"7790911003261","4.124,25"
"7798317568186","11.999,00"
"7790911015196","8.549,25"
"7790911050203","4.649,25"
"7796399590521","20.099,00"
"7798090227263","8.699,00"
"7790911004817","8.474,25"
"7798090227508","3.799,00"
"7790911004862","8.474,25"
"7798317564522","19.199,00"
"7798421210261","3.999,00"
"7790911000215","8.399,25"
"7798008639348","15.999,00"
"7798421210216","3.999,00"
"7790911000277","8.624,25"
"7798317566618","12.099,00"
"7798421210193","3.999,00"
"7798323402221","13.199,00"
"7790715013152","11.699,00"
"7798090227300","5.599,00"
"7796399590965","7.499,00"
"7798090227232","5.399,00"
"7798421210087","12.999,00"
"7798090227003","7.999,00"
"7798090227201","5.999,00"
"7790627112608","36.799,00"
"7798421210223","3.999,00"
"7798421210117","12.999,00"
"7790715561936","9.699,00"
"7798038701275","12.199,00"
"7798095102350","27.999,00"
"7798317566540","13.199,00"
"7798160621007","4.499,25"
"7798317566564","8.799,00"
"7798317565161","59.999,00"
"7798317566601","12.099,00"
"7798160626187","22.799,00"
"7798317566526","9.899,00"
"7798095103241","90.199,00"
"7790911007368","65.999,00"
"7798160621069","21.799,00"
"7798317568285","20.605,42"
"7798317562498","48.399,00"
"7790968915241","9.899,00"
"7798090220844","7.999,00"
"7790627702526","36.799,00"
"7790627702274","22.699,00"
"7790627702496","16.599,00"
"7798068987700","3.149,50"
"7798317568308","20.605,42"
"7891414547426","11.699,00"
"7798317568292","20.605,42"
"7790627101732","7.699,00"
"7798317566588","12.499,00"
"7798317562467","48.399,00"
"7798421210476","14.999,00"
"7798421210490","9.999,00"
"7796399049968","9.749,25"
"7798317566366","29.999,00"
"7798317566007","27.499,00"
"7798008630055","11.999,25"
"7790911000307","5.024,25"
"7798323402252","13.199,00"
"7798008631083","15.999,00"
"7790627112622","36.799,00"
"7790627702267","17.799,00"
"7798317562528","48.399,00"
"7798323402238","13.199,00"
"7798068984037","4.199,00"
"7798317562481","52.799,00"
"7798317562542","52.799,00"
"7798317566519","11.999,00"
"7798068986604","10.199,00"
"7790627112424","8.599,00"
"7798317566267","32.699,00"
"7798421210537","32.999,00"
"7798317562504","52.799,00"
"7790627112219","10.399,00"
"7798317562535","52.799,00"
"7798421210469","14.999,00"
"7790627112615","36.799,00"
"7798323402245","13.199,00"
"7798008632066","15.999,00"
"7798317562474","52.799,00"
"7796399000211","7.999,00"
"7798421210568","11.999,00"
"7798317565857","3.599,00"
"7798421210339","11.999,00"
"7798160621014","9.599,00"
"7798323402269","13.199,00"
"7798317566182","21.799,00"
"7796399590538","16.299,00"
"7798317564539","15.599,00"
"7798317566335","3.599,00"
"7790627701536","10.399,00"
"7798008639430","15.999,00"
"7798317566359","3.599,00"
"7798008639676","15.999,00"
"7798421210292","11.999,00"
"7798068981135","2.799,00"
"7798454132356","0,00"
"7909510827028","0,00"
"7891261102892","0,00"
"7900204004794","10.199,40"
"7798454132219","0,00"
"7799048182528","0,00"
"7798417369546","7.499,50"
"7798454132158","0,00"
"7799048182641","0,00"
"7909510827042","0,00"
"7909510827004","0,00"
"7798417369430","7.499,50"
"7798454132325","0,00"
"7900204004831","10.199,40"
"7798454132233","0,00"
"7798454132066","0,00"
"7799048182474","0,00"
"7909510827011","0,00"
"7799048183228","0,00"
"7798454131953","0,00"
"7798454132035","0,00"
"7798417369508","7.499,50"
"7798454132189","0,00"
"7798454132028","0,00"
"7792485531591","0,00"
"7909510827080","0,00"
"7799048182450","0,00"
"7799048183242","0,00"
"7900204004770","10.199,40"
"7799048183143","0,00"
"7798454132196","0,00"
"7792485531492","0,00"
"7798454132141","0,00"
"7900204004817","10.199,40"
"7798454132059","0,00"
"7799048183211","0,00"
"7792485530846","0,00"
"7799048183136","0,00"
"7900204004824","10.199,40"
"7798454132370","0,00"
"7799048182627","0,00"
"7799048182726","0,00"
"7798417369560","7.499,50"
"7798454132387","0,00"
"7798454132165","0,00"
"7799048183198","0,00"
"7798454132042","0,00"
"7792485530860","0,00"
"7909510827059","0,00"
"7799048182382","0,00"
"7799048182702","0,00"
"7799048182504","0,00"
"7909510826984","0,00"
"7798454132004","0,00"
"7900204004978","10.199,40"
"7799048182740","0,00"
"7799048182757","0,00"
"7799048182771","0,00"
"7798454132134","0,00"
"7799082083096","0,00"
"7799048182511","0,00"
"7798417369539","7.499,50"
"7798454132318","0,00"
"7799048182719","0,00"
"7798417369492","7.499,50"
"7798454132226","0,00"
"7798454132110","0,00"
"7798454131922","0,00"
"7792485530839","0,00"
"7900204004992","10.199,40"
"7900204004749","10.199,40"
"7798454131977","0,00"
"7798417369454","7.499,50"
"7900204004756","10.199,40"
"7798454132103","0,00"
"7798454131946","0,00"
"7799048182467","0,00"
"7799048182405","0,00"
"7799048182535","0,00"
"7799048182764","0,00"
"7798454132080","0,00"
"7799048183129","0,00"
"7798454132363","0,00"
"7799048183167","0,00"
"7798417369447","7.499,50"
"7909510827073","0,00"
"7798168141781","2.799,00"
"7798417369478","7.499,50"
"7799048182689","0,00"
"7799048182498","0,00"
"7798454132172","0,00"
"7900204004800","10.199,40"
"7799082083065","0,00"
"7799082083119","0,00"
"7792485530945","0,00"
"7799048183181","0,00"
"7799082083133","0,00"
"7792485530990","0,00"
"7798454132288","0,00"
"7798417369423","7.499,50"
"7798454131915","0,00"
"7798454132301","0,00"
"7799048182672","0,00"
"7799082083072","0,00"
"7792485530952","0,00"
"7798454132264","0,00"
"7799048183259","0,00"
"7799048182733","0,00"
"7799048183150","0,00"
"7799048183112","0,00"
"7798454132240","0,00"
"7798417369522","7.499,50"
"7799048182665","0,00"
"7891261102908","0,00"
"7798417369515","7.499,50"
"7799048182443","0,00"
"7891261102939","0,00"
"7798417369416","7.499,50"
"7900204004763","10.199,40"
"7799082083126","0,00"
"7798454131960","0,00"
"7799048182634","0,00"
"7799048182658","0,00"
"7792485530983","0,00"
"7798454131984","0,00"
"7792485530877","0,00"
"7798417369553","7.499,50"
"7799048182429","0,00"
"7798417369461","7.499,50"
"7792485531003","0,00"
"7798454132073","0,00"
"7792485530976","0,00"
"7798454131939","0,00"
"7799048182436","0,00"
"7900204005012","10.199,40"
"7798454131991","0,00"
"7799048182399","0,00"
"7900204004732","10.199,40"
"7798454132202","0,00"
"7798417369485","7.499,50"
"7900204005005","10.199,40"
"7799048182696","0,00"
"7792485531607","0,00"
"7792485530884","0,00"
"7798454132011","0,00"
"7799048182412","0,00"
"7799048183204","0,00"
"7798454132097","0,00"
"7909510826991","0,00"
"7799048182481","0,00"
"7798454132349","0,00"
"7792485531508","0,00"
"7799082083102","0,00"
"7900204004985","10.199,40"
"7799082083089","0,00"
"7909510827066","0,00"
"7792485530853","0,00"
"7798454132332","0,00"
"7891261102922","0,00"
"7799048183174","0,00"
"7799048183105","0,00"
"7799048183235","0,00"
"7798454132271","0,00"
"7798454132295","0,00"
"7891261102915","0,00"
"7798454132127","0,00"
"7798454132257","0,00"
"7909937868178","0,00"
"7799082082990","7.999,50"
"7909806772308","0,00"
"7798009019217","2.999,00"
"7909937294359","0,00"
"7900204505901","0,00"
"7900204475730","0,00"
"7909937896591","0,00"
"7909937868185","0,00"
"7799048165774","0,00"
"7799048165767","0,00"
"7909937868192","0,00"
"7900204354820","0,00"
"7909937861124","0,00"
"7900204475723","0,00"
"7900204505918","0,00"
"7900204475754","0,00"
"7900204475747","0,00"
"7909937868130","0,00"
"7799048165736","0,00"
"7900204475716","0,00"
"7909806772292","0,00"
"7799131075287","0,00"
"7799131075263","0,00"
"7799048165835","0,00"
"7799082083164","0,00"
"7799131075898","0,00"
"7793617066028","2.599,00"
"7799048165750","0,00"
"7799048165866","0,00"
"7797080201009","4.599,00"
"7909937294168","0,00"
"7909937861100","0,00"
"7909806772322","0,00"
"7799082083188","0,00"
"7799082083157","0,00"
"7797080402147","3.199,00"
"7909937294366","0,00"
"7799131075980","0,00"
"7900204354783","0,00"
"7799131075294","0,00"
"7799048165859","0,00"
"7798009019392","2.999,00"
"7909937294175","0,00"
"7909937294328","0,00"
"7909937294373","0,00"
"7799131075904","0,00"
"7909937294144","0,00"
"7799131075935","0,00"
"7799131075270","0,00"
"7909937868147","0,00"
"7799131075973","0,00"
"7799082083171","0,00"
"7799082083201","0,00"
"7799082083034","7.999,50"
"7799082083027","7.999,50"
"7909937294380","0,00"
"7799082083041","7.999,50"
"7798168143150","3.499,00"
"7799131075928","0,00"
"7909806772339","0,00"
"7909937896607","0,00"
"7799048165743","0,00"
"7900204354813","0,00"
"7799048165842","0,00"
"7909937294335","0,00"
"7799131075911","0,00"
"7799082083140","0,00"
"7900204505925","0,00"
"7799048165811","0,00"
"7909937896614","0,00"
"7909806772315","0,00"
"7900204505895","0,00"
"7909937896584","0,00"
"7900204354790","0,00"
"7799063630325","2.999,00"
"7798168143129","3.499,00"
"7909937861117","0,00"
"7909937294342","0,00"
"7799131075324","0,00"
"7900204505888","0,00"
"7799131075317","0,00"
"7799131075300","0,00"
"7900204354844","0,00"
"7799082083010","7.999,50"
"7909937861087","0,00"
"7909937896621","0,00"
"7799082083058","7.999,50"
"7799082083195","0,00"
"7799048165781","0,00"
"7909937868161","0,00"
"7909937861131","0,00"
"7909937294113","0,00"
"7909937861094","0,00"
"7900204354806","0,00"
"7900204354837","0,00"
"7799048165873","0,00"
"7798168143174","3.499,00"
"7909937294120","0,00"
"7909937294151","0,00"
"7799082083003","7.999,50"
"7799048165798","0,00"
"7799082082983","7.999,50"
"7909937868154","0,00"
"7909937294137","0,00"
"7799048165828","0,00"
"7799174014755","0,00"
"7797080402789","4.599,00"
"7798168141767","8.899,00"
"7798168143136","3.499,00"
"7799174014717","0,00"
"7798009019187","2.999,00"
"7799174014700","0,00"
"7799174014687","0,00"
"7797080000251","3.799,00"
"7798168143273","0,00"
"7799174014762","0,00"
"7798168143211","0,00"
"7799174014670","0,00"
"7798168143228","0,00"
"7799174014748","0,00"
"7798168141941","2.099,00"
"7798168143235","0,00"
"7798168143280","0,00"
"7798168143259","0,00"
"7797080404776","3.399,00"
"7798168143266","0,00"
"7793617065922","2.599,00"
"7793617112978","8.399,00"
"7797080404806","3.999,00"
"7799174014694","0,00"
"7799174014731","0,00"
"7798009019194","2.999,00"
"7797080402413","3.799,00"
"7798168141934","2.099,00"
"7799174014724","0,00"
"7793617066004","2.599,00"
"7793617225142","3.399,00"
"7798168143242","0,00"
"7799082082952","12.499,50"
"7799082082921","12.499,50"
"7799145024639","14.999,40"
"7799082082969","12.499,50"
"7798168141927","2.099,00"
"7793617197562","4.299,00"
"7799063630226","2.999,00"
"7799082082976","12.499,50"
"7799082082907","12.499,50"
"7797774742214","15.999,00"
"7798168141965","3.899,00"
"7793617112893","5.599,00"
"7798417369621","7.499,50"
"7798009019163","2.999,00"
"7793617193588","2.999,00"
"7799082082945","12.499,50"
"7793617065939","2.599,00"
"7799082082914","12.499,50"
"7799082082938","12.499,50"
"7797080405018","3.999,00"
"7900204032919","0,00"
"7900204473583","0,00"
"7909937845995","0,00"
"7909937845971","0,00"
"7797080403328","9.799,00"
"7900204032933","0,00"
"7793617104706","6.599,00"
"7798168143082","3.499,00"
"7909937845964","0,00"
"7900204118088","0,00"
"7909937845988","0,00"
"7799035026446","34.999,00"
"7900204256339","0,00"
"7900204118071","0,00"
"7900204118064","0,00"
"7900204118057","0,00"
"7900204032889","0,00"
"7797080402321","4.199,00"
"7900204473620","0,00"
"7900204256353","0,00"
"7900204473606","0,00"
"7900204473613","0,00"
"7797080009506","5.199,00"
"7900204473576","0,00"
"7797080402796","3.799,00"
"7900204032926","0,00"
"7900204032896","0,00"
"7797080403298","9.199,00"
"7797080403922","4.799,00"
"7900204473644","0,00"
"7900204256315","0,00"
"7900204473590","0,00"
"7900204473637","0,00"
"7900204032902","0,00"
"7793617312149","8.999,00"
"7900204256322","0,00"
"7900204256346","0,00"
"7900204256360","0,00"
"7798454130543","0,00"
"7798143385544","26.999,40"
"7798454134268","0,00"
"7798143385551","18.049,00"
"7799145028040","35.999,40"
"7798454130758","0,00"
"7799145026763","31.799,40"
"7798454134275","0,00"
"7798454130406","0,00"
"7798454130505","0,00"
"7798454130444","0,00"
"7799174014281","9.999,50"
"7798454130673","0,00"
"7799174014304","9.999,50"
"7798454130796","0,00"
"7798454130574","0,00"
"7798454130864","0,00"
"7798454130765","0,00"
"7798454130420","0,00"
"7798454130598","0,00"
"7798454130697","0,00"
"7798454130680","0,00"
"7798454130345","0,00"
"7798454130871","0,00"
"7799145024585","24.999,00"
"7798454130321","0,00"
"7798454130451","0,00"
"7798454130390","0,00"
"7799174014311","9.999,50"
"7798454130819","0,00"
"7798454130857","0,00"
"7798454130314","0,00"
"7799145028705","32.999,40"
"7798454130482","0,00"
"7798454130338","0,00"
"7799174014915","9.999,50"
"7798454130772","0,00"
"7799145029399","24.999,00"
"7798454130666","0,00"
"7798454130840","0,00"
"7798454130512","0,00"
"7798454130475","0,00"
"7799174014298","9.999,50"
"7798454130659","0,00"
"7798454130376","0,00"
"7798454134237","0,00"
"7798454134251","0,00"
"7798454130727","0,00"
"7798454130581","0,00"
"7798454130413","0,00"
"7798454130437","0,00"
"7799174014939","9.999,50"
"7798454130352","0,00"
"7799174014922","9.999,50"
"7798454130499","0,00"
"7798454130536","0,00"
"7798454130369","0,00"
"7798454134244","0,00"
"7798454130529","0,00"
"7799145029757","10.199,40"
"7798454130550","0,00"
"7798454130604","0,00"
"7798454130789","0,00"
"7799145024257","8.999,40"
"7798454130383","0,00"
"7798454130567","0,00"
"7798454130734","0,00"
"7798454130611","0,00"
"7798454130833","0,00"
"7798454130826","0,00"
"7798454130628","0,00"
"7798454130741","0,00"
"7798454130468","0,00"
"7798454130703","0,00"
"7798454130710","0,00"
"7798454130642","0,00"
"7798454130635","0,00"
"7799145030067","7.199,40"
"7793617197548","4.299,00"
"7793617148571","8.699,00"
"7793617163284","3.499,00"
"7792485657949","4.999,00"
"7793617112909","5.599,00"
"7793617148564","8.699,00"
"7793617163246","8.399,00"
"7793617198736","4.199,00"
"7793617198743","4.199,00"
"7793617112886","5.599,00"
"7798009019224","2.999,00"
"7793617124230","4.999,00"
"7793617198729","4.199,00"
"7798168143143","3.499,00"
"7793617163260","8.699,00"
"7798168143105","3.499,00"
"7797080000015","3.499,00"
"7909937223533","0,00"
"7909937830069","0,00"
"7900204378833","0,00"
"7909937830052","0,00"
"7909937223571","0,00"
"7909937223526","0,00"
"7909937232481","0,00"
"7909937232610","0,00"
"7900204378895","0,00"
"7909937232528","0,00"
"7900204378857","0,00"
"7909937232634","0,00"
"7909937223540","0,00"
"7909937223564","0,00"
"7909937232603","0,00"
"7909937830083","0,00"
"7909937232511","0,00"
"7909937223557","0,00"
"7900204378840","0,00"
"7909937830090","0,00"
"7900204378864","0,00"
"7909937232498","0,00"
"7909937223519","0,00"
"7909937232627","0,00"
"7909937232504","0,00"
"7909937232641","0,00"
"7900204378871","0,00"
"7909937830076","0,00"
"7900204378888","0,00"
